Date,Unemployment Rate
2009-01-01,6.7
2009-02-01,6.7
2009-03-01,6.7
2009-04-01,6.7
2009-05-01,6.7
2009-06-01,6.7
2009-07-01,6.7
2009-08-01,6.7
2009-09-01,6.7
2009-10-01,6.7
2009-11-01,6.7
2009-12-01,6.7
2009-13-01,6.7
2009-14-01,6.7
2009-15-01,6.7
2009-16-01,6.7
2009-17-01,6.7
2009-18-01,6.7
2009-19-01,6.7
2009-20-01,6.7
2009-21-01,6.7
2009-22-01,6.7
2009-23-01,6.7
2009-24-01,6.7
2009-25-01,6.7
2009-26-01,6.7
2009-27-01,6.7
2009-28-01,6.7
2009-29-01,6.7
2009-30-01,6.7
2009-31-01,6.7
2009-01-02,7.7
2009-02-02,7.7
2009-03-02,7.7
2009-04-02,7.7
2009-05-02,7.7
2009-06-02,7.7
2009-07-02,7.7
2009-08-02,7.7
2009-09-02,7.7
2009-10-02,7.7
2009-11-02,7.7
2009-12-02,7.7
2009-13-02,7.7
2009-14-02,7.7
2009-15-02,7.7
2009-16-02,7.7
2009-17-02,7.7
2009-18-02,7.7
2009-19-02,7.7
2009-20-02,7.7
2009-21-02,7.7
2009-22-02,7.7
2009-23-02,7.7
2009-24-02,7.7
2009-25-02,7.7
2009-26-02,7.7
2009-27-02,7.7
2009-28-02,7.7
2009-01-03,7.1
2009-02-03,7.1
2009-03-03,7.1
2009-04-03,7.1
2009-05-03,7.1
2009-06-03,7.1
2009-07-03,7.1
2009-08-03,7.1
2009-09-03,7.1
2009-10-03,7.1
2009-11-03,7.1
2009-12-03,7.1
2009-13-03,7.1
2009-14-03,7.1
2009-15-03,7.1
2009-16-03,7.1
2009-17-03,7.1
2009-18-03,7.1
2009-19-03,7.1
2009-20-03,7.1
2009-21-03,7.1
2009-22-03,7.1
2009-23-03,7.1
2009-24-03,7.1
2009-25-03,7.1
2009-26-03,7.1
2009-27-03,7.1
2009-28-03,7.1
2009-29-03,7.1
2009-30-03,7.1
2009-31-03,7.1
2009-01-04,6.8
2009-02-04,6.8
2009-03-04,6.8
2009-04-04,6.8
2009-05-04,6.8
2009-06-04,6.8
2009-07-04,6.8
2009-08-04,6.8
2009-09-04,6.8
2009-10-04,6.8
2009-11-04,6.8
2009-12-04,6.8
2009-13-04,6.8
2009-14-04,6.8
2009-15-04,6.8
2009-16-04,6.8
2009-17-04,6.8
2009-18-04,6.8
2009-19-04,6.8
2009-20-04,6.8
2009-21-04,6.8
2009-22-04,6.8
2009-23-04,6.8
2009-24-04,6.8
2009-25-04,6.8
2009-26-04,6.8
2009-27-04,6.8
2009-28-04,6.8
2009-29-04,6.8
2009-30-04,6.8
2009-01-05,7.0
2009-02-05,7.0
2009-03-05,7.0
2009-04-05,7.0
2009-05-05,7.0
2009-06-05,7.0
2009-07-05,7.0
2009-08-05,7.0
2009-09-05,7.0
2009-10-05,7.0
2009-11-05,7.0
2009-12-05,7.0
2009-13-05,7.0
2009-14-05,7.0
2009-15-05,7.0
2009-16-05,7.0
2009-17-05,7.0
2009-18-05,7.0
2009-19-05,7.0
2009-20-05,7.0
2009-21-05,7.0
2009-22-05,7.0
2009-23-05,7.0
2009-24-05,7.0
2009-25-05,7.0
2009-26-05,7.0
2009-27-05,7.0
2009-28-05,7.0
2009-29-05,7.0
2009-30-05,7.0
2009-31-05,7.0
2009-01-06,7.6
2009-02-06,7.6
2009-03-06,7.6
2009-04-06,7.6
2009-05-06,7.6
2009-06-06,7.6
2009-07-06,7.6
2009-08-06,7.6
2009-09-06,7.6
2009-10-06,7.6
2009-11-06,7.6
2009-12-06,7.6
2009-13-06,7.6
2009-14-06,7.6
2009-15-06,7.6
2009-16-06,7.6
2009-17-06,7.6
2009-18-06,7.6
2009-19-06,7.6
2009-20-06,7.6
2009-21-06,7.6
2009-22-06,7.6
2009-23-06,7.6
2009-24-06,7.6
2009-25-06,7.6
2009-26-06,7.6
2009-27-06,7.6
2009-28-06,7.6
2009-29-06,7.6
2009-30-06,7.6
2009-01-07,7.5
2009-02-07,7.5
2009-03-07,7.5
2009-04-07,7.5
2009-05-07,7.5
2009-06-07,7.5
2009-07-07,7.5
2009-08-07,7.5
2009-09-07,7.5
2009-10-07,7.5
2009-11-07,7.5
2009-12-07,7.5
2009-13-07,7.5
2009-14-07,7.5
2009-15-07,7.5
2009-16-07,7.5
2009-17-07,7.5
2009-18-07,7.5
2009-19-07,7.5
2009-20-07,7.5
2009-21-07,7.5
2009-22-07,7.5
2009-23-07,7.5
2009-24-07,7.5
2009-25-07,7.5
2009-26-07,7.5
2009-27-07,7.5
2009-28-07,7.5
2009-29-07,7.5
2009-30-07,7.5
2009-31-07,7.5
2009-01-08,6.9
2009-02-08,6.9
2009-03-08,6.9
2009-04-08,6.9
2009-05-08,6.9
2009-06-08,6.9
2009-07-08,6.9
2009-08-08,6.9
2009-09-08,6.9
2009-10-08,6.9
2009-11-08,6.9
2009-12-08,6.9
2009-13-08,6.9
2009-14-08,6.9
2009-15-08,6.9
2009-16-08,6.9
2009-17-08,6.9
2009-18-08,6.9
2009-19-08,6.9
2009-20-08,6.9
2009-21-08,6.9
2009-22-08,6.9
2009-23-08,6.9
2009-24-08,6.9
2009-25-08,6.9
2009-26-08,6.9
2009-27-08,6.9
2009-28-08,6.9
2009-29-08,6.9
2009-30-08,6.9
2009-31-08,6.9
2009-01-09,6.1
2009-02-09,6.1
2009-03-09,6.1
2009-04-09,6.1
2009-05-09,6.1
2009-06-09,6.1
2009-07-09,6.1
2009-08-09,6.1
2009-09-09,6.1
2009-10-09,6.1
2009-11-09,6.1
2009-12-09,6.1
2009-13-09,6.1
2009-14-09,6.1
2009-15-09,6.1
2009-16-09,6.1
2009-17-09,6.1
2009-18-09,6.1
2009-19-09,6.1
2009-20-09,6.1
2009-21-09,6.1
2009-22-09,6.1
2009-23-09,6.1
2009-24-09,6.1
2009-25-09,6.1
2009-26-09,6.1
2009-27-09,6.1
2009-28-09,6.1
2009-29-09,6.1
2009-30-09,6.1
2009-01-10,6.8
2009-02-10,6.8
2009-03-10,6.8
2009-04-10,6.8
2009-05-10,6.8
2009-06-10,6.8
2009-07-10,6.8
2009-08-10,6.8
2009-09-10,6.8
2009-10-10,6.8
2009-11-10,6.8
2009-12-10,6.8
2009-13-10,6.8
2009-14-10,6.8
2009-15-10,6.8
2009-16-10,6.8
2009-17-10,6.8
2009-18-10,6.8
2009-19-10,6.8
2009-20-10,6.8
2009-21-10,6.8
2009-22-10,6.8
2009-23-10,6.8
2009-24-10,6.8
2009-25-10,6.8
2009-26-10,6.8
2009-27-10,6.8
2009-28-10,6.8
2009-29-10,6.8
2009-30-10,6.8
2009-31-10,6.8
2009-01-11,6.8
2009-02-11,6.8
2009-03-11,6.8
2009-04-11,6.8
2009-05-11,6.8
2009-06-11,6.8
2009-07-11,6.8
2009-08-11,6.8
2009-09-11,6.8
2009-10-11,6.8
2009-11-11,6.8
2009-12-11,6.8
2009-13-11,6.8
2009-14-11,6.8
2009-15-11,6.8
2009-16-11,6.8
2009-17-11,6.8
2009-18-11,6.8
2009-19-11,6.8
2009-20-11,6.8
2009-21-11,6.8
2009-22-11,6.8
2009-23-11,6.8
2009-24-11,6.8
2009-25-11,6.8
2009-26-11,6.8
2009-27-11,6.8
2009-28-11,6.8
2009-29-11,6.8
2009-30-11,6.8
2009-01-12,7.0
2009-02-12,7.0
2009-03-12,7.0
2009-04-12,7.0
2009-05-12,7.0
2009-06-12,7.0
2009-07-12,7.0
2009-08-12,7.0
2009-09-12,7.0
2009-10-12,7.0
2009-11-12,7.0
2009-12-12,7.0
2009-13-12,7.0
2009-14-12,7.0
2009-15-12,7.0
2009-16-12,7.0
2009-17-12,7.0
2009-18-12,7.0
2009-19-12,7.0
2009-20-12,7.0
2009-21-12,7.0
2009-22-12,7.0
2009-23-12,7.0
2009-24-12,7.0
2009-25-12,7.0
2009-26-12,7.0
2009-27-12,7.0
2009-28-12,7.0
2009-29-12,7.0
2009-30-12,7.0
2009-31-12,7.0
2010-01-01,8.8
2010-02-01,8.8
2010-03-01,8.8
2010-04-01,8.8
2010-05-01,8.8
2010-06-01,8.8
2010-07-01,8.8
2010-08-01,8.8
2010-09-01,8.8
2010-10-01,8.8
2010-11-01,8.8
2010-12-01,8.8
2010-13-01,8.8
2010-14-01,8.8
2010-15-01,8.8
2010-16-01,8.8
2010-17-01,8.8
2010-18-01,8.8
2010-19-01,8.8
2010-20-01,8.8
2010-21-01,8.8
2010-22-01,8.8
2010-23-01,8.8
2010-24-01,8.8
2010-25-01,8.8
2010-26-01,8.8
2010-27-01,8.8
2010-28-01,8.8
2010-29-01,8.8
2010-30-01,8.8
2010-31-01,8.8
2010-01-02,8.7
2010-02-02,8.7
2010-03-02,8.7
2010-04-02,8.7
2010-05-02,8.7
2010-06-02,8.7
2010-07-02,8.7
2010-08-02,8.7
2010-09-02,8.7
2010-10-02,8.7
2010-11-02,8.7
2010-12-02,8.7
2010-13-02,8.7
2010-14-02,8.7
2010-15-02,8.7
2010-16-02,8.7
2010-17-02,8.7
2010-18-02,8.7
2010-19-02,8.7
2010-20-02,8.7
2010-21-02,8.7
2010-22-02,8.7
2010-23-02,8.7
2010-24-02,8.7
2010-25-02,8.7
2010-26-02,8.7
2010-27-02,8.7
2010-28-02,8.7
2010-01-03,8.5
2010-02-03,8.5
2010-03-03,8.5
2010-04-03,8.5
2010-05-03,8.5
2010-06-03,8.5
2010-07-03,8.5
2010-08-03,8.5
2010-09-03,8.5
2010-10-03,8.5
2010-11-03,8.5
2010-12-03,8.5
2010-13-03,8.5
2010-14-03,8.5
2010-15-03,8.5
2010-16-03,8.5
2010-17-03,8.5
2010-18-03,8.5
2010-19-03,8.5
2010-20-03,8.5
2010-21-03,8.5
2010-22-03,8.5
2010-23-03,8.5
2010-24-03,8.5
2010-25-03,8.5
2010-26-03,8.5
2010-27-03,8.5
2010-28-03,8.5
2010-29-03,8.5
2010-30-03,8.5
2010-31-03,8.5
2010-01-04,7.7
2010-02-04,7.7
2010-03-04,7.7
2010-04-04,7.7
2010-05-04,7.7
2010-06-04,7.7
2010-07-04,7.7
2010-08-04,7.7
2010-09-04,7.7
2010-10-04,7.7
2010-11-04,7.7
2010-12-04,7.7
2010-13-04,7.7
2010-14-04,7.7
2010-15-04,7.7
2010-16-04,7.7
2010-17-04,7.7
2010-18-04,7.7
2010-19-04,7.7
2010-20-04,7.7
2010-21-04,7.7
2010-22-04,7.7
2010-23-04,7.7
2010-24-04,7.7
2010-25-04,7.7
2010-26-04,7.7
2010-27-04,7.7
2010-28-04,7.7
2010-29-04,7.7
2010-30-04,7.7
2010-01-05,8.0
2010-02-05,8.0
2010-03-05,8.0
2010-04-05,8.0
2010-05-05,8.0
2010-06-05,8.0
2010-07-05,8.0
2010-08-05,8.0
2010-09-05,8.0
2010-10-05,8.0
2010-11-05,8.0
2010-12-05,8.0
2010-13-05,8.0
2010-14-05,8.0
2010-15-05,8.0
2010-16-05,8.0
2010-17-05,8.0
2010-18-05,8.0
2010-19-05,8.0
2010-20-05,8.0
2010-21-05,8.0
2010-22-05,8.0
2010-23-05,8.0
2010-24-05,8.0
2010-25-05,8.0
2010-26-05,8.0
2010-27-05,8.0
2010-28-05,8.0
2010-29-05,8.0
2010-30-05,8.0
2010-31-05,8.0
2010-01-06,9.3
2010-02-06,9.3
2010-03-06,9.3
2010-04-06,9.3
2010-05-06,9.3
2010-06-06,9.3
2010-07-06,9.3
2010-08-06,9.3
2010-09-06,9.3
2010-10-06,9.3
2010-11-06,9.3
2010-12-06,9.3
2010-13-06,9.3
2010-14-06,9.3
2010-15-06,9.3
2010-16-06,9.3
2010-17-06,9.3
2010-18-06,9.3
2010-19-06,9.3
2010-20-06,9.3
2010-21-06,9.3
2010-22-06,9.3
2010-23-06,9.3
2010-24-06,9.3
2010-25-06,9.3
2010-26-06,9.3
2010-27-06,9.3
2010-28-06,9.3
2010-29-06,9.3
2010-30-06,9.3
2010-01-07,8.9
2010-02-07,8.9
2010-03-07,8.9
2010-04-07,8.9
2010-05-07,8.9
2010-06-07,8.9
2010-07-07,8.9
2010-08-07,8.9
2010-09-07,8.9
2010-10-07,8.9
2010-11-07,8.9
2010-12-07,8.9
2010-13-07,8.9
2010-14-07,8.9
2010-15-07,8.9
2010-16-07,8.9
2010-17-07,8.9
2010-18-07,8.9
2010-19-07,8.9
2010-20-07,8.9
2010-21-07,8.9
2010-22-07,8.9
2010-23-07,8.9
2010-24-07,8.9
2010-25-07,8.9
2010-26-07,8.9
2010-27-07,8.9
2010-28-07,8.9
2010-29-07,8.9
2010-30-07,8.9
2010-31-07,8.9
2010-01-08,8.7
2010-02-08,8.7
2010-03-08,8.7
2010-04-08,8.7
2010-05-08,8.7
2010-06-08,8.7
2010-07-08,8.7
2010-08-08,8.7
2010-09-08,8.7
2010-10-08,8.7
2010-11-08,8.7
2010-12-08,8.7
2010-13-08,8.7
2010-14-08,8.7
2010-15-08,8.7
2010-16-08,8.7
2010-17-08,8.7
2010-18-08,8.7
2010-19-08,8.7
2010-20-08,8.7
2010-21-08,8.7
2010-22-08,8.7
2010-23-08,8.7
2010-24-08,8.7
2010-25-08,8.7
2010-26-08,8.7
2010-27-08,8.7
2010-28-08,8.7
2010-29-08,8.7
2010-30-08,8.7
2010-31-08,8.7
2010-01-09,7.5
2010-02-09,7.5
2010-03-09,7.5
2010-04-09,7.5
2010-05-09,7.5
2010-06-09,7.5
2010-07-09,7.5
2010-08-09,7.5
2010-09-09,7.5
2010-10-09,7.5
2010-11-09,7.5
2010-12-09,7.5
2010-13-09,7.5
2010-14-09,7.5
2010-15-09,7.5
2010-16-09,7.5
2010-17-09,7.5
2010-18-09,7.5
2010-19-09,7.5
2010-20-09,7.5
2010-21-09,7.5
2010-22-09,7.5
2010-23-09,7.5
2010-24-09,7.5
2010-25-09,7.5
2010-26-09,7.5
2010-27-09,7.5
2010-28-09,7.5
2010-29-09,7.5
2010-30-09,7.5
2010-01-10,7.2
2010-02-10,7.2
2010-03-10,7.2
2010-04-10,7.2
2010-05-10,7.2
2010-06-10,7.2
2010-07-10,7.2
2010-08-10,7.2
2010-09-10,7.2
2010-10-10,7.2
2010-11-10,7.2
2010-12-10,7.2
2010-13-10,7.2
2010-14-10,7.2
2010-15-10,7.2
2010-16-10,7.2
2010-17-10,7.2
2010-18-10,7.2
2010-19-10,7.2
2010-20-10,7.2
2010-21-10,7.2
2010-22-10,7.2
2010-23-10,7.2
2010-24-10,7.2
2010-25-10,7.2
2010-26-10,7.2
2010-27-10,7.2
2010-28-10,7.2
2010-29-10,7.2
2010-30-10,7.2
2010-31-10,7.2
2010-01-11,7.5
2010-02-11,7.5
2010-03-11,7.5
2010-04-11,7.5
2010-05-11,7.5
2010-06-11,7.5
2010-07-11,7.5
2010-08-11,7.5
2010-09-11,7.5
2010-10-11,7.5
2010-11-11,7.5
2010-12-11,7.5
2010-13-11,7.5
2010-14-11,7.5
2010-15-11,7.5
2010-16-11,7.5
2010-17-11,7.5
2010-18-11,7.5
2010-19-11,7.5
2010-20-11,7.5
2010-21-11,7.5
2010-22-11,7.5
2010-23-11,7.5
2010-24-11,7.5
2010-25-11,7.5
2010-26-11,7.5
2010-27-11,7.5
2010-28-11,7.5
2010-29-11,7.5
2010-30-11,7.5
2010-01-12,7.5
2010-02-12,7.5
2010-03-12,7.5
2010-04-12,7.5
2010-05-12,7.5
2010-06-12,7.5
2010-07-12,7.5
2010-08-12,7.5
2010-09-12,7.5
2010-10-12,7.5
2010-11-12,7.5
2010-12-12,7.5
2010-13-12,7.5
2010-14-12,7.5
2010-15-12,7.5
2010-16-12,7.5
2010-17-12,7.5
2010-18-12,7.5
2010-19-12,7.5
2010-20-12,7.5
2010-21-12,7.5
2010-22-12,7.5
2010-23-12,7.5
2010-24-12,7.5
2010-25-12,7.5
2010-26-12,7.5
2010-27-12,7.5
2010-28-12,7.5
2010-29-12,7.5
2010-30-12,7.5
2010-31-12,7.5
2011-01-01,7.9
2011-02-01,7.9
2011-03-01,7.9
2011-04-01,7.9
2011-05-01,7.9
2011-06-01,7.9
2011-07-01,7.9
2011-08-01,7.9
2011-09-01,7.9
2011-10-01,7.9
2011-11-01,7.9
2011-12-01,7.9
2011-13-01,7.9
2011-14-01,7.9
2011-15-01,7.9
2011-16-01,7.9
2011-17-01,7.9
2011-18-01,7.9
2011-19-01,7.9
2011-20-01,7.9
2011-21-01,7.9
2011-22-01,7.9
2011-23-01,7.9
2011-24-01,7.9
2011-25-01,7.9
2011-26-01,7.9
2011-27-01,7.9
2011-28-01,7.9
2011-29-01,7.9
2011-30-01,7.9
2011-31-01,7.9
2011-01-02,8.1
2011-02-02,8.1
2011-03-02,8.1
2011-04-02,8.1
2011-05-02,8.1
2011-06-02,8.1
2011-07-02,8.1
2011-08-02,8.1
2011-09-02,8.1
2011-10-02,8.1
2011-11-02,8.1
2011-12-02,8.1
2011-13-02,8.1
2011-14-02,8.1
2011-15-02,8.1
2011-16-02,8.1
2011-17-02,8.1
2011-18-02,8.1
2011-19-02,8.1
2011-20-02,8.1
2011-21-02,8.1
2011-22-02,8.1
2011-23-02,8.1
2011-24-02,8.1
2011-25-02,8.1
2011-26-02,8.1
2011-27-02,8.1
2011-28-02,8.1
2011-01-03,7.4
2011-02-03,7.4
2011-03-03,7.4
2011-04-03,7.4
2011-05-03,7.4
2011-06-03,7.4
2011-07-03,7.4
2011-08-03,7.4
2011-09-03,7.4
2011-10-03,7.4
2011-11-03,7.4
2011-12-03,7.4
2011-13-03,7.4
2011-14-03,7.4
2011-15-03,7.4
2011-16-03,7.4
2011-17-03,7.4
2011-18-03,7.4
2011-19-03,7.4
2011-20-03,7.4
2011-21-03,7.4
2011-22-03,7.4
2011-23-03,7.4
2011-24-03,7.4
2011-25-03,7.4
2011-26-03,7.4
2011-27-03,7.4
2011-28-03,7.4
2011-29-03,7.4
2011-30-03,7.4
2011-31-03,7.4
2011-01-04,6.6
2011-02-04,6.6
2011-03-04,6.6
2011-04-04,6.6
2011-05-04,6.6
2011-06-04,6.6
2011-07-04,6.6
2011-08-04,6.6
2011-09-04,6.6
2011-10-04,6.6
2011-11-04,6.6
2011-12-04,6.6
2011-13-04,6.6
2011-14-04,6.6
2011-15-04,6.6
2011-16-04,6.6
2011-17-04,6.6
2011-18-04,6.6
2011-19-04,6.6
2011-20-04,6.6
2011-21-04,6.6
2011-22-04,6.6
2011-23-04,6.6
2011-24-04,6.6
2011-25-04,6.6
2011-26-04,6.6
2011-27-04,6.6
2011-28-04,6.6
2011-29-04,6.6
2011-30-04,6.6
2011-01-05,7.5
2011-02-05,7.5
2011-03-05,7.5
2011-04-05,7.5
2011-05-05,7.5
2011-06-05,7.5
2011-07-05,7.5
2011-08-05,7.5
2011-09-05,7.5
2011-10-05,7.5
2011-11-05,7.5
2011-12-05,7.5
2011-13-05,7.5
2011-14-05,7.5
2011-15-05,7.5
2011-16-05,7.5
2011-17-05,7.5
2011-18-05,7.5
2011-19-05,7.5
2011-20-05,7.5
2011-21-05,7.5
2011-22-05,7.5
2011-23-05,7.5
2011-24-05,7.5
2011-25-05,7.5
2011-26-05,7.5
2011-27-05,7.5
2011-28-05,7.5
2011-29-05,7.5
2011-30-05,7.5
2011-31-05,7.5
2011-01-06,8.8
2011-02-06,8.8
2011-03-06,8.8
2011-04-06,8.8
2011-05-06,8.8
2011-06-06,8.8
2011-07-06,8.8
2011-08-06,8.8
2011-09-06,8.8
2011-10-06,8.8
2011-11-06,8.8
2011-12-06,8.8
2011-13-06,8.8
2011-14-06,8.8
2011-15-06,8.8
2011-16-06,8.8
2011-17-06,8.8
2011-18-06,8.8
2011-19-06,8.8
2011-20-06,8.8
2011-21-06,8.8
2011-22-06,8.8
2011-23-06,8.8
2011-24-06,8.8
2011-25-06,8.8
2011-26-06,8.8
2011-27-06,8.8
2011-28-06,8.8
2011-29-06,8.8
2011-30-06,8.8
2011-01-07,9.0
2011-02-07,9.0
2011-03-07,9.0
2011-04-07,9.0
2011-05-07,9.0
2011-06-07,9.0
2011-07-07,9.0
2011-08-07,9.0
2011-09-07,9.0
2011-10-07,9.0
2011-11-07,9.0
2011-12-07,9.0
2011-13-07,9.0
2011-14-07,9.0
2011-15-07,9.0
2011-16-07,9.0
2011-17-07,9.0
2011-18-07,9.0
2011-19-07,9.0
2011-20-07,9.0
2011-21-07,9.0
2011-22-07,9.0
2011-23-07,9.0
2011-24-07,9.0
2011-25-07,9.0
2011-26-07,9.0
2011-27-07,9.0
2011-28-07,9.0
2011-29-07,9.0
2011-30-07,9.0
2011-31-07,9.0
2011-01-08,8.5
2011-02-08,8.5
2011-03-08,8.5
2011-04-08,8.5
2011-05-08,8.5
2011-06-08,8.5
2011-07-08,8.5
2011-08-08,8.5
2011-09-08,8.5
2011-10-08,8.5
2011-11-08,8.5
2011-12-08,8.5
2011-13-08,8.5
2011-14-08,8.5
2011-15-08,8.5
2011-16-08,8.5
2011-17-08,8.5
2011-18-08,8.5
2011-19-08,8.5
2011-20-08,8.5
2011-21-08,8.5
2011-22-08,8.5
2011-23-08,8.5
2011-24-08,8.5
2011-25-08,8.5
2011-26-08,8.5
2011-27-08,8.5
2011-28-08,8.5
2011-29-08,8.5
2011-30-08,8.5
2011-31-08,8.5
2011-01-09,7.9
2011-02-09,7.9
2011-03-09,7.9
2011-04-09,7.9
2011-05-09,7.9
2011-06-09,7.9
2011-07-09,7.9
2011-08-09,7.9
2011-09-09,7.9
2011-10-09,7.9
2011-11-09,7.9
2011-12-09,7.9
2011-13-09,7.9
2011-14-09,7.9
2011-15-09,7.9
2011-16-09,7.9
2011-17-09,7.9
2011-18-09,7.9
2011-19-09,7.9
2011-20-09,7.9
2011-21-09,7.9
2011-22-09,7.9
2011-23-09,7.9
2011-24-09,7.9
2011-25-09,7.9
2011-26-09,7.9
2011-27-09,7.9
2011-28-09,7.9
2011-29-09,7.9
2011-30-09,7.9
2011-01-10,7.7
2011-02-10,7.7
2011-03-10,7.7
2011-04-10,7.7
2011-05-10,7.7
2011-06-10,7.7
2011-07-10,7.7
2011-08-10,7.7
2011-09-10,7.7
2011-10-10,7.7
2011-11-10,7.7
2011-12-10,7.7
2011-13-10,7.7
2011-14-10,7.7
2011-15-10,7.7
2011-16-10,7.7
2011-17-10,7.7
2011-18-10,7.7
2011-19-10,7.7
2011-20-10,7.7
2011-21-10,7.7
2011-22-10,7.7
2011-23-10,7.7
2011-24-10,7.7
2011-25-10,7.7
2011-26-10,7.7
2011-27-10,7.7
2011-28-10,7.7
2011-29-10,7.7
2011-30-10,7.7
2011-31-10,7.7
2011-01-11,7.4
2011-02-11,7.4
2011-03-11,7.4
2011-04-11,7.4
2011-05-11,7.4
2011-06-11,7.4
2011-07-11,7.4
2011-08-11,7.4
2011-09-11,7.4
2011-10-11,7.4
2011-11-11,7.4
2011-12-11,7.4
2011-13-11,7.4
2011-14-11,7.4
2011-15-11,7.4
2011-16-11,7.4
2011-17-11,7.4
2011-18-11,7.4
2011-19-11,7.4
2011-20-11,7.4
2011-21-11,7.4
2011-22-11,7.4
2011-23-11,7.4
2011-24-11,7.4
2011-25-11,7.4
2011-26-11,7.4
2011-27-11,7.4
2011-28-11,7.4
2011-29-11,7.4
2011-30-11,7.4
2011-01-12,7.6
2011-02-12,7.6
2011-03-12,7.6
2011-04-12,7.6
2011-05-12,7.6
2011-06-12,7.6
2011-07-12,7.6
2011-08-12,7.6
2011-09-12,7.6
2011-10-12,7.6
2011-11-12,7.6
2011-12-12,7.6
2011-13-12,7.6
2011-14-12,7.6
2011-15-12,7.6
2011-16-12,7.6
2011-17-12,7.6
2011-18-12,7.6
2011-19-12,7.6
2011-20-12,7.6
2011-21-12,7.6
2011-22-12,7.6
2011-23-12,7.6
2011-24-12,7.6
2011-25-12,7.6
2011-26-12,7.6
2011-27-12,7.6
2011-28-12,7.6
2011-29-12,7.6
2011-30-12,7.6
2011-31-12,7.6
2012-01-01,7.8
2012-02-01,7.8
2012-03-01,7.8
2012-04-01,7.8
2012-05-01,7.8
2012-06-01,7.8
2012-07-01,7.8
2012-08-01,7.8
2012-09-01,7.8
2012-10-01,7.8
2012-11-01,7.8
2012-12-01,7.8
2012-13-01,7.8
2012-14-01,7.8
2012-15-01,7.8
2012-16-01,7.8
2012-17-01,7.8
2012-18-01,7.8
2012-19-01,7.8
2012-20-01,7.8
2012-21-01,7.8
2012-22-01,7.8
2012-23-01,7.8
2012-24-01,7.8
2012-25-01,7.8
2012-26-01,7.8
2012-27-01,7.8
2012-28-01,7.8
2012-29-01,7.8
2012-30-01,7.8
2012-31-01,7.8
2012-01-02,8.2
2012-02-02,8.2
2012-03-02,8.2
2012-04-02,8.2
2012-05-02,8.2
2012-06-02,8.2
2012-07-02,8.2
2012-08-02,8.2
2012-09-02,8.2
2012-10-02,8.2
2012-11-02,8.2
2012-12-02,8.2
2012-13-02,8.2
2012-14-02,8.2
2012-15-02,8.2
2012-16-02,8.2
2012-17-02,8.2
2012-18-02,8.2
2012-19-02,8.2
2012-20-02,8.2
2012-21-02,8.2
2012-22-02,8.2
2012-23-02,8.2
2012-24-02,8.2
2012-25-02,8.2
2012-26-02,8.2
2012-27-02,8.2
2012-28-02,8.2
2012-29-02,8.2
2012-01-03,7.6
2012-02-03,7.6
2012-03-03,7.6
2012-04-03,7.6
2012-05-03,7.6
2012-06-03,7.6
2012-07-03,7.6
2012-08-03,7.6
2012-09-03,7.6
2012-10-03,7.6
2012-11-03,7.6
2012-12-03,7.6
2012-13-03,7.6
2012-14-03,7.6
2012-15-03,7.6
2012-16-03,7.6
2012-17-03,7.6
2012-18-03,7.6
2012-19-03,7.6
2012-20-03,7.6
2012-21-03,7.6
2012-22-03,7.6
2012-23-03,7.6
2012-24-03,7.6
2012-25-03,7.6
2012-26-03,7.6
2012-27-03,7.6
2012-28-03,7.6
2012-29-03,7.6
2012-30-03,7.6
2012-31-03,7.6
2012-01-04,7.0
2012-02-04,7.0
2012-03-04,7.0
2012-04-04,7.0
2012-05-04,7.0
2012-06-04,7.0
2012-07-04,7.0
2012-08-04,7.0
2012-09-04,7.0
2012-10-04,7.0
2012-11-04,7.0
2012-12-04,7.0
2012-13-04,7.0
2012-14-04,7.0
2012-15-04,7.0
2012-16-04,7.0
2012-17-04,7.0
2012-18-04,7.0
2012-19-04,7.0
2012-20-04,7.0
2012-21-04,7.0
2012-22-04,7.0
2012-23-04,7.0
2012-24-04,7.0
2012-25-04,7.0
2012-26-04,7.0
2012-27-04,7.0
2012-28-04,7.0
2012-29-04,7.0
2012-30-04,7.0
2012-01-05,7.5
2012-02-05,7.5
2012-03-05,7.5
2012-04-05,7.5
2012-05-05,7.5
2012-06-05,7.5
2012-07-05,7.5
2012-08-05,7.5
2012-09-05,7.5
2012-10-05,7.5
2012-11-05,7.5
2012-12-05,7.5
2012-13-05,7.5
2012-14-05,7.5
2012-15-05,7.5
2012-16-05,7.5
2012-17-05,7.5
2012-18-05,7.5
2012-19-05,7.5
2012-20-05,7.5
2012-21-05,7.5
2012-22-05,7.5
2012-23-05,7.5
2012-24-05,7.5
2012-25-05,7.5
2012-26-05,7.5
2012-27-05,7.5
2012-28-05,7.5
2012-29-05,7.5
2012-30-05,7.5
2012-31-05,7.5
2012-01-06,8.7
2012-02-06,8.7
2012-03-06,8.7
2012-04-06,8.7
2012-05-06,8.7
2012-06-06,8.7
2012-07-06,8.7
2012-08-06,8.7
2012-09-06,8.7
2012-10-06,8.7
2012-11-06,8.7
2012-12-06,8.7
2012-13-06,8.7
2012-14-06,8.7
2012-15-06,8.7
2012-16-06,8.7
2012-17-06,8.7
2012-18-06,8.7
2012-19-06,8.7
2012-20-06,8.7
2012-21-06,8.7
2012-22-06,8.7
2012-23-06,8.7
2012-24-06,8.7
2012-25-06,8.7
2012-26-06,8.7
2012-27-06,8.7
2012-28-06,8.7
2012-29-06,8.7
2012-30-06,8.7
2012-01-07,8.4
2012-02-07,8.4
2012-03-07,8.4
2012-04-07,8.4
2012-05-07,8.4
2012-06-07,8.4
2012-07-07,8.4
2012-08-07,8.4
2012-09-07,8.4
2012-10-07,8.4
2012-11-07,8.4
2012-12-07,8.4
2012-13-07,8.4
2012-14-07,8.4
2012-15-07,8.4
2012-16-07,8.4
2012-17-07,8.4
2012-18-07,8.4
2012-19-07,8.4
2012-20-07,8.4
2012-21-07,8.4
2012-22-07,8.4
2012-23-07,8.4
2012-24-07,8.4
2012-25-07,8.4
2012-26-07,8.4
2012-27-07,8.4
2012-28-07,8.4
2012-29-07,8.4
2012-30-07,8.4
2012-31-07,8.4
2012-01-08,7.6
2012-02-08,7.6
2012-03-08,7.6
2012-04-08,7.6
2012-05-08,7.6
2012-06-08,7.6
2012-07-08,7.6
2012-08-08,7.6
2012-09-08,7.6
2012-10-08,7.6
2012-11-08,7.6
2012-12-08,7.6
2012-13-08,7.6
2012-14-08,7.6
2012-15-08,7.6
2012-16-08,7.6
2012-17-08,7.6
2012-18-08,7.6
2012-19-08,7.6
2012-20-08,7.6
2012-21-08,7.6
2012-22-08,7.6
2012-23-08,7.6
2012-24-08,7.6
2012-25-08,7.6
2012-26-08,7.6
2012-27-08,7.6
2012-28-08,7.6
2012-29-08,7.6
2012-30-08,7.6
2012-31-08,7.6
2012-01-09,7.1
2012-02-09,7.1
2012-03-09,7.1
2012-04-09,7.1
2012-05-09,7.1
2012-06-09,7.1
2012-07-09,7.1
2012-08-09,7.1
2012-09-09,7.1
2012-10-09,7.1
2012-11-09,7.1
2012-12-09,7.1
2012-13-09,7.1
2012-14-09,7.1
2012-15-09,7.1
2012-16-09,7.1
2012-17-09,7.1
2012-18-09,7.1
2012-19-09,7.1
2012-20-09,7.1
2012-21-09,7.1
2012-22-09,7.1
2012-23-09,7.1
2012-24-09,7.1
2012-25-09,7.1
2012-26-09,7.1
2012-27-09,7.1
2012-28-09,7.1
2012-29-09,7.1
2012-30-09,7.1
2012-01-10,6.8
2012-02-10,6.8
2012-03-10,6.8
2012-04-10,6.8
2012-05-10,6.8
2012-06-10,6.8
2012-07-10,6.8
2012-08-10,6.8
2012-09-10,6.8
2012-10-10,6.8
2012-11-10,6.8
2012-12-10,6.8
2012-13-10,6.8
2012-14-10,6.8
2012-15-10,6.8
2012-16-10,6.8
2012-17-10,6.8
2012-18-10,6.8
2012-19-10,6.8
2012-20-10,6.8
2012-21-10,6.8
2012-22-10,6.8
2012-23-10,6.8
2012-24-10,6.8
2012-25-10,6.8
2012-26-10,6.8
2012-27-10,6.8
2012-28-10,6.8
2012-29-10,6.8
2012-30-10,6.8
2012-31-10,6.8
2012-01-11,7.1
2012-02-11,7.1
2012-03-11,7.1
2012-04-11,7.1
2012-05-11,7.1
2012-06-11,7.1
2012-07-11,7.1
2012-08-11,7.1
2012-09-11,7.1
2012-10-11,7.1
2012-11-11,7.1
2012-12-11,7.1
2012-13-11,7.1
2012-14-11,7.1
2012-15-11,7.1
2012-16-11,7.1
2012-17-11,7.1
2012-18-11,7.1
2012-19-11,7.1
2012-20-11,7.1
2012-21-11,7.1
2012-22-11,7.1
2012-23-11,7.1
2012-24-11,7.1
2012-25-11,7.1
2012-26-11,7.1
2012-27-11,7.1
2012-28-11,7.1
2012-29-11,7.1
2012-30-11,7.1
2012-01-12,7.8
2012-02-12,7.8
2012-03-12,7.8
2012-04-12,7.8
2012-05-12,7.8
2012-06-12,7.8
2012-07-12,7.8
2012-08-12,7.8
2012-09-12,7.8
2012-10-12,7.8
2012-11-12,7.8
2012-12-12,7.8
2012-13-12,7.8
2012-14-12,7.8
2012-15-12,7.8
2012-16-12,7.8
2012-17-12,7.8
2012-18-12,7.8
2012-19-12,7.8
2012-20-12,7.8
2012-21-12,7.8
2012-22-12,7.8
2012-23-12,7.8
2012-24-12,7.8
2012-25-12,7.8
2012-26-12,7.8
2012-27-12,7.8
2012-28-12,7.8
2012-29-12,7.8
2012-30-12,7.8
2012-31-12,7.8
2013-01-01,8.1
2013-02-01,8.1
2013-03-01,8.1
2013-04-01,8.1
2013-05-01,8.1
2013-06-01,8.1
2013-07-01,8.1
2013-08-01,8.1
2013-09-01,8.1
2013-10-01,8.1
2013-11-01,8.1
2013-12-01,8.1
2013-13-01,8.1
2013-14-01,8.1
2013-15-01,8.1
2013-16-01,8.1
2013-17-01,8.1
2013-18-01,8.1
2013-19-01,8.1
2013-20-01,8.1
2013-21-01,8.1
2013-22-01,8.1
2013-23-01,8.1
2013-24-01,8.1
2013-25-01,8.1
2013-26-01,8.1
2013-27-01,8.1
2013-28-01,8.1
2013-29-01,8.1
2013-30-01,8.1
2013-31-01,8.1
2013-01-02,7.9
2013-02-02,7.9
2013-03-02,7.9
2013-04-02,7.9
2013-05-02,7.9
2013-06-02,7.9
2013-07-02,7.9
2013-08-02,7.9
2013-09-02,7.9
2013-10-02,7.9
2013-11-02,7.9
2013-12-02,7.9
2013-13-02,7.9
2013-14-02,7.9
2013-15-02,7.9
2013-16-02,7.9
2013-17-02,7.9
2013-18-02,7.9
2013-19-02,7.9
2013-20-02,7.9
2013-21-02,7.9
2013-22-02,7.9
2013-23-02,7.9
2013-24-02,7.9
2013-25-02,7.9
2013-26-02,7.9
2013-27-02,7.9
2013-28-02,7.9
2013-01-03,7.8
2013-02-03,7.8
2013-03-03,7.8
2013-04-03,7.8
2013-05-03,7.8
2013-06-03,7.8
2013-07-03,7.8
2013-08-03,7.8
2013-09-03,7.8
2013-10-03,7.8
2013-11-03,7.8
2013-12-03,7.8
2013-13-03,7.8
2013-14-03,7.8
2013-15-03,7.8
2013-16-03,7.8
2013-17-03,7.8
2013-18-03,7.8
2013-19-03,7.8
2013-20-03,7.8
2013-21-03,7.8
2013-22-03,7.8
2013-23-03,7.8
2013-24-03,7.8
2013-25-03,7.8
2013-26-03,7.8
2013-27-03,7.8
2013-28-03,7.8
2013-29-03,7.8
2013-30-03,7.8
2013-31-03,7.8
2013-01-04,6.7
2013-02-04,6.7
2013-03-04,6.7
2013-04-04,6.7
2013-05-04,6.7
2013-06-04,6.7
2013-07-04,6.7
2013-08-04,6.7
2013-09-04,6.7
2013-10-04,6.7
2013-11-04,6.7
2013-12-04,6.7
2013-13-04,6.7
2013-14-04,6.7
2013-15-04,6.7
2013-16-04,6.7
2013-17-04,6.7
2013-18-04,6.7
2013-19-04,6.7
2013-20-04,6.7
2013-21-04,6.7
2013-22-04,6.7
2013-23-04,6.7
2013-24-04,6.7
2013-25-04,6.7
2013-26-04,6.7
2013-27-04,6.7
2013-28-04,6.7
2013-29-04,6.7
2013-30-04,6.7
2013-01-05,7.5
2013-02-05,7.5
2013-03-05,7.5
2013-04-05,7.5
2013-05-05,7.5
2013-06-05,7.5
2013-07-05,7.5
2013-08-05,7.5
2013-09-05,7.5
2013-10-05,7.5
2013-11-05,7.5
2013-12-05,7.5
2013-13-05,7.5
2013-14-05,7.5
2013-15-05,7.5
2013-16-05,7.5
2013-17-05,7.5
2013-18-05,7.5
2013-19-05,7.5
2013-20-05,7.5
2013-21-05,7.5
2013-22-05,7.5
2013-23-05,7.5
2013-24-05,7.5
2013-25-05,7.5
2013-26-05,7.5
2013-27-05,7.5
2013-28-05,7.5
2013-29-05,7.5
2013-30-05,7.5
2013-31-05,7.5
2013-01-06,8.4
2013-02-06,8.4
2013-03-06,8.4
2013-04-06,8.4
2013-05-06,8.4
2013-06-06,8.4
2013-07-06,8.4
2013-08-06,8.4
2013-09-06,8.4
2013-10-06,8.4
2013-11-06,8.4
2013-12-06,8.4
2013-13-06,8.4
2013-14-06,8.4
2013-15-06,8.4
2013-16-06,8.4
2013-17-06,8.4
2013-18-06,8.4
2013-19-06,8.4
2013-20-06,8.4
2013-21-06,8.4
2013-22-06,8.4
2013-23-06,8.4
2013-24-06,8.4
2013-25-06,8.4
2013-26-06,8.4
2013-27-06,8.4
2013-28-06,8.4
2013-29-06,8.4
2013-30-06,8.4
2013-01-07,7.8
2013-02-07,7.8
2013-03-07,7.8
2013-04-07,7.8
2013-05-07,7.8
2013-06-07,7.8
2013-07-07,7.8
2013-08-07,7.8
2013-09-07,7.8
2013-10-07,7.8
2013-11-07,7.8
2013-12-07,7.8
2013-13-07,7.8
2013-14-07,7.8
2013-15-07,7.8
2013-16-07,7.8
2013-17-07,7.8
2013-18-07,7.8
2013-19-07,7.8
2013-20-07,7.8
2013-21-07,7.8
2013-22-07,7.8
2013-23-07,7.8
2013-24-07,7.8
2013-25-07,7.8
2013-26-07,7.8
2013-27-07,7.8
2013-28-07,7.8
2013-29-07,7.8
2013-30-07,7.8
2013-31-07,7.8
2013-01-08,6.8
2013-02-08,6.8
2013-03-08,6.8
2013-04-08,6.8
2013-05-08,6.8
2013-06-08,6.8
2013-07-08,6.8
2013-08-08,6.8
2013-09-08,6.8
2013-10-08,6.8
2013-11-08,6.8
2013-12-08,6.8
2013-13-08,6.8
2013-14-08,6.8
2013-15-08,6.8
2013-16-08,6.8
2013-17-08,6.8
2013-18-08,6.8
2013-19-08,6.8
2013-20-08,6.8
2013-21-08,6.8
2013-22-08,6.8
2013-23-08,6.8
2013-24-08,6.8
2013-25-08,6.8
2013-26-08,6.8
2013-27-08,6.8
2013-28-08,6.8
2013-29-08,6.8
2013-30-08,6.8
2013-31-08,6.8
2013-01-09,6.2
2013-02-09,6.2
2013-03-09,6.2
2013-04-09,6.2
2013-05-09,6.2
2013-06-09,6.2
2013-07-09,6.2
2013-08-09,6.2
2013-09-09,6.2
2013-10-09,6.2
2013-11-09,6.2
2013-12-09,6.2
2013-13-09,6.2
2013-14-09,6.2
2013-15-09,6.2
2013-16-09,6.2
2013-17-09,6.2
2013-18-09,6.2
2013-19-09,6.2
2013-20-09,6.2
2013-21-09,6.2
2013-22-09,6.2
2013-23-09,6.2
2013-24-09,6.2
2013-25-09,6.2
2013-26-09,6.2
2013-27-09,6.2
2013-28-09,6.2
2013-29-09,6.2
2013-30-09,6.2
2013-01-10,6.2
2013-02-10,6.2
2013-03-10,6.2
2013-04-10,6.2
2013-05-10,6.2
2013-06-10,6.2
2013-07-10,6.2
2013-08-10,6.2
2013-09-10,6.2
2013-10-10,6.2
2013-11-10,6.2
2013-12-10,6.2
2013-13-10,6.2
2013-14-10,6.2
2013-15-10,6.2
2013-16-10,6.2
2013-17-10,6.2
2013-18-10,6.2
2013-19-10,6.2
2013-20-10,6.2
2013-21-10,6.2
2013-22-10,6.2
2013-23-10,6.2
2013-24-10,6.2
2013-25-10,6.2
2013-26-10,6.2
2013-27-10,6.2
2013-28-10,6.2
2013-29-10,6.2
2013-30-10,6.2
2013-31-10,6.2
2013-01-11,6.4
2013-02-11,6.4
2013-03-11,6.4
2013-04-11,6.4
2013-05-11,6.4
2013-06-11,6.4
2013-07-11,6.4
2013-08-11,6.4
2013-09-11,6.4
2013-10-11,6.4
2013-11-11,6.4
2013-12-11,6.4
2013-13-11,6.4
2013-14-11,6.4
2013-15-11,6.4
2013-16-11,6.4
2013-17-11,6.4
2013-18-11,6.4
2013-19-11,6.4
2013-20-11,6.4
2013-21-11,6.4
2013-22-11,6.4
2013-23-11,6.4
2013-24-11,6.4
2013-25-11,6.4
2013-26-11,6.4
2013-27-11,6.4
2013-28-11,6.4
2013-29-11,6.4
2013-30-11,6.4
2013-01-12,5.7
2013-02-12,5.7
2013-03-12,5.7
2013-04-12,5.7
2013-05-12,5.7
2013-06-12,5.7
2013-07-12,5.7
2013-08-12,5.7
2013-09-12,5.7
2013-10-12,5.7
2013-11-12,5.7
2013-12-12,5.7
2013-13-12,5.7
2013-14-12,5.7
2013-15-12,5.7
2013-16-12,5.7
2013-17-12,5.7
2013-18-12,5.7
2013-19-12,5.7
2013-20-12,5.7
2013-21-12,5.7
2013-22-12,5.7
2013-23-12,5.7
2013-24-12,5.7
2013-25-12,5.7
2013-26-12,5.7
2013-27-12,5.7
2013-28-12,5.7
2013-29-12,5.7
2013-30-12,5.7
2013-31-12,5.7
2014-01-01,6.4
2014-02-01,6.4
2014-03-01,6.4
2014-04-01,6.4
2014-05-01,6.4
2014-06-01,6.4
2014-07-01,6.4
2014-08-01,6.4
2014-09-01,6.4
2014-10-01,6.4
2014-11-01,6.4
2014-12-01,6.4
2014-13-01,6.4
2014-14-01,6.4
2014-15-01,6.4
2014-16-01,6.4
2014-17-01,6.4
2014-18-01,6.4
2014-19-01,6.4
2014-20-01,6.4
2014-21-01,6.4
2014-22-01,6.4
2014-23-01,6.4
2014-24-01,6.4
2014-25-01,6.4
2014-26-01,6.4
2014-27-01,6.4
2014-28-01,6.4
2014-29-01,6.4
2014-30-01,6.4
2014-31-01,6.4
2014-01-02,6.9
2014-02-02,6.9
2014-03-02,6.9
2014-04-02,6.9
2014-05-02,6.9
2014-06-02,6.9
2014-07-02,6.9
2014-08-02,6.9
2014-09-02,6.9
2014-10-02,6.9
2014-11-02,6.9
2014-12-02,6.9
2014-13-02,6.9
2014-14-02,6.9
2014-15-02,6.9
2014-16-02,6.9
2014-17-02,6.9
2014-18-02,6.9
2014-19-02,6.9
2014-20-02,6.9
2014-21-02,6.9
2014-22-02,6.9
2014-23-02,6.9
2014-24-02,6.9
2014-25-02,6.9
2014-26-02,6.9
2014-27-02,6.9
2014-28-02,6.9
2014-01-03,6.4
2014-02-03,6.4
2014-03-03,6.4
2014-04-03,6.4
2014-05-03,6.4
2014-06-03,6.4
2014-07-03,6.4
2014-08-03,6.4
2014-09-03,6.4
2014-10-03,6.4
2014-11-03,6.4
2014-12-03,6.4
2014-13-03,6.4
2014-14-03,6.4
2014-15-03,6.4
2014-16-03,6.4
2014-17-03,6.4
2014-18-03,6.4
2014-19-03,6.4
2014-20-03,6.4
2014-21-03,6.4
2014-22-03,6.4
2014-23-03,6.4
2014-24-03,6.4
2014-25-03,6.4
2014-26-03,6.4
2014-27-03,6.4
2014-28-03,6.4
2014-29-03,6.4
2014-30-03,6.4
2014-31-03,6.4
2014-01-04,5.2
2014-02-04,5.2
2014-03-04,5.2
2014-04-04,5.2
2014-05-04,5.2
2014-06-04,5.2
2014-07-04,5.2
2014-08-04,5.2
2014-09-04,5.2
2014-10-04,5.2
2014-11-04,5.2
2014-12-04,5.2
2014-13-04,5.2
2014-14-04,5.2
2014-15-04,5.2
2014-16-04,5.2
2014-17-04,5.2
2014-18-04,5.2
2014-19-04,5.2
2014-20-04,5.2
2014-21-04,5.2
2014-22-04,5.2
2014-23-04,5.2
2014-24-04,5.2
2014-25-04,5.2
2014-26-04,5.2
2014-27-04,5.2
2014-28-04,5.2
2014-29-04,5.2
2014-30-04,5.2
2014-01-05,5.9
2014-02-05,5.9
2014-03-05,5.9
2014-04-05,5.9
2014-05-05,5.9
2014-06-05,5.9
2014-07-05,5.9
2014-08-05,5.9
2014-09-05,5.9
2014-10-05,5.9
2014-11-05,5.9
2014-12-05,5.9
2014-13-05,5.9
2014-14-05,5.9
2014-15-05,5.9
2014-16-05,5.9
2014-17-05,5.9
2014-18-05,5.9
2014-19-05,5.9
2014-20-05,5.9
2014-21-05,5.9
2014-22-05,5.9
2014-23-05,5.9
2014-24-05,5.9
2014-25-05,5.9
2014-26-05,5.9
2014-27-05,5.9
2014-28-05,5.9
2014-29-05,5.9
2014-30-05,5.9
2014-31-05,5.9
2014-01-06,6.7
2014-02-06,6.7
2014-03-06,6.7
2014-04-06,6.7
2014-05-06,6.7
2014-06-06,6.7
2014-07-06,6.7
2014-08-06,6.7
2014-09-06,6.7
2014-10-06,6.7
2014-11-06,6.7
2014-12-06,6.7
2014-13-06,6.7
2014-14-06,6.7
2014-15-06,6.7
2014-16-06,6.7
2014-17-06,6.7
2014-18-06,6.7
2014-19-06,6.7
2014-20-06,6.7
2014-21-06,6.7
2014-22-06,6.7
2014-23-06,6.7
2014-24-06,6.7
2014-25-06,6.7
2014-26-06,6.7
2014-27-06,6.7
2014-28-06,6.7
2014-29-06,6.7
2014-30-06,6.7
2014-01-07,6.6
2014-02-07,6.6
2014-03-07,6.6
2014-04-07,6.6
2014-05-07,6.6
2014-06-07,6.6
2014-07-07,6.6
2014-08-07,6.6
2014-09-07,6.6
2014-10-07,6.6
2014-11-07,6.6
2014-12-07,6.6
2014-13-07,6.6
2014-14-07,6.6
2014-15-07,6.6
2014-16-07,6.6
2014-17-07,6.6
2014-18-07,6.6
2014-19-07,6.6
2014-20-07,6.6
2014-21-07,6.6
2014-22-07,6.6
2014-23-07,6.6
2014-24-07,6.6
2014-25-07,6.6
2014-26-07,6.6
2014-27-07,6.6
2014-28-07,6.6
2014-29-07,6.6
2014-30-07,6.6
2014-31-07,6.6
2014-01-08,6.1
2014-02-08,6.1
2014-03-08,6.1
2014-04-08,6.1
2014-05-08,6.1
2014-06-08,6.1
2014-07-08,6.1
2014-08-08,6.1
2014-09-08,6.1
2014-10-08,6.1
2014-11-08,6.1
2014-12-08,6.1
2014-13-08,6.1
2014-14-08,6.1
2014-15-08,6.1
2014-16-08,6.1
2014-17-08,6.1
2014-18-08,6.1
2014-19-08,6.1
2014-20-08,6.1
2014-21-08,6.1
2014-22-08,6.1
2014-23-08,6.1
2014-24-08,6.1
2014-25-08,6.1
2014-26-08,6.1
2014-27-08,6.1
2014-28-08,6.1
2014-29-08,6.1
2014-30-08,6.1
2014-31-08,6.1
2014-01-09,5.3
2014-02-09,5.3
2014-03-09,5.3
2014-04-09,5.3
2014-05-09,5.3
2014-06-09,5.3
2014-07-09,5.3
2014-08-09,5.3
2014-09-09,5.3
2014-10-09,5.3
2014-11-09,5.3
2014-12-09,5.3
2014-13-09,5.3
2014-14-09,5.3
2014-15-09,5.3
2014-16-09,5.3
2014-17-09,5.3
2014-18-09,5.3
2014-19-09,5.3
2014-20-09,5.3
2014-21-09,5.3
2014-22-09,5.3
2014-23-09,5.3
2014-24-09,5.3
2014-25-09,5.3
2014-26-09,5.3
2014-27-09,5.3
2014-28-09,5.3
2014-29-09,5.3
2014-30-09,5.3
2014-01-10,5.7
2014-02-10,5.7
2014-03-10,5.7
2014-04-10,5.7
2014-05-10,5.7
2014-06-10,5.7
2014-07-10,5.7
2014-08-10,5.7
2014-09-10,5.7
2014-10-10,5.7
2014-11-10,5.7
2014-12-10,5.7
2014-13-10,5.7
2014-14-10,5.7
2014-15-10,5.7
2014-16-10,5.7
2014-17-10,5.7
2014-18-10,5.7
2014-19-10,5.7
2014-20-10,5.7
2014-21-10,5.7
2014-22-10,5.7
2014-23-10,5.7
2014-24-10,5.7
2014-25-10,5.7
2014-26-10,5.7
2014-27-10,5.7
2014-28-10,5.7
2014-29-10,5.7
2014-30-10,5.7
2014-31-10,5.7
2014-01-11,5.7
2014-02-11,5.7
2014-03-11,5.7
2014-04-11,5.7
2014-05-11,5.7
2014-06-11,5.7
2014-07-11,5.7
2014-08-11,5.7
2014-09-11,5.7
2014-10-11,5.7
2014-11-11,5.7
2014-12-11,5.7
2014-13-11,5.7
2014-14-11,5.7
2014-15-11,5.7
2014-16-11,5.7
2014-17-11,5.7
2014-18-11,5.7
2014-19-11,5.7
2014-20-11,5.7
2014-21-11,5.7
2014-22-11,5.7
2014-23-11,5.7
2014-24-11,5.7
2014-25-11,5.7
2014-26-11,5.7
2014-27-11,5.7
2014-28-11,5.7
2014-29-11,5.7
2014-30-11,5.7
2014-01-12,5.2
2014-02-12,5.2
2014-03-12,5.2
2014-04-12,5.2
2014-05-12,5.2
2014-06-12,5.2
2014-07-12,5.2
2014-08-12,5.2
2014-09-12,5.2
2014-10-12,5.2
2014-11-12,5.2
2014-12-12,5.2
2014-13-12,5.2
2014-14-12,5.2
2014-15-12,5.2
2014-16-12,5.2
2014-17-12,5.2
2014-18-12,5.2
2014-19-12,5.2
2014-20-12,5.2
2014-21-12,5.2
2014-22-12,5.2
2014-23-12,5.2
2014-24-12,5.2
2014-25-12,5.2
2014-26-12,5.2
2014-27-12,5.2
2014-28-12,5.2
2014-29-12,5.2
2014-30-12,5.2
2014-31-12,5.2
2015-01-01,6.1
2015-02-01,6.1
2015-03-01,6.1
2015-04-01,6.1
2015-05-01,6.1
2015-06-01,6.1
2015-07-01,6.1
2015-08-01,6.1
2015-09-01,6.1
2015-10-01,6.1
2015-11-01,6.1
2015-12-01,6.1
2015-13-01,6.1
2015-14-01,6.1
2015-15-01,6.1
2015-16-01,6.1
2015-17-01,6.1
2015-18-01,6.1
2015-19-01,6.1
2015-20-01,6.1
2015-21-01,6.1
2015-22-01,6.1
2015-23-01,6.1
2015-24-01,6.1
2015-25-01,6.1
2015-26-01,6.1
2015-27-01,6.1
2015-28-01,6.1
2015-29-01,6.1
2015-30-01,6.1
2015-31-01,6.1
2015-01-02,5.5
2015-02-02,5.5
2015-03-02,5.5
2015-04-02,5.5
2015-05-02,5.5
2015-06-02,5.5
2015-07-02,5.5
2015-08-02,5.5
2015-09-02,5.5
2015-10-02,5.5
2015-11-02,5.5
2015-12-02,5.5
2015-13-02,5.5
2015-14-02,5.5
2015-15-02,5.5
2015-16-02,5.5
2015-17-02,5.5
2015-18-02,5.5
2015-19-02,5.5
2015-20-02,5.5
2015-21-02,5.5
2015-22-02,5.5
2015-23-02,5.5
2015-24-02,5.5
2015-25-02,5.5
2015-26-02,5.5
2015-27-02,5.5
2015-28-02,5.5
2015-01-03,5.3
2015-02-03,5.3
2015-03-03,5.3
2015-04-03,5.3
2015-05-03,5.3
2015-06-03,5.3
2015-07-03,5.3
2015-08-03,5.3
2015-09-03,5.3
2015-10-03,5.3
2015-11-03,5.3
2015-12-03,5.3
2015-13-03,5.3
2015-14-03,5.3
2015-15-03,5.3
2015-16-03,5.3
2015-17-03,5.3
2015-18-03,5.3
2015-19-03,5.3
2015-20-03,5.3
2015-21-03,5.3
2015-22-03,5.3
2015-23-03,5.3
2015-24-03,5.3
2015-25-03,5.3
2015-26-03,5.3
2015-27-03,5.3
2015-28-03,5.3
2015-29-03,5.3
2015-30-03,5.3
2015-31-03,5.3
2015-01-04,4.2
2015-02-04,4.2
2015-03-04,4.2
2015-04-04,4.2
2015-05-04,4.2
2015-06-04,4.2
2015-07-04,4.2
2015-08-04,4.2
2015-09-04,4.2
2015-10-04,4.2
2015-11-04,4.2
2015-12-04,4.2
2015-13-04,4.2
2015-14-04,4.2
2015-15-04,4.2
2015-16-04,4.2
2015-17-04,4.2
2015-18-04,4.2
2015-19-04,4.2
2015-20-04,4.2
2015-21-04,4.2
2015-22-04,4.2
2015-23-04,4.2
2015-24-04,4.2
2015-25-04,4.2
2015-26-04,4.2
2015-27-04,4.2
2015-28-04,4.2
2015-29-04,4.2
2015-30-04,4.2
2015-01-05,5.1
2015-02-05,5.1
2015-03-05,5.1
2015-04-05,5.1
2015-05-05,5.1
2015-06-05,5.1
2015-07-05,5.1
2015-08-05,5.1
2015-09-05,5.1
2015-10-05,5.1
2015-11-05,5.1
2015-12-05,5.1
2015-13-05,5.1
2015-14-05,5.1
2015-15-05,5.1
2015-16-05,5.1
2015-17-05,5.1
2015-18-05,5.1
2015-19-05,5.1
2015-20-05,5.1
2015-21-05,5.1
2015-22-05,5.1
2015-23-05,5.1
2015-24-05,5.1
2015-25-05,5.1
2015-26-05,5.1
2015-27-05,5.1
2015-28-05,5.1
2015-29-05,5.1
2015-30-05,5.1
2015-31-05,5.1
2015-01-06,5.8
2015-02-06,5.8
2015-03-06,5.8
2015-04-06,5.8
2015-05-06,5.8
2015-06-06,5.8
2015-07-06,5.8
2015-08-06,5.8
2015-09-06,5.8
2015-10-06,5.8
2015-11-06,5.8
2015-12-06,5.8
2015-13-06,5.8
2015-14-06,5.8
2015-15-06,5.8
2015-16-06,5.8
2015-17-06,5.8
2015-18-06,5.8
2015-19-06,5.8
2015-20-06,5.8
2015-21-06,5.8
2015-22-06,5.8
2015-23-06,5.8
2015-24-06,5.8
2015-25-06,5.8
2015-26-06,5.8
2015-27-06,5.8
2015-28-06,5.8
2015-29-06,5.8
2015-30-06,5.8
2015-01-07,5.5
2015-02-07,5.5
2015-03-07,5.5
2015-04-07,5.5
2015-05-07,5.5
2015-06-07,5.5
2015-07-07,5.5
2015-08-07,5.5
2015-09-07,5.5
2015-10-07,5.5
2015-11-07,5.5
2015-12-07,5.5
2015-13-07,5.5
2015-14-07,5.5
2015-15-07,5.5
2015-16-07,5.5
2015-17-07,5.5
2015-18-07,5.5
2015-19-07,5.5
2015-20-07,5.5
2015-21-07,5.5
2015-22-07,5.5
2015-23-07,5.5
2015-24-07,5.5
2015-25-07,5.5
2015-26-07,5.5
2015-27-07,5.5
2015-28-07,5.5
2015-29-07,5.5
2015-30-07,5.5
2015-31-07,5.5
2015-01-08,4.8
2015-02-08,4.8
2015-03-08,4.8
2015-04-08,4.8
2015-05-08,4.8
2015-06-08,4.8
2015-07-08,4.8
2015-08-08,4.8
2015-09-08,4.8
2015-10-08,4.8
2015-11-08,4.8
2015-12-08,4.8
2015-13-08,4.8
2015-14-08,4.8
2015-15-08,4.8
2015-16-08,4.8
2015-17-08,4.8
2015-18-08,4.8
2015-19-08,4.8
2015-20-08,4.8
2015-21-08,4.8
2015-22-08,4.8
2015-23-08,4.8
2015-24-08,4.8
2015-25-08,4.8
2015-26-08,4.8
2015-27-08,4.8
2015-28-08,4.8
2015-29-08,4.8
2015-30-08,4.8
2015-31-08,4.8
2015-01-09,4.2
2015-02-09,4.2
2015-03-09,4.2
2015-04-09,4.2
2015-05-09,4.2
2015-06-09,4.2
2015-07-09,4.2
2015-08-09,4.2
2015-09-09,4.2
2015-10-09,4.2
2015-11-09,4.2
2015-12-09,4.2
2015-13-09,4.2
2015-14-09,4.2
2015-15-09,4.2
2015-16-09,4.2
2015-17-09,4.2
2015-18-09,4.2
2015-19-09,4.2
2015-20-09,4.2
2015-21-09,4.2
2015-22-09,4.2
2015-23-09,4.2
2015-24-09,4.2
2015-25-09,4.2
2015-26-09,4.2
2015-27-09,4.2
2015-28-09,4.2
2015-29-09,4.2
2015-30-09,4.2
2015-01-10,4.6
2015-02-10,4.6
2015-03-10,4.6
2015-04-10,4.6
2015-05-10,4.6
2015-06-10,4.6
2015-07-10,4.6
2015-08-10,4.6
2015-09-10,4.6
2015-10-10,4.6
2015-11-10,4.6
2015-12-10,4.6
2015-13-10,4.6
2015-14-10,4.6
2015-15-10,4.6
2015-16-10,4.6
2015-17-10,4.6
2015-18-10,4.6
2015-19-10,4.6
2015-20-10,4.6
2015-21-10,4.6
2015-22-10,4.6
2015-23-10,4.6
2015-24-10,4.6
2015-25-10,4.6
2015-26-10,4.6
2015-27-10,4.6
2015-28-10,4.6
2015-29-10,4.6
2015-30-10,4.6
2015-31-10,4.6
2015-01-11,4.8
2015-02-11,4.8
2015-03-11,4.8
2015-04-11,4.8
2015-05-11,4.8
2015-06-11,4.8
2015-07-11,4.8
2015-08-11,4.8
2015-09-11,4.8
2015-10-11,4.8
2015-11-11,4.8
2015-12-11,4.8
2015-13-11,4.8
2015-14-11,4.8
2015-15-11,4.8
2015-16-11,4.8
2015-17-11,4.8
2015-18-11,4.8
2015-19-11,4.8
2015-20-11,4.8
2015-21-11,4.8
2015-22-11,4.8
2015-23-11,4.8
2015-24-11,4.8
2015-25-11,4.8
2015-26-11,4.8
2015-27-11,4.8
2015-28-11,4.8
2015-29-11,4.8
2015-30-11,4.8
2015-01-12,4.6
2015-02-12,4.6
2015-03-12,4.6
2015-04-12,4.6
2015-05-12,4.6
2015-06-12,4.6
2015-07-12,4.6
2015-08-12,4.6
2015-09-12,4.6
2015-10-12,4.6
2015-11-12,4.6
2015-12-12,4.6
2015-13-12,4.6
2015-14-12,4.6
2015-15-12,4.6
2015-16-12,4.6
2015-17-12,4.6
2015-18-12,4.6
2015-19-12,4.6
2015-20-12,4.6
2015-21-12,4.6
2015-22-12,4.6
2015-23-12,4.6
2015-24-12,4.6
2015-25-12,4.6
2015-26-12,4.6
2015-27-12,4.6
2015-28-12,4.6
2015-29-12,4.6
2015-30-12,4.6
2015-31-12,4.6
2016-01-01,5.4
2016-02-01,5.4
2016-03-01,5.4
2016-04-01,5.4
2016-05-01,5.4
2016-06-01,5.4
2016-07-01,5.4
2016-08-01,5.4
2016-09-01,5.4
2016-10-01,5.4
2016-11-01,5.4
2016-12-01,5.4
2016-13-01,5.4
2016-14-01,5.4
2016-15-01,5.4
2016-16-01,5.4
2016-17-01,5.4
2016-18-01,5.4
2016-19-01,5.4
2016-20-01,5.4
2016-21-01,5.4
2016-22-01,5.4
2016-23-01,5.4
2016-24-01,5.4
2016-25-01,5.4
2016-26-01,5.4
2016-27-01,5.4
2016-28-01,5.4
2016-29-01,5.4
2016-30-01,5.4
2016-31-01,5.4
2016-01-02,5.4
2016-02-02,5.4
2016-03-02,5.4
2016-04-02,5.4
2016-05-02,5.4
2016-06-02,5.4
2016-07-02,5.4
2016-08-02,5.4
2016-09-02,5.4
2016-10-02,5.4
2016-11-02,5.4
2016-12-02,5.4
2016-13-02,5.4
2016-14-02,5.4
2016-15-02,5.4
2016-16-02,5.4
2016-17-02,5.4
2016-18-02,5.4
2016-19-02,5.4
2016-20-02,5.4
2016-21-02,5.4
2016-22-02,5.4
2016-23-02,5.4
2016-24-02,5.4
2016-25-02,5.4
2016-26-02,5.4
2016-27-02,5.4
2016-28-02,5.4
2016-29-02,5.4
2016-01-03,5.1
2016-02-03,5.1
2016-03-03,5.1
2016-04-03,5.1
2016-05-03,5.1
2016-06-03,5.1
2016-07-03,5.1
2016-08-03,5.1
2016-09-03,5.1
2016-10-03,5.1
2016-11-03,5.1
2016-12-03,5.1
2016-13-03,5.1
2016-14-03,5.1
2016-15-03,5.1
2016-16-03,5.1
2016-17-03,5.1
2016-18-03,5.1
2016-19-03,5.1
2016-20-03,5.1
2016-21-03,5.1
2016-22-03,5.1
2016-23-03,5.1
2016-24-03,5.1
2016-25-03,5.1
2016-26-03,5.1
2016-27-03,5.1
2016-28-03,5.1
2016-29-03,5.1
2016-30-03,5.1
2016-31-03,5.1
2016-01-04,4.6
2016-02-04,4.6
2016-03-04,4.6
2016-04-04,4.6
2016-05-04,4.6
2016-06-04,4.6
2016-07-04,4.6
2016-08-04,4.6
2016-09-04,4.6
2016-10-04,4.6
2016-11-04,4.6
2016-12-04,4.6
2016-13-04,4.6
2016-14-04,4.6
2016-15-04,4.6
2016-16-04,4.6
2016-17-04,4.6
2016-18-04,4.6
2016-19-04,4.6
2016-20-04,4.6
2016-21-04,4.6
2016-22-04,4.6
2016-23-04,4.6
2016-24-04,4.6
2016-25-04,4.6
2016-26-04,4.6
2016-27-04,4.6
2016-28-04,4.6
2016-29-04,4.6
2016-30-04,4.6
2016-01-05,4.5
2016-02-05,4.5
2016-03-05,4.5
2016-04-05,4.5
2016-05-05,4.5
2016-06-05,4.5
2016-07-05,4.5
2016-08-05,4.5
2016-09-05,4.5
2016-10-05,4.5
2016-11-05,4.5
2016-12-05,4.5
2016-13-05,4.5
2016-14-05,4.5
2016-15-05,4.5
2016-16-05,4.5
2016-17-05,4.5
2016-18-05,4.5
2016-19-05,4.5
2016-20-05,4.5
2016-21-05,4.5
2016-22-05,4.5
2016-23-05,4.5
2016-24-05,4.5
2016-25-05,4.5
2016-26-05,4.5
2016-27-05,4.5
2016-28-05,4.5
2016-29-05,4.5
2016-30-05,4.5
2016-31-05,4.5
2016-01-06,5.4
2016-02-06,5.4
2016-03-06,5.4
2016-04-06,5.4
2016-05-06,5.4
2016-06-06,5.4
2016-07-06,5.4
2016-08-06,5.4
2016-09-06,5.4
2016-10-06,5.4
2016-11-06,5.4
2016-12-06,5.4
2016-13-06,5.4
2016-14-06,5.4
2016-15-06,5.4
2016-16-06,5.4
2016-17-06,5.4
2016-18-06,5.4
2016-19-06,5.4
2016-20-06,5.4
2016-21-06,5.4
2016-22-06,5.4
2016-23-06,5.4
2016-24-06,5.4
2016-25-06,5.4
2016-26-06,5.4
2016-27-06,5.4
2016-28-06,5.4
2016-29-06,5.4
2016-30-06,5.4
2016-01-07,5.3
2016-02-07,5.3
2016-03-07,5.3
2016-04-07,5.3
2016-05-07,5.3
2016-06-07,5.3
2016-07-07,5.3
2016-08-07,5.3
2016-09-07,5.3
2016-10-07,5.3
2016-11-07,5.3
2016-12-07,5.3
2016-13-07,5.3
2016-14-07,5.3
2016-15-07,5.3
2016-16-07,5.3
2016-17-07,5.3
2016-18-07,5.3
2016-19-07,5.3
2016-20-07,5.3
2016-21-07,5.3
2016-22-07,5.3
2016-23-07,5.3
2016-24-07,5.3
2016-25-07,5.3
2016-26-07,5.3
2016-27-07,5.3
2016-28-07,5.3
2016-29-07,5.3
2016-30-07,5.3
2016-31-07,5.3
2016-01-08,4.9
2016-02-08,4.9
2016-03-08,4.9
2016-04-08,4.9
2016-05-08,4.9
2016-06-08,4.9
2016-07-08,4.9
2016-08-08,4.9
2016-09-08,4.9
2016-10-08,4.9
2016-11-08,4.9
2016-12-08,4.9
2016-13-08,4.9
2016-14-08,4.9
2016-15-08,4.9
2016-16-08,4.9
2016-17-08,4.9
2016-18-08,4.9
2016-19-08,4.9
2016-20-08,4.9
2016-21-08,4.9
2016-22-08,4.9
2016-23-08,4.9
2016-24-08,4.9
2016-25-08,4.9
2016-26-08,4.9
2016-27-08,4.9
2016-28-08,4.9
2016-29-08,4.9
2016-30-08,4.9
2016-31-08,4.9
2016-01-09,4.1
2016-02-09,4.1
2016-03-09,4.1
2016-04-09,4.1
2016-05-09,4.1
2016-06-09,4.1
2016-07-09,4.1
2016-08-09,4.1
2016-09-09,4.1
2016-10-09,4.1
2016-11-09,4.1
2016-12-09,4.1
2016-13-09,4.1
2016-14-09,4.1
2016-15-09,4.1
2016-16-09,4.1
2016-17-09,4.1
2016-18-09,4.1
2016-19-09,4.1
2016-20-09,4.1
2016-21-09,4.1
2016-22-09,4.1
2016-23-09,4.1
2016-24-09,4.1
2016-25-09,4.1
2016-26-09,4.1
2016-27-09,4.1
2016-28-09,4.1
2016-29-09,4.1
2016-30-09,4.1
2016-01-10,4.0
2016-02-10,4.0
2016-03-10,4.0
2016-04-10,4.0
2016-05-10,4.0
2016-06-10,4.0
2016-07-10,4.0
2016-08-10,4.0
2016-09-10,4.0
2016-10-10,4.0
2016-11-10,4.0
2016-12-10,4.0
2016-13-10,4.0
2016-14-10,4.0
2016-15-10,4.0
2016-16-10,4.0
2016-17-10,4.0
2016-18-10,4.0
2016-19-10,4.0
2016-20-10,4.0
2016-21-10,4.0
2016-22-10,4.0
2016-23-10,4.0
2016-24-10,4.0
2016-25-10,4.0
2016-26-10,4.0
2016-27-10,4.0
2016-28-10,4.0
2016-29-10,4.0
2016-30-10,4.0
2016-31-10,4.0
2016-01-11,4.0
2016-02-11,4.0
2016-03-11,4.0
2016-04-11,4.0
2016-05-11,4.0
2016-06-11,4.0
2016-07-11,4.0
2016-08-11,4.0
2016-09-11,4.0
2016-10-11,4.0
2016-11-11,4.0
2016-12-11,4.0
2016-13-11,4.0
2016-14-11,4.0
2016-15-11,4.0
2016-16-11,4.0
2016-17-11,4.0
2016-18-11,4.0
2016-19-11,4.0
2016-20-11,4.0
2016-21-11,4.0
2016-22-11,4.0
2016-23-11,4.0
2016-24-11,4.0
2016-25-11,4.0
2016-26-11,4.0
2016-27-11,4.0
2016-28-11,4.0
2016-29-11,4.0
2016-30-11,4.0
2016-01-12,3.7
2016-02-12,3.7
2016-03-12,3.7
2016-04-12,3.7
2016-05-12,3.7
2016-06-12,3.7
2016-07-12,3.7
2016-08-12,3.7
2016-09-12,3.7
2016-10-12,3.7
2016-11-12,3.7
2016-12-12,3.7
2016-13-12,3.7
2016-14-12,3.7
2016-15-12,3.7
2016-16-12,3.7
2016-17-12,3.7
2016-18-12,3.7
2016-19-12,3.7
2016-20-12,3.7
2016-21-12,3.7
2016-22-12,3.7
2016-23-12,3.7
2016-24-12,3.7
2016-25-12,3.7
2016-26-12,3.7
2016-27-12,3.7
2016-28-12,3.7
2016-29-12,3.7
2016-30-12,3.7
2016-31-12,3.7
2017-01-01,4.5
2017-02-01,4.5
2017-03-01,4.5
2017-04-01,4.5
2017-05-01,4.5
2017-06-01,4.5
2017-07-01,4.5
2017-08-01,4.5
2017-09-01,4.5
2017-10-01,4.5
2017-11-01,4.5
2017-12-01,4.5
2017-13-01,4.5
2017-14-01,4.5
2017-15-01,4.5
2017-16-01,4.5
2017-17-01,4.5
2017-18-01,4.5
2017-19-01,4.5
2017-20-01,4.5
2017-21-01,4.5
2017-22-01,4.5
2017-23-01,4.5
2017-24-01,4.5
2017-25-01,4.5
2017-26-01,4.5
2017-27-01,4.5
2017-28-01,4.5
2017-29-01,4.5
2017-30-01,4.5
2017-31-01,4.5
2017-01-02,4.3
2017-02-02,4.3
2017-03-02,4.3
2017-04-02,4.3
2017-05-02,4.3
2017-06-02,4.3
2017-07-02,4.3
2017-08-02,4.3
2017-09-02,4.3
2017-10-02,4.3
2017-11-02,4.3
2017-12-02,4.3
2017-13-02,4.3
2017-14-02,4.3
2017-15-02,4.3
2017-16-02,4.3
2017-17-02,4.3
2017-18-02,4.3
2017-19-02,4.3
2017-20-02,4.3
2017-21-02,4.3
2017-22-02,4.3
2017-23-02,4.3
2017-24-02,4.3
2017-25-02,4.3
2017-26-02,4.3
2017-27-02,4.3
2017-28-02,4.3
2017-01-03,3.9
2017-02-03,3.9
2017-03-03,3.9
2017-04-03,3.9
2017-05-03,3.9
2017-06-03,3.9
2017-07-03,3.9
2017-08-03,3.9
2017-09-03,3.9
2017-10-03,3.9
2017-11-03,3.9
2017-12-03,3.9
2017-13-03,3.9
2017-14-03,3.9
2017-15-03,3.9
2017-16-03,3.9
2017-17-03,3.9
2017-18-03,3.9
2017-19-03,3.9
2017-20-03,3.9
2017-21-03,3.9
2017-22-03,3.9
2017-23-03,3.9
2017-24-03,3.9
2017-25-03,3.9
2017-26-03,3.9
2017-27-03,3.9
2017-28-03,3.9
2017-29-03,3.9
2017-30-03,3.9
2017-31-03,3.9
2017-01-04,2.9
2017-02-04,2.9
2017-03-04,2.9
2017-04-04,2.9
2017-05-04,2.9
2017-06-04,2.9
2017-07-04,2.9
2017-08-04,2.9
2017-09-04,2.9
2017-10-04,2.9
2017-11-04,2.9
2017-12-04,2.9
2017-13-04,2.9
2017-14-04,2.9
2017-15-04,2.9
2017-16-04,2.9
2017-17-04,2.9
2017-18-04,2.9
2017-19-04,2.9
2017-20-04,2.9
2017-21-04,2.9
2017-22-04,2.9
2017-23-04,2.9
2017-24-04,2.9
2017-25-04,2.9
2017-26-04,2.9
2017-27-04,2.9
2017-28-04,2.9
2017-29-04,2.9
2017-30-04,2.9
2017-01-05,3.3
2017-02-05,3.3
2017-03-05,3.3
2017-04-05,3.3
2017-05-05,3.3
2017-06-05,3.3
2017-07-05,3.3
2017-08-05,3.3
2017-09-05,3.3
2017-10-05,3.3
2017-11-05,3.3
2017-12-05,3.3
2017-13-05,3.3
2017-14-05,3.3
2017-15-05,3.3
2017-16-05,3.3
2017-17-05,3.3
2017-18-05,3.3
2017-19-05,3.3
2017-20-05,3.3
2017-21-05,3.3
2017-22-05,3.3
2017-23-05,3.3
2017-24-05,3.3
2017-25-05,3.3
2017-26-05,3.3
2017-27-05,3.3
2017-28-05,3.3
2017-29-05,3.3
2017-30-05,3.3
2017-31-05,3.3
2017-01-06,3.9
2017-02-06,3.9
2017-03-06,3.9
2017-04-06,3.9
2017-05-06,3.9
2017-06-06,3.9
2017-07-06,3.9
2017-08-06,3.9
2017-09-06,3.9
2017-10-06,3.9
2017-11-06,3.9
2017-12-06,3.9
2017-13-06,3.9
2017-14-06,3.9
2017-15-06,3.9
2017-16-06,3.9
2017-17-06,3.9
2017-18-06,3.9
2017-19-06,3.9
2017-20-06,3.9
2017-21-06,3.9
2017-22-06,3.9
2017-23-06,3.9
2017-24-06,3.9
2017-25-06,3.9
2017-26-06,3.9
2017-27-06,3.9
2017-28-06,3.9
2017-29-06,3.9
2017-30-06,3.9
2017-01-07,4.1
2017-02-07,4.1
2017-03-07,4.1
2017-04-07,4.1
2017-05-07,4.1
2017-06-07,4.1
2017-07-07,4.1
2017-08-07,4.1
2017-09-07,4.1
2017-10-07,4.1
2017-11-07,4.1
2017-12-07,4.1
2017-13-07,4.1
2017-14-07,4.1
2017-15-07,4.1
2017-16-07,4.1
2017-17-07,4.1
2017-18-07,4.1
2017-19-07,4.1
2017-20-07,4.1
2017-21-07,4.1
2017-22-07,4.1
2017-23-07,4.1
2017-24-07,4.1
2017-25-07,4.1
2017-26-07,4.1
2017-27-07,4.1
2017-28-07,4.1
2017-29-07,4.1
2017-30-07,4.1
2017-31-07,4.1
2017-01-08,4.3
2017-02-08,4.3
2017-03-08,4.3
2017-04-08,4.3
2017-05-08,4.3
2017-06-08,4.3
2017-07-08,4.3
2017-08-08,4.3
2017-09-08,4.3
2017-10-08,4.3
2017-11-08,4.3
2017-12-08,4.3
2017-13-08,4.3
2017-14-08,4.3
2017-15-08,4.3
2017-16-08,4.3
2017-17-08,4.3
2017-18-08,4.3
2017-19-08,4.3
2017-20-08,4.3
2017-21-08,4.3
2017-22-08,4.3
2017-23-08,4.3
2017-24-08,4.3
2017-25-08,4.3
2017-26-08,4.3
2017-27-08,4.3
2017-28-08,4.3
2017-29-08,4.3
2017-30-08,4.3
2017-31-08,4.3
2017-01-09,3.2
2017-02-09,3.2
2017-03-09,3.2
2017-04-09,3.2
2017-05-09,3.2
2017-06-09,3.2
2017-07-09,3.2
2017-08-09,3.2
2017-09-09,3.2
2017-10-09,3.2
2017-11-09,3.2
2017-12-09,3.2
2017-13-09,3.2
2017-14-09,3.2
2017-15-09,3.2
2017-16-09,3.2
2017-17-09,3.2
2017-18-09,3.2
2017-19-09,3.2
2017-20-09,3.2
2017-21-09,3.2
2017-22-09,3.2
2017-23-09,3.2
2017-24-09,3.2
2017-25-09,3.2
2017-26-09,3.2
2017-27-09,3.2
2017-28-09,3.2
2017-29-09,3.2
2017-30-09,3.2
2017-01-10,3.2
2017-02-10,3.2
2017-03-10,3.2
2017-04-10,3.2
2017-05-10,3.2
2017-06-10,3.2
2017-07-10,3.2
2017-08-10,3.2
2017-09-10,3.2
2017-10-10,3.2
2017-11-10,3.2
2017-12-10,3.2
2017-13-10,3.2
2017-14-10,3.2
2017-15-10,3.2
2017-16-10,3.2
2017-17-10,3.2
2017-18-10,3.2
2017-19-10,3.2
2017-20-10,3.2
2017-21-10,3.2
2017-22-10,3.2
2017-23-10,3.2
2017-24-10,3.2
2017-25-10,3.2
2017-26-10,3.2
2017-27-10,3.2
2017-28-10,3.2
2017-29-10,3.2
2017-30-10,3.2
2017-31-10,3.2
2017-01-11,3.6
2017-02-11,3.6
2017-03-11,3.6
2017-04-11,3.6
2017-05-11,3.6
2017-06-11,3.6
2017-07-11,3.6
2017-08-11,3.6
2017-09-11,3.6
2017-10-11,3.6
2017-11-11,3.6
2017-12-11,3.6
2017-13-11,3.6
2017-14-11,3.6
2017-15-11,3.6
2017-16-11,3.6
2017-17-11,3.6
2017-18-11,3.6
2017-19-11,3.6
2017-20-11,3.6
2017-21-11,3.6
2017-22-11,3.6
2017-23-11,3.6
2017-24-11,3.6
2017-25-11,3.6
2017-26-11,3.6
2017-27-11,3.6
2017-28-11,3.6
2017-29-11,3.6
2017-30-11,3.6
2017-01-12,2.9
2017-02-12,2.9
2017-03-12,2.9
2017-04-12,2.9
2017-05-12,2.9
2017-06-12,2.9
2017-07-12,2.9
2017-08-12,2.9
2017-09-12,2.9
2017-10-12,2.9
2017-11-12,2.9
2017-12-12,2.9
2017-13-12,2.9
2017-14-12,2.9
2017-15-12,2.9
2017-16-12,2.9
2017-17-12,2.9
2017-18-12,2.9
2017-19-12,2.9
2017-20-12,2.9
2017-21-12,2.9
2017-22-12,2.9
2017-23-12,2.9
2017-24-12,2.9
2017-25-12,2.9
2017-26-12,2.9
2017-27-12,2.9
2017-28-12,2.9
2017-29-12,2.9
2017-30-12,2.9
2017-31-12,2.9
2018-01-01,3.9
2018-02-01,3.9
2018-03-01,3.9
2018-04-01,3.9
2018-05-01,3.9
2018-06-01,3.9
2018-07-01,3.9
2018-08-01,3.9
2018-09-01,3.9
2018-10-01,3.9
2018-11-01,3.9
2018-12-01,3.9
2018-13-01,3.9
2018-14-01,3.9
2018-15-01,3.9
2018-16-01,3.9
2018-17-01,3.9
2018-18-01,3.9
2018-19-01,3.9
2018-20-01,3.9
2018-21-01,3.9
2018-22-01,3.9
2018-23-01,3.9
2018-24-01,3.9
2018-25-01,3.9
2018-26-01,3.9
2018-27-01,3.9
2018-28-01,3.9
2018-29-01,3.9
2018-30-01,3.9
2018-31-01,3.9
2018-01-02,4.0
2018-02-02,4.0
2018-03-02,4.0
2018-04-02,4.0
2018-05-02,4.0
2018-06-02,4.0
2018-07-02,4.0
2018-08-02,4.0
2018-09-02,4.0
2018-10-02,4.0
2018-11-02,4.0
2018-12-02,4.0
2018-13-02,4.0
2018-14-02,4.0
2018-15-02,4.0
2018-16-02,4.0
2018-17-02,4.0
2018-18-02,4.0
2018-19-02,4.0
2018-20-02,4.0
2018-21-02,4.0
2018-22-02,4.0
2018-23-02,4.0
2018-24-02,4.0
2018-25-02,4.0
2018-26-02,4.0
2018-27-02,4.0
2018-28-02,4.0
2018-01-03,3.7
2018-02-03,3.7
2018-03-03,3.7
2018-04-03,3.7
2018-05-03,3.7
2018-06-03,3.7
2018-07-03,3.7
2018-08-03,3.7
2018-09-03,3.7
2018-10-03,3.7
2018-11-03,3.7
2018-12-03,3.7
2018-13-03,3.7
2018-14-03,3.7
2018-15-03,3.7
2018-16-03,3.7
2018-17-03,3.7
2018-18-03,3.7
2018-19-03,3.7
2018-20-03,3.7
2018-21-03,3.7
2018-22-03,3.7
2018-23-03,3.7
2018-24-03,3.7
2018-25-03,3.7
2018-26-03,3.7
2018-27-03,3.7
2018-28-03,3.7
2018-29-03,3.7
2018-30-03,3.7
2018-31-03,3.7
2018-01-04,3.1
2018-02-04,3.1
2018-03-04,3.1
2018-04-04,3.1
2018-05-04,3.1
2018-06-04,3.1
2018-07-04,3.1
2018-08-04,3.1
2018-09-04,3.1
2018-10-04,3.1
2018-11-04,3.1
2018-12-04,3.1
2018-13-04,3.1
2018-14-04,3.1
2018-15-04,3.1
2018-16-04,3.1
2018-17-04,3.1
2018-18-04,3.1
2018-19-04,3.1
2018-20-04,3.1
2018-21-04,3.1
2018-22-04,3.1
2018-23-04,3.1
2018-24-04,3.1
2018-25-04,3.1
2018-26-04,3.1
2018-27-04,3.1
2018-28-04,3.1
2018-29-04,3.1
2018-30-04,3.1
2018-01-05,3.5
2018-02-05,3.5
2018-03-05,3.5
2018-04-05,3.5
2018-05-05,3.5
2018-06-05,3.5
2018-07-05,3.5
2018-08-05,3.5
2018-09-05,3.5
2018-10-05,3.5
2018-11-05,3.5
2018-12-05,3.5
2018-13-05,3.5
2018-14-05,3.5
2018-15-05,3.5
2018-16-05,3.5
2018-17-05,3.5
2018-18-05,3.5
2018-19-05,3.5
2018-20-05,3.5
2018-21-05,3.5
2018-22-05,3.5
2018-23-05,3.5
2018-24-05,3.5
2018-25-05,3.5
2018-26-05,3.5
2018-27-05,3.5
2018-28-05,3.5
2018-29-05,3.5
2018-30-05,3.5
2018-31-05,3.5
2018-01-06,4.3
2018-02-06,4.3
2018-03-06,4.3
2018-04-06,4.3
2018-05-06,4.3
2018-06-06,4.3
2018-07-06,4.3
2018-08-06,4.3
2018-09-06,4.3
2018-10-06,4.3
2018-11-06,4.3
2018-12-06,4.3
2018-13-06,4.3
2018-14-06,4.3
2018-15-06,4.3
2018-16-06,4.3
2018-17-06,4.3
2018-18-06,4.3
2018-19-06,4.3
2018-20-06,4.3
2018-21-06,4.3
2018-22-06,4.3
2018-23-06,4.3
2018-24-06,4.3
2018-25-06,4.3
2018-26-06,4.3
2018-27-06,4.3
2018-28-06,4.3
2018-29-06,4.3
2018-30-06,4.3
2018-01-07,4.2
2018-02-07,4.2
2018-03-07,4.2
2018-04-07,4.2
2018-05-07,4.2
2018-06-07,4.2
2018-07-07,4.2
2018-08-07,4.2
2018-09-07,4.2
2018-10-07,4.2
2018-11-07,4.2
2018-12-07,4.2
2018-13-07,4.2
2018-14-07,4.2
2018-15-07,4.2
2018-16-07,4.2
2018-17-07,4.2
2018-18-07,4.2
2018-19-07,4.2
2018-20-07,4.2
2018-21-07,4.2
2018-22-07,4.2
2018-23-07,4.2
2018-24-07,4.2
2018-25-07,4.2
2018-26-07,4.2
2018-27-07,4.2
2018-28-07,4.2
2018-29-07,4.2
2018-30-07,4.2
2018-31-07,4.2
2018-01-08,4.0
2018-02-08,4.0
2018-03-08,4.0
2018-04-08,4.0
2018-05-08,4.0
2018-06-08,4.0
2018-07-08,4.0
2018-08-08,4.0
2018-09-08,4.0
2018-10-08,4.0
2018-11-08,4.0
2018-12-08,4.0
2018-13-08,4.0
2018-14-08,4.0
2018-15-08,4.0
2018-16-08,4.0
2018-17-08,4.0
2018-18-08,4.0
2018-19-08,4.0
2018-20-08,4.0
2018-21-08,4.0
2018-22-08,4.0
2018-23-08,4.0
2018-24-08,4.0
2018-25-08,4.0
2018-26-08,4.0
2018-27-08,4.0
2018-28-08,4.0
2018-29-08,4.0
2018-30-08,4.0
2018-31-08,4.0
2018-01-09,2.9
2018-02-09,2.9
2018-03-09,2.9
2018-04-09,2.9
2018-05-09,2.9
2018-06-09,2.9
2018-07-09,2.9
2018-08-09,2.9
2018-09-09,2.9
2018-10-09,2.9
2018-11-09,2.9
2018-12-09,2.9
2018-13-09,2.9
2018-14-09,2.9
2018-15-09,2.9
2018-16-09,2.9
2018-17-09,2.9
2018-18-09,2.9
2018-19-09,2.9
2018-20-09,2.9
2018-21-09,2.9
2018-22-09,2.9
2018-23-09,2.9
2018-24-09,2.9
2018-25-09,2.9
2018-26-09,2.9
2018-27-09,2.9
2018-28-09,2.9
2018-29-09,2.9
2018-30-09,2.9
2018-01-10,3.7
2018-02-10,3.7
2018-03-10,3.7
2018-04-10,3.7
2018-05-10,3.7
2018-06-10,3.7
2018-07-10,3.7
2018-08-10,3.7
2018-09-10,3.7
2018-10-10,3.7
2018-11-10,3.7
2018-12-10,3.7
2018-13-10,3.7
2018-14-10,3.7
2018-15-10,3.7
2018-16-10,3.7
2018-17-10,3.7
2018-18-10,3.7
2018-19-10,3.7
2018-20-10,3.7
2018-21-10,3.7
2018-22-10,3.7
2018-23-10,3.7
2018-24-10,3.7
2018-25-10,3.7
2018-26-10,3.7
2018-27-10,3.7
2018-28-10,3.7
2018-29-10,3.7
2018-30-10,3.7
2018-31-10,3.7
2018-01-11,3.5
2018-02-11,3.5
2018-03-11,3.5
2018-04-11,3.5
2018-05-11,3.5
2018-06-11,3.5
2018-07-11,3.5
2018-08-11,3.5
2018-09-11,3.5
2018-10-11,3.5
2018-11-11,3.5
2018-12-11,3.5
2018-13-11,3.5
2018-14-11,3.5
2018-15-11,3.5
2018-16-11,3.5
2018-17-11,3.5
2018-18-11,3.5
2018-19-11,3.5
2018-20-11,3.5
2018-21-11,3.5
2018-22-11,3.5
2018-23-11,3.5
2018-24-11,3.5
2018-25-11,3.5
2018-26-11,3.5
2018-27-11,3.5
2018-28-11,3.5
2018-29-11,3.5
2018-30-11,3.5
2018-01-12,3.3
2018-02-12,3.3
2018-03-12,3.3
2018-04-12,3.3
2018-05-12,3.3
2018-06-12,3.3
2018-07-12,3.3
2018-08-12,3.3
2018-09-12,3.3
2018-10-12,3.3
2018-11-12,3.3
2018-12-12,3.3
2018-13-12,3.3
2018-14-12,3.3
2018-15-12,3.3
2018-16-12,3.3
2018-17-12,3.3
2018-18-12,3.3
2018-19-12,3.3
2018-20-12,3.3
2018-21-12,3.3
2018-22-12,3.3
2018-23-12,3.3
2018-24-12,3.3
2018-25-12,3.3
2018-26-12,3.3
2018-27-12,3.3
2018-28-12,3.3
2018-29-12,3.3
2018-30-12,3.3
2018-31-12,3.3
2019-01-01,4.5
2019-02-01,4.5
2019-03-01,4.5
2019-04-01,4.5
2019-05-01,4.5
2019-06-01,4.5
2019-07-01,4.5
2019-08-01,4.5
2019-09-01,4.5
2019-10-01,4.5
2019-11-01,4.5
2019-12-01,4.5
2019-13-01,4.5
2019-14-01,4.5
2019-15-01,4.5
2019-16-01,4.5
2019-17-01,4.5
2019-18-01,4.5
2019-19-01,4.5
2019-20-01,4.5
2019-21-01,4.5
2019-22-01,4.5
2019-23-01,4.5
2019-24-01,4.5
2019-25-01,4.5
2019-26-01,4.5
2019-27-01,4.5
2019-28-01,4.5
2019-29-01,4.5
2019-30-01,4.5
2019-31-01,4.5
2019-01-02,4.2
2019-02-02,4.2
2019-03-02,4.2
2019-04-02,4.2
2019-05-02,4.2
2019-06-02,4.2
2019-07-02,4.2
2019-08-02,4.2
2019-09-02,4.2
2019-10-02,4.2
2019-11-02,4.2
2019-12-02,4.2
2019-13-02,4.2
2019-14-02,4.2
2019-15-02,4.2
2019-16-02,4.2
2019-17-02,4.2
2019-18-02,4.2
2019-19-02,4.2
2019-20-02,4.2
2019-21-02,4.2
2019-22-02,4.2
2019-23-02,4.2
2019-24-02,4.2
2019-25-02,4.2
2019-26-02,4.2
2019-27-02,4.2
2019-28-02,4.2
2019-01-03,3.7
2019-02-03,3.7
2019-03-03,3.7
2019-04-03,3.7
2019-05-03,3.7
2019-06-03,3.7
2019-07-03,3.7
2019-08-03,3.7
2019-09-03,3.7
2019-10-03,3.7
2019-11-03,3.7
2019-12-03,3.7
2019-13-03,3.7
2019-14-03,3.7
2019-15-03,3.7
2019-16-03,3.7
2019-17-03,3.7
2019-18-03,3.7
2019-19-03,3.7
2019-20-03,3.7
2019-21-03,3.7
2019-22-03,3.7
2019-23-03,3.7
2019-24-03,3.7
2019-25-03,3.7
2019-26-03,3.7
2019-27-03,3.7
2019-28-03,3.7
2019-29-03,3.7
2019-30-03,3.7
2019-31-03,3.7
2019-01-04,2.6
2019-02-04,2.6
2019-03-04,2.6
2019-04-04,2.6
2019-05-04,2.6
2019-06-04,2.6
2019-07-04,2.6
2019-08-04,2.6
2019-09-04,2.6
2019-10-04,2.6
2019-11-04,2.6
2019-12-04,2.6
2019-13-04,2.6
2019-14-04,2.6
2019-15-04,2.6
2019-16-04,2.6
2019-17-04,2.6
2019-18-04,2.6
2019-19-04,2.6
2019-20-04,2.6
2019-21-04,2.6
2019-22-04,2.6
2019-23-04,2.6
2019-24-04,2.6
2019-25-04,2.6
2019-26-04,2.6
2019-27-04,2.6
2019-28-04,2.6
2019-29-04,2.6
2019-30-04,2.6
2019-01-05,3.3
2019-02-05,3.3
2019-03-05,3.3
2019-04-05,3.3
2019-05-05,3.3
2019-06-05,3.3
2019-07-05,3.3
2019-08-05,3.3
2019-09-05,3.3
2019-10-05,3.3
2019-11-05,3.3
2019-12-05,3.3
2019-13-05,3.3
2019-14-05,3.3
2019-15-05,3.3
2019-16-05,3.3
2019-17-05,3.3
2019-18-05,3.3
2019-19-05,3.3
2019-20-05,3.3
2019-21-05,3.3
2019-22-05,3.3
2019-23-05,3.3
2019-24-05,3.3
2019-25-05,3.3
2019-26-05,3.3
2019-27-05,3.3
2019-28-05,3.3
2019-29-05,3.3
2019-30-05,3.3
2019-31-05,3.3
2019-01-06,3.9
2019-02-06,3.9
2019-03-06,3.9
2019-04-06,3.9
2019-05-06,3.9
2019-06-06,3.9
2019-07-06,3.9
2019-08-06,3.9
2019-09-06,3.9
2019-10-06,3.9
2019-11-06,3.9
2019-12-06,3.9
2019-13-06,3.9
2019-14-06,3.9
2019-15-06,3.9
2019-16-06,3.9
2019-17-06,3.9
2019-18-06,3.9
2019-19-06,3.9
2019-20-06,3.9
2019-21-06,3.9
2019-22-06,3.9
2019-23-06,3.9
2019-24-06,3.9
2019-25-06,3.9
2019-26-06,3.9
2019-27-06,3.9
2019-28-06,3.9
2019-29-06,3.9
2019-30-06,3.9
2019-01-07,3.9
2019-02-07,3.9
2019-03-07,3.9
2019-04-07,3.9
2019-05-07,3.9
2019-06-07,3.9
2019-07-07,3.9
2019-08-07,3.9
2019-09-07,3.9
2019-10-07,3.9
2019-11-07,3.9
2019-12-07,3.9
2019-13-07,3.9
2019-14-07,3.9
2019-15-07,3.9
2019-16-07,3.9
2019-17-07,3.9
2019-18-07,3.9
2019-19-07,3.9
2019-20-07,3.9
2019-21-07,3.9
2019-22-07,3.9
2019-23-07,3.9
2019-24-07,3.9
2019-25-07,3.9
2019-26-07,3.9
2019-27-07,3.9
2019-28-07,3.9
2019-29-07,3.9
2019-30-07,3.9
2019-31-07,3.9
2019-01-08,3.5
2019-02-08,3.5
2019-03-08,3.5
2019-04-08,3.5
2019-05-08,3.5
2019-06-08,3.5
2019-07-08,3.5
2019-08-08,3.5
2019-09-08,3.5
2019-10-08,3.5
2019-11-08,3.5
2019-12-08,3.5
2019-13-08,3.5
2019-14-08,3.5
2019-15-08,3.5
2019-16-08,3.5
2019-17-08,3.5
2019-18-08,3.5
2019-19-08,3.5
2019-20-08,3.5
2019-21-08,3.5
2019-22-08,3.5
2019-23-08,3.5
2019-24-08,3.5
2019-25-08,3.5
2019-26-08,3.5
2019-27-08,3.5
2019-28-08,3.5
2019-29-08,3.5
2019-30-08,3.5
2019-31-08,3.5
2019-01-09,2.6
2019-02-09,2.6
2019-03-09,2.6
2019-04-09,2.6
2019-05-09,2.6
2019-06-09,2.6
2019-07-09,2.6
2019-08-09,2.6
2019-09-09,2.6
2019-10-09,2.6
2019-11-09,2.6
2019-12-09,2.6
2019-13-09,2.6
2019-14-09,2.6
2019-15-09,2.6
2019-16-09,2.6
2019-17-09,2.6
2019-18-09,2.6
2019-19-09,2.6
2019-20-09,2.6
2019-21-09,2.6
2019-22-09,2.6
2019-23-09,2.6
2019-24-09,2.6
2019-25-09,2.6
2019-26-09,2.6
2019-27-09,2.6
2019-28-09,2.6
2019-29-09,2.6
2019-30-09,2.6
2019-01-10,3.0
2019-02-10,3.0
2019-03-10,3.0
2019-04-10,3.0
2019-05-10,3.0
2019-06-10,3.0
2019-07-10,3.0
2019-08-10,3.0
2019-09-10,3.0
2019-10-10,3.0
2019-11-10,3.0
2019-12-10,3.0
2019-13-10,3.0
2019-14-10,3.0
2019-15-10,3.0
2019-16-10,3.0
2019-17-10,3.0
2019-18-10,3.0
2019-19-10,3.0
2019-20-10,3.0
2019-21-10,3.0
2019-22-10,3.0
2019-23-10,3.0
2019-24-10,3.0
2019-25-10,3.0
2019-26-10,3.0
2019-27-10,3.0
2019-28-10,3.0
2019-29-10,3.0
2019-30-10,3.0
2019-31-10,3.0
2019-01-11,3.1
2019-02-11,3.1
2019-03-11,3.1
2019-04-11,3.1
2019-05-11,3.1
2019-06-11,3.1
2019-07-11,3.1
2019-08-11,3.1
2019-09-11,3.1
2019-10-11,3.1
2019-11-11,3.1
2019-12-11,3.1
2019-13-11,3.1
2019-14-11,3.1
2019-15-11,3.1
2019-16-11,3.1
2019-17-11,3.1
2019-18-11,3.1
2019-19-11,3.1
2019-20-11,3.1
2019-21-11,3.1
2019-22-11,3.1
2019-23-11,3.1
2019-24-11,3.1
2019-25-11,3.1
2019-26-11,3.1
2019-27-11,3.1
2019-28-11,3.1
2019-29-11,3.1
2019-30-11,3.1
2019-01-12,2.6
2019-02-12,2.6
2019-03-12,2.6
2019-04-12,2.6
2019-05-12,2.6
2019-06-12,2.6
2019-07-12,2.6
2019-08-12,2.6
2019-09-12,2.6
2019-10-12,2.6
2019-11-12,2.6
2019-12-12,2.6
2019-13-12,2.6
2019-14-12,2.6
2019-15-12,2.6
2019-16-12,2.6
2019-17-12,2.6
2019-18-12,2.6
2019-19-12,2.6
2019-20-12,2.6
2019-21-12,2.6
2019-22-12,2.6
2019-23-12,2.6
2019-24-12,2.6
2019-25-12,2.6
2019-26-12,2.6
2019-27-12,2.6
2019-28-12,2.6
2019-29-12,2.6
2019-30-12,2.6
2019-31-12,2.6
2020-01-01,3.6
2020-02-01,3.6
2020-03-01,3.6
2020-04-01,3.6
2020-05-01,3.6
2020-06-01,3.6
2020-07-01,3.6
2020-08-01,3.6
2020-09-01,3.6
2020-10-01,3.6
2020-11-01,3.6
2020-12-01,3.6
2020-13-01,3.6
2020-14-01,3.6
2020-15-01,3.6
2020-16-01,3.6
2020-17-01,3.6
2020-18-01,3.6
2020-19-01,3.6
2020-20-01,3.6
2020-21-01,3.6
2020-22-01,3.6
2020-23-01,3.6
2020-24-01,3.6
2020-25-01,3.6
2020-26-01,3.6
2020-27-01,3.6
2020-28-01,3.6
2020-29-01,3.6
2020-30-01,3.6
2020-31-01,3.6
2020-01-02,3.5
2020-02-02,3.5
2020-03-02,3.5
2020-04-02,3.5
2020-05-02,3.5
2020-06-02,3.5
2020-07-02,3.5
2020-08-02,3.5
2020-09-02,3.5
2020-10-02,3.5
2020-11-02,3.5
2020-12-02,3.5
2020-13-02,3.5
2020-14-02,3.5
2020-15-02,3.5
2020-16-02,3.5
2020-17-02,3.5
2020-18-02,3.5
2020-19-02,3.5
2020-20-02,3.5
2020-21-02,3.5
2020-22-02,3.5
2020-23-02,3.5
2020-24-02,3.5
2020-25-02,3.5
2020-26-02,3.5
2020-27-02,3.5
2020-28-02,3.5
2020-29-02,3.5
2020-01-03,4.2
2020-02-03,4.2
2020-03-03,4.2
2020-04-03,4.2
2020-05-03,4.2
2020-06-03,4.2
2020-07-03,4.2
2020-08-03,4.2
2020-09-03,4.2
2020-10-03,4.2
2020-11-03,4.2
2020-12-03,4.2
2020-13-03,4.2
2020-14-03,4.2
2020-15-03,4.2
2020-16-03,4.2
2020-17-03,4.2
2020-18-03,4.2
2020-19-03,4.2
2020-20-03,4.2
2020-21-03,4.2
2020-22-03,4.2
2020-23-03,4.2
2020-24-03,4.2
2020-25-03,4.2
2020-26-03,4.2
2020-27-03,4.2
2020-28-03,4.2
2020-29-03,4.2
2020-30-03,4.2
2020-31-03,4.2
2020-01-04,10.1
2020-02-04,10.1
2020-03-04,10.1
2020-04-04,10.1
2020-05-04,10.1
2020-06-04,10.1
2020-07-04,10.1
2020-08-04,10.1
2020-09-04,10.1
2020-10-04,10.1
2020-11-04,10.1
2020-12-04,10.1
2020-13-04,10.1
2020-14-04,10.1
2020-15-04,10.1
2020-16-04,10.1
2020-17-04,10.1
2020-18-04,10.1
2020-19-04,10.1
2020-20-04,10.1
2020-21-04,10.1
2020-22-04,10.1
2020-23-04,10.1
2020-24-04,10.1
2020-25-04,10.1
2020-26-04,10.1
2020-27-04,10.1
2020-28-04,10.1
2020-29-04,10.1
2020-30-04,10.1
2020-01-05,8.9
2020-02-05,8.9
2020-03-05,8.9
2020-04-05,8.9
2020-05-05,8.9
2020-06-05,8.9
2020-07-05,8.9
2020-08-05,8.9
2020-09-05,8.9
2020-10-05,8.9
2020-11-05,8.9
2020-12-05,8.9
2020-13-05,8.9
2020-14-05,8.9
2020-15-05,8.9
2020-16-05,8.9
2020-17-05,8.9
2020-18-05,8.9
2020-19-05,8.9
2020-20-05,8.9
2020-21-05,8.9
2020-22-05,8.9
2020-23-05,8.9
2020-24-05,8.9
2020-25-05,8.9
2020-26-05,8.9
2020-27-05,8.9
2020-28-05,8.9
2020-29-05,8.9
2020-30-05,8.9
2020-31-05,8.9
2020-01-06,8.6
2020-02-06,8.6
2020-03-06,8.6
2020-04-06,8.6
2020-05-06,8.6
2020-06-06,8.6
2020-07-06,8.6
2020-08-06,8.6
2020-09-06,8.6
2020-10-06,8.6
2020-11-06,8.6
2020-12-06,8.6
2020-13-06,8.6
2020-14-06,8.6
2020-15-06,8.6
2020-16-06,8.6
2020-17-06,8.6
2020-18-06,8.6
2020-19-06,8.6
2020-20-06,8.6
2020-21-06,8.6
2020-22-06,8.6
2020-23-06,8.6
2020-24-06,8.6
2020-25-06,8.6
2020-26-06,8.6
2020-27-06,8.6
2020-28-06,8.6
2020-29-06,8.6
2020-30-06,8.6
2020-01-07,8.1
2020-02-07,8.1
2020-03-07,8.1
2020-04-07,8.1
2020-05-07,8.1
2020-06-07,8.1
2020-07-07,8.1
2020-08-07,8.1
2020-09-07,8.1
2020-10-07,8.1
2020-11-07,8.1
2020-12-07,8.1
2020-13-07,8.1
2020-14-07,8.1
2020-15-07,8.1
2020-16-07,8.1
2020-17-07,8.1
2020-18-07,8.1
2020-19-07,8.1
2020-20-07,8.1
2020-21-07,8.1
2020-22-07,8.1
2020-23-07,8.1
2020-24-07,8.1
2020-25-07,8.1
2020-26-07,8.1
2020-27-07,8.1
2020-28-07,8.1
2020-29-07,8.1
2020-30-07,8.1
2020-31-07,8.1
2020-01-08,5.9
2020-02-08,5.9
2020-03-08,5.9
2020-04-08,5.9
2020-05-08,5.9
2020-06-08,5.9
2020-07-08,5.9
2020-08-08,5.9
2020-09-08,5.9
2020-10-08,5.9
2020-11-08,5.9
2020-12-08,5.9
2020-13-08,5.9
2020-14-08,5.9
2020-15-08,5.9
2020-16-08,5.9
2020-17-08,5.9
2020-18-08,5.9
2020-19-08,5.9
2020-20-08,5.9
2020-21-08,5.9
2020-22-08,5.9
2020-23-08,5.9
2020-24-08,5.9
2020-25-08,5.9
2020-26-08,5.9
2020-27-08,5.9
2020-28-08,5.9
2020-29-08,5.9
2020-30-08,5.9
2020-31-08,5.9
2020-01-09,4.9
2020-02-09,4.9
2020-03-09,4.9
2020-04-09,4.9
2020-05-09,4.9
2020-06-09,4.9
2020-07-09,4.9
2020-08-09,4.9
2020-09-09,4.9
2020-10-09,4.9
2020-11-09,4.9
2020-12-09,4.9
2020-13-09,4.9
2020-14-09,4.9
2020-15-09,4.9
2020-16-09,4.9
2020-17-09,4.9
2020-18-09,4.9
2020-19-09,4.9
2020-20-09,4.9
2020-21-09,4.9
2020-22-09,4.9
2020-23-09,4.9
2020-24-09,4.9
2020-25-09,4.9
2020-26-09,4.9
2020-27-09,4.9
2020-28-09,4.9
2020-29-09,4.9
2020-30-09,4.9
2020-01-10,4.5
2020-02-10,4.5
2020-03-10,4.5
2020-04-10,4.5
2020-05-10,4.5
2020-06-10,4.5
2020-07-10,4.5
2020-08-10,4.5
2020-09-10,4.5
2020-10-10,4.5
2020-11-10,4.5
2020-12-10,4.5
2020-13-10,4.5
2020-14-10,4.5
2020-15-10,4.5
2020-16-10,4.5
2020-17-10,4.5
2020-18-10,4.5
2020-19-10,4.5
2020-20-10,4.5
2020-21-10,4.5
2020-22-10,4.5
2020-23-10,4.5
2020-24-10,4.5
2020-25-10,4.5
2020-26-10,4.5
2020-27-10,4.5
2020-28-10,4.5
2020-29-10,4.5
2020-30-10,4.5
2020-31-10,4.5
2020-01-11,4.0
2020-02-11,4.0
2020-03-11,4.0
2020-04-11,4.0
2020-05-11,4.0
2020-06-11,4.0
2020-07-11,4.0
2020-08-11,4.0
2020-09-11,4.0
2020-10-11,4.0
2020-11-11,4.0
2020-12-11,4.0
2020-13-11,4.0
2020-14-11,4.0
2020-15-11,4.0
2020-16-11,4.0
2020-17-11,4.0
2020-18-11,4.0
2020-19-11,4.0
2020-20-11,4.0
2020-21-11,4.0
2020-22-11,4.0
2020-23-11,4.0
2020-24-11,4.0
2020-25-11,4.0
2020-26-11,4.0
2020-27-11,4.0
2020-28-11,4.0
2020-29-11,4.0
2020-30-11,4.0
2020-01-12,3.9
2020-02-12,3.9
2020-03-12,3.9
2020-04-12,3.9
2020-05-12,3.9
2020-06-12,3.9
2020-07-12,3.9
2020-08-12,3.9
2020-09-12,3.9
2020-10-12,3.9
2020-11-12,3.9
2020-12-12,3.9
2020-13-12,3.9
2020-14-12,3.9
2020-15-12,3.9
2020-16-12,3.9
2020-17-12,3.9
2020-18-12,3.9
2020-19-12,3.9
2020-20-12,3.9
2020-21-12,3.9
2020-22-12,3.9
2020-23-12,3.9
2020-24-12,3.9
2020-25-12,3.9
2020-26-12,3.9
2020-27-12,3.9
2020-28-12,3.9
2020-29-12,3.9
2020-30-12,3.9
2020-31-12,3.9
2021-01-01,4.6
2021-02-01,4.6
2021-03-01,4.6
2021-04-01,4.6
2021-05-01,4.6
2021-06-01,4.6
2021-07-01,4.6
2021-08-01,4.6
2021-09-01,4.6
2021-10-01,4.6
2021-11-01,4.6
2021-12-01,4.6
2021-13-01,4.6
2021-14-01,4.6
2021-15-01,4.6
2021-16-01,4.6
2021-17-01,4.6
2021-18-01,4.6
2021-19-01,4.6
2021-20-01,4.6
2021-21-01,4.6
2021-22-01,4.6
2021-23-01,4.6
2021-24-01,4.6
2021-25-01,4.6
2021-26-01,4.6
2021-27-01,4.6
2021-28-01,4.6
2021-29-01,4.6
2021-30-01,4.6
2021-31-01,4.6
2021-01-02,4.6
2021-02-02,4.6
2021-03-02,4.6
2021-04-02,4.6
2021-05-02,4.6
2021-06-02,4.6
2021-07-02,4.6
2021-08-02,4.6
2021-09-02,4.6
2021-10-02,4.6
2021-11-02,4.6
2021-12-02,4.6
2021-13-02,4.6
2021-14-02,4.6
2021-15-02,4.6
2021-16-02,4.6
2021-17-02,4.6
2021-18-02,4.6
2021-19-02,4.6
2021-20-02,4.6
2021-21-02,4.6
2021-22-02,4.6
2021-23-02,4.6
2021-24-02,4.6
2021-25-02,4.6
2021-26-02,4.6
2021-27-02,4.6
2021-28-02,4.6
2021-01-03,4.3
2021-02-03,4.3
2021-03-03,4.3
2021-04-03,4.3
2021-05-03,4.3
2021-06-03,4.3
2021-07-03,4.3
2021-08-03,4.3
2021-09-03,4.3
2021-10-03,4.3
2021-11-03,4.3
2021-12-03,4.3
2021-13-03,4.3
2021-14-03,4.3
2021-15-03,4.3
2021-16-03,4.3
2021-17-03,4.3
2021-18-03,4.3
2021-19-03,4.3
2021-20-03,4.3
2021-21-03,4.3
2021-22-03,4.3
2021-23-03,4.3
2021-24-03,4.3
2021-25-03,4.3
2021-26-03,4.3
2021-27-03,4.3
2021-28-03,4.3
2021-29-03,4.3
2021-30-03,4.3
2021-31-03,4.3
2021-01-04,3.3
2021-02-04,3.3
2021-03-04,3.3
2021-04-04,3.3
2021-05-04,3.3
2021-06-04,3.3
2021-07-04,3.3
2021-08-04,3.3
2021-09-04,3.3
2021-10-04,3.3
2021-11-04,3.3
2021-12-04,3.3
2021-13-04,3.3
2021-14-04,3.3
2021-15-04,3.3
2021-16-04,3.3
2021-17-04,3.3
2021-18-04,3.3
2021-19-04,3.3
2021-20-04,3.3
2021-21-04,3.3
2021-22-04,3.3
2021-23-04,3.3
2021-24-04,3.3
2021-25-04,3.3
2021-26-04,3.3
2021-27-04,3.3
2021-28-04,3.3
2021-29-04,3.3
2021-30-04,3.3
2021-01-05,3.4
2021-02-05,3.4
2021-03-05,3.4
2021-04-05,3.4
2021-05-05,3.4
2021-06-05,3.4
2021-07-05,3.4
2021-08-05,3.4
2021-09-05,3.4
2021-10-05,3.4
2021-11-05,3.4
2021-12-05,3.4
2021-13-05,3.4
2021-14-05,3.4
2021-15-05,3.4
2021-16-05,3.4
2021-17-05,3.4
2021-18-05,3.4
2021-19-05,3.4
2021-20-05,3.4
2021-21-05,3.4
2021-22-05,3.4
2021-23-05,3.4
2021-24-05,3.4
2021-25-05,3.4
2021-26-05,3.4
2021-27-05,3.4
2021-28-05,3.4
2021-29-05,3.4
2021-30-05,3.4
2021-31-05,3.4
2021-01-06,4.0
2021-02-06,4.0
2021-03-06,4.0
2021-04-06,4.0
2021-05-06,4.0
2021-06-06,4.0
2021-07-06,4.0
2021-08-06,4.0
2021-09-06,4.0
2021-10-06,4.0
2021-11-06,4.0
2021-12-06,4.0
2021-13-06,4.0
2021-14-06,4.0
2021-15-06,4.0
2021-16-06,4.0
2021-17-06,4.0
2021-18-06,4.0
2021-19-06,4.0
2021-20-06,4.0
2021-21-06,4.0
2021-22-06,4.0
2021-23-06,4.0
2021-24-06,4.0
2021-25-06,4.0
2021-26-06,4.0
2021-27-06,4.0
2021-28-06,4.0
2021-29-06,4.0
2021-30-06,4.0
2021-01-07,3.5
2021-02-07,3.5
2021-03-07,3.5
2021-04-07,3.5
2021-05-07,3.5
2021-06-07,3.5
2021-07-07,3.5
2021-08-07,3.5
2021-09-07,3.5
2021-10-07,3.5
2021-11-07,3.5
2021-12-07,3.5
2021-13-07,3.5
2021-14-07,3.5
2021-15-07,3.5
2021-16-07,3.5
2021-17-07,3.5
2021-18-07,3.5
2021-19-07,3.5
2021-20-07,3.5
2021-21-07,3.5
2021-22-07,3.5
2021-23-07,3.5
2021-24-07,3.5
2021-25-07,3.5
2021-26-07,3.5
2021-27-07,3.5
2021-28-07,3.5
2021-29-07,3.5
2021-30-07,3.5
2021-31-07,3.5
2021-01-08,3.2
2021-02-08,3.2
2021-03-08,3.2
2021-04-08,3.2
2021-05-08,3.2
2021-06-08,3.2
2021-07-08,3.2
2021-08-08,3.2
2021-09-08,3.2
2021-10-08,3.2
2021-11-08,3.2
2021-12-08,3.2
2021-13-08,3.2
2021-14-08,3.2
2021-15-08,3.2
2021-16-08,3.2
2021-17-08,3.2
2021-18-08,3.2
2021-19-08,3.2
2021-20-08,3.2
2021-21-08,3.2
2021-22-08,3.2
2021-23-08,3.2
2021-24-08,3.2
2021-25-08,3.2
2021-26-08,3.2
2021-27-08,3.2
2021-28-08,3.2
2021-29-08,3.2
2021-30-08,3.2
2021-31-08,3.2
2021-01-09,2.5
2021-02-09,2.5
2021-03-09,2.5
2021-04-09,2.5
2021-05-09,2.5
2021-06-09,2.5
2021-07-09,2.5
2021-08-09,2.5
2021-09-09,2.5
2021-10-09,2.5
2021-11-09,2.5
2021-12-09,2.5
2021-13-09,2.5
2021-14-09,2.5
2021-15-09,2.5
2021-16-09,2.5
2021-17-09,2.5
2021-18-09,2.5
2021-19-09,2.5
2021-20-09,2.5
2021-21-09,2.5
2021-22-09,2.5
2021-23-09,2.5
2021-24-09,2.5
2021-25-09,2.5
2021-26-09,2.5
2021-27-09,2.5
2021-28-09,2.5
2021-29-09,2.5
2021-30-09,2.5
2021-01-10,2.6
2021-02-10,2.6
2021-03-10,2.6
2021-04-10,2.6
2021-05-10,2.6
2021-06-10,2.6
2021-07-10,2.6
2021-08-10,2.6
2021-09-10,2.6
2021-10-10,2.6
2021-11-10,2.6
2021-12-10,2.6
2021-13-10,2.6
2021-14-10,2.6
2021-15-10,2.6
2021-16-10,2.6
2021-17-10,2.6
2021-18-10,2.6
2021-19-10,2.6
2021-20-10,2.6
2021-21-10,2.6
2021-22-10,2.6
2021-23-10,2.6
2021-24-10,2.6
2021-25-10,2.6
2021-26-10,2.6
2021-27-10,2.6
2021-28-10,2.6
2021-29-10,2.6
2021-30-10,2.6
2021-31-10,2.6
2021-01-11,2.3
2021-02-11,2.3
2021-03-11,2.3
2021-04-11,2.3
2021-05-11,2.3
2021-06-11,2.3
2021-07-11,2.3
2021-08-11,2.3
2021-09-11,2.3
2021-10-11,2.3
2021-11-11,2.3
2021-12-11,2.3
2021-13-11,2.3
2021-14-11,2.3
2021-15-11,2.3
2021-16-11,2.3
2021-17-11,2.3
2021-18-11,2.3
2021-19-11,2.3
2021-20-11,2.3
2021-21-11,2.3
2021-22-11,2.3
2021-23-11,2.3
2021-24-11,2.3
2021-25-11,2.3
2021-26-11,2.3
2021-27-11,2.3
2021-28-11,2.3
2021-29-11,2.3
2021-30-11,2.3
2021-01-12,1.9
2021-02-12,1.9
2021-03-12,1.9
2021-04-12,1.9
2021-05-12,1.9
2021-06-12,1.9
2021-07-12,1.9
2021-08-12,1.9
2021-09-12,1.9
2021-10-12,1.9
2021-11-12,1.9
2021-12-12,1.9
2021-13-12,1.9
2021-14-12,1.9
2021-15-12,1.9
2021-16-12,1.9
2021-17-12,1.9
2021-18-12,1.9
2021-19-12,1.9
2021-20-12,1.9
2021-21-12,1.9
2021-22-12,1.9
2021-23-12,1.9
2021-24-12,1.9
2021-25-12,1.9
2021-26-12,1.9
2021-27-12,1.9
2021-28-12,1.9
2021-29-12,1.9
2021-30-12,1.9
2021-31-12,1.9
2022-01-01,3.0
2022-02-01,3.0
2022-03-01,3.0
2022-04-01,3.0
2022-05-01,3.0
2022-06-01,3.0
2022-07-01,3.0
2022-08-01,3.0
2022-09-01,3.0
2022-10-01,3.0
2022-11-01,3.0
2022-12-01,3.0
2022-13-01,3.0
2022-14-01,3.0
2022-15-01,3.0
2022-16-01,3.0
2022-17-01,3.0
2022-18-01,3.0
2022-19-01,3.0
2022-20-01,3.0
2022-21-01,3.0
2022-22-01,3.0
2022-23-01,3.0
2022-24-01,3.0
2022-25-01,3.0
2022-26-01,3.0
2022-27-01,3.0
2022-28-01,3.0
2022-29-01,3.0
2022-30-01,3.0
2022-31-01,3.0
2022-01-02,3.2
2022-02-02,3.2
2022-03-02,3.2
2022-04-02,3.2
2022-05-02,3.2
2022-06-02,3.2
2022-07-02,3.2
2022-08-02,3.2
2022-09-02,3.2
2022-10-02,3.2
2022-11-02,3.2
2022-12-02,3.2
2022-13-02,3.2
2022-14-02,3.2
2022-15-02,3.2
2022-16-02,3.2
2022-17-02,3.2
2022-18-02,3.2
2022-19-02,3.2
2022-20-02,3.2
2022-21-02,3.2
2022-22-02,3.2
2022-23-02,3.2
2022-24-02,3.2
2022-25-02,3.2
2022-26-02,3.2
2022-27-02,3.2
2022-28-02,3.2
2022-01-03,3.0
2022-02-03,3.0
2022-03-03,3.0
2022-04-03,3.0
2022-05-03,3.0
2022-06-03,3.0
2022-07-03,3.0
2022-08-03,3.0
2022-09-03,3.0
2022-10-03,3.0
2022-11-03,3.0
2022-12-03,3.0
2022-13-03,3.0
2022-14-03,3.0
2022-15-03,3.0
2022-16-03,3.0
2022-17-03,3.0
2022-18-03,3.0
2022-19-03,3.0
2022-20-03,3.0
2022-21-03,3.0
2022-22-03,3.0
2022-23-03,3.0
2022-24-03,3.0
2022-25-03,3.0
2022-26-03,3.0
2022-27-03,3.0
2022-28-03,3.0
2022-29-03,3.0
2022-30-03,3.0
2022-31-03,3.0
2022-01-04,2.1
2022-02-04,2.1
2022-03-04,2.1
2022-04-04,2.1
2022-05-04,2.1
2022-06-04,2.1
2022-07-04,2.1
2022-08-04,2.1
2022-09-04,2.1
2022-10-04,2.1
2022-11-04,2.1
2022-12-04,2.1
2022-13-04,2.1
2022-14-04,2.1
2022-15-04,2.1
2022-16-04,2.1
2022-17-04,2.1
2022-18-04,2.1
2022-19-04,2.1
2022-20-04,2.1
2022-21-04,2.1
2022-22-04,2.1
2022-23-04,2.1
2022-24-04,2.1
2022-25-04,2.1
2022-26-04,2.1
2022-27-04,2.1
2022-28-04,2.1
2022-29-04,2.1
2022-30-04,2.1
2022-01-05,2.8
2022-02-05,2.8
2022-03-05,2.8
2022-04-05,2.8
2022-05-05,2.8
2022-06-05,2.8
2022-07-05,2.8
2022-08-05,2.8
2022-09-05,2.8
2022-10-05,2.8
2022-11-05,2.8
2022-12-05,2.8
2022-13-05,2.8
2022-14-05,2.8
2022-15-05,2.8
2022-16-05,2.8
2022-17-05,2.8
2022-18-05,2.8
2022-19-05,2.8
2022-20-05,2.8
2022-21-05,2.8
2022-22-05,2.8
2022-23-05,2.8
2022-24-05,2.8
2022-25-05,2.8
2022-26-05,2.8
2022-27-05,2.8
2022-28-05,2.8
2022-29-05,2.8
2022-30-05,2.8
2022-31-05,2.8
2022-01-06,3.5
2022-02-06,3.5
2022-03-06,3.5
2022-04-06,3.5
2022-05-06,3.5
2022-06-06,3.5
2022-07-06,3.5
2022-08-06,3.5
2022-09-06,3.5
2022-10-06,3.5
2022-11-06,3.5
2022-12-06,3.5
2022-13-06,3.5
2022-14-06,3.5
2022-15-06,3.5
2022-16-06,3.5
2022-17-06,3.5
2022-18-06,3.5
2022-19-06,3.5
2022-20-06,3.5
2022-21-06,3.5
2022-22-06,3.5
2022-23-06,3.5
2022-24-06,3.5
2022-25-06,3.5
2022-26-06,3.5
2022-27-06,3.5
2022-28-06,3.5
2022-29-06,3.5
2022-30-06,3.5
2022-01-07,3.8
2022-02-07,3.8
2022-03-07,3.8
2022-04-07,3.8
2022-05-07,3.8
2022-06-07,3.8
2022-07-07,3.8
2022-08-07,3.8
2022-09-07,3.8
2022-10-07,3.8
2022-11-07,3.8
2022-12-07,3.8
2022-13-07,3.8
2022-14-07,3.8
2022-15-07,3.8
2022-16-07,3.8
2022-17-07,3.8
2022-18-07,3.8
2022-19-07,3.8
2022-20-07,3.8
2022-21-07,3.8
2022-22-07,3.8
2022-23-07,3.8
2022-24-07,3.8
2022-25-07,3.8
2022-26-07,3.8
2022-27-07,3.8
2022-28-07,3.8
2022-29-07,3.8
2022-30-07,3.8
2022-31-07,3.8
2022-01-08,3.1
2022-02-08,3.1
2022-03-08,3.1
2022-04-08,3.1
2022-05-08,3.1
2022-06-08,3.1
2022-07-08,3.1
2022-08-08,3.1
2022-09-08,3.1
2022-10-08,3.1
2022-11-08,3.1
2022-12-08,3.1
2022-13-08,3.1
2022-14-08,3.1
2022-15-08,3.1
2022-16-08,3.1
2022-17-08,3.1
2022-18-08,3.1
2022-19-08,3.1
2022-20-08,3.1
2022-21-08,3.1
2022-22-08,3.1
2022-23-08,3.1
2022-24-08,3.1
2022-25-08,3.1
2022-26-08,3.1
2022-27-08,3.1
2022-28-08,3.1
2022-29-08,3.1
2022-30-08,3.1
2022-31-08,3.1
2022-01-09,2.3
2022-02-09,2.3
2022-03-09,2.3
2022-04-09,2.3
2022-05-09,2.3
2022-06-09,2.3
2022-07-09,2.3
2022-08-09,2.3
2022-09-09,2.3
2022-10-09,2.3
2022-11-09,2.3
2022-12-09,2.3
2022-13-09,2.3
2022-14-09,2.3
2022-15-09,2.3
2022-16-09,2.3
2022-17-09,2.3
2022-18-09,2.3
2022-19-09,2.3
2022-20-09,2.3
2022-21-09,2.3
2022-22-09,2.3
2022-23-09,2.3
2022-24-09,2.3
2022-25-09,2.3
2022-26-09,2.3
2022-27-09,2.3
2022-28-09,2.3
2022-29-09,2.3
2022-30-09,2.3
2022-01-10,3.1
2022-02-10,3.1
2022-03-10,3.1
2022-04-10,3.1
2022-05-10,3.1
2022-06-10,3.1
2022-07-10,3.1
2022-08-10,3.1
2022-09-10,3.1
2022-10-10,3.1
2022-11-10,3.1
2022-12-10,3.1
2022-13-10,3.1
2022-14-10,3.1
2022-15-10,3.1
2022-16-10,3.1
2022-17-10,3.1
2022-18-10,3.1
2022-19-10,3.1
2022-20-10,3.1
2022-21-10,3.1
2022-22-10,3.1
2022-23-10,3.1
2022-24-10,3.1
2022-25-10,3.1
2022-26-10,3.1
2022-27-10,3.1
2022-28-10,3.1
2022-29-10,3.1
2022-30-10,3.1
2022-31-10,3.1
2022-01-11,2.9
2022-02-11,2.9
2022-03-11,2.9
2022-04-11,2.9
2022-05-11,2.9
2022-06-11,2.9
2022-07-11,2.9
2022-08-11,2.9
2022-09-11,2.9
2022-10-11,2.9
2022-11-11,2.9
2022-12-11,2.9
2022-13-11,2.9
2022-14-11,2.9
2022-15-11,2.9
2022-16-11,2.9
2022-17-11,2.9
2022-18-11,2.9
2022-19-11,2.9
2022-20-11,2.9
2022-21-11,2.9
2022-22-11,2.9
2022-23-11,2.9
2022-24-11,2.9
2022-25-11,2.9
2022-26-11,2.9
2022-27-11,2.9
2022-28-11,2.9
2022-29-11,2.9
2022-30-11,2.9
2022-01-12,2.3
2022-02-12,2.3
2022-03-12,2.3
2022-04-12,2.3
2022-05-12,2.3
2022-06-12,2.3
2022-07-12,2.3
2022-08-12,2.3
2022-09-12,2.3
2022-10-12,2.3
2022-11-12,2.3
2022-12-12,2.3
2022-13-12,2.3
2022-14-12,2.3
2022-15-12,2.3
2022-16-12,2.3
2022-17-12,2.3
2022-18-12,2.3
2022-19-12,2.3
2022-20-12,2.3
2022-21-12,2.3
2022-22-12,2.3
2022-23-12,2.3
2022-24-12,2.3
2022-25-12,2.3
2022-26-12,2.3
2022-27-12,2.3
2022-28-12,2.3
2022-29-12,2.3
2022-30-12,2.3
2022-31-12,2.3
2023-01-01,3.3
2023-02-01,3.3
2023-03-01,3.3
2023-04-01,3.3
2023-05-01,3.3
2023-06-01,3.3
2023-07-01,3.3
2023-08-01,3.3
2023-09-01,3.3
2023-10-01,3.3
2023-11-01,3.3
2023-12-01,3.3
2023-13-01,3.3
2023-14-01,3.3
2023-15-01,3.3
2023-16-01,3.3
2023-17-01,3.3
2023-18-01,3.3
2023-19-01,3.3
2023-20-01,3.3
2023-21-01,3.3
2023-22-01,3.3
2023-23-01,3.3
2023-24-01,3.3
2023-25-01,3.3
2023-26-01,3.3
2023-27-01,3.3
2023-28-01,3.3
2023-29-01,3.3
2023-30-01,3.3
2023-31-01,3.3
2023-01-02,3.6
2023-02-02,3.6
2023-03-02,3.6
2023-04-02,3.6
2023-05-02,3.6
2023-06-02,3.6
2023-07-02,3.6
2023-08-02,3.6
2023-09-02,3.6
2023-10-02,3.6
2023-11-02,3.6
2023-12-02,3.6
2023-13-02,3.6
2023-14-02,3.6
2023-15-02,3.6
2023-16-02,3.6
2023-17-02,3.6
2023-18-02,3.6
2023-19-02,3.6
2023-20-02,3.6
2023-21-02,3.6
2023-22-02,3.6
2023-23-02,3.6
2023-24-02,3.6
2023-25-02,3.6
2023-26-02,3.6
2023-27-02,3.6
2023-28-02,3.6
2023-01-03,3.4
2023-02-03,3.4
2023-03-03,3.4
2023-04-03,3.4
2023-05-03,3.4
2023-06-03,3.4
2023-07-03,3.4
2023-08-03,3.4
2023-09-03,3.4
2023-10-03,3.4
2023-11-03,3.4
2023-12-03,3.4
2023-13-03,3.4
2023-14-03,3.4
2023-15-03,3.4
2023-16-03,3.4
2023-17-03,3.4
2023-18-03,3.4
2023-19-03,3.4
2023-20-03,3.4
2023-21-03,3.4
2023-22-03,3.4
2023-23-03,3.4
2023-24-03,3.4
2023-25-03,3.4
2023-26-03,3.4
2023-27-03,3.4
2023-28-03,3.4
2023-29-03,3.4
2023-30-03,3.4
2023-31-03,3.4
2023-01-04,2.5
2023-02-04,2.5
2023-03-04,2.5
2023-04-04,2.5
2023-05-04,2.5
2023-06-04,2.5
2023-07-04,2.5
2023-08-04,2.5
2023-09-04,2.5
2023-10-04,2.5
2023-11-04,2.5
2023-12-04,2.5
2023-13-04,2.5
2023-14-04,2.5
2023-15-04,2.5
2023-16-04,2.5
2023-17-04,2.5
2023-18-04,2.5
2023-19-04,2.5
2023-20-04,2.5
2023-21-04,2.5
2023-22-04,2.5
2023-23-04,2.5
2023-24-04,2.5
2023-25-04,2.5
2023-26-04,2.5
2023-27-04,2.5
2023-28-04,2.5
2023-29-04,2.5
2023-30-04,2.5
2023-01-05,3.5
2023-02-05,3.5
2023-03-05,3.5
2023-04-05,3.5
2023-05-05,3.5
2023-06-05,3.5
2023-07-05,3.5
2023-08-05,3.5
2023-09-05,3.5
2023-10-05,3.5
2023-11-05,3.5
2023-12-05,3.5
2023-13-05,3.5
2023-14-05,3.5
2023-15-05,3.5
2023-16-05,3.5
2023-17-05,3.5
2023-18-05,3.5
2023-19-05,3.5
2023-20-05,3.5
2023-21-05,3.5
2023-22-05,3.5
2023-23-05,3.5
2023-24-05,3.5
2023-25-05,3.5
2023-26-05,3.5
2023-27-05,3.5
2023-28-05,3.5
2023-29-05,3.5
2023-30-05,3.5
2023-31-05,3.5
2023-01-06,3.7
2023-02-06,3.7
2023-03-06,3.7
2023-04-06,3.7
2023-05-06,3.7
2023-06-06,3.7
2023-07-06,3.7
2023-08-06,3.7
2023-09-06,3.7
2023-10-06,3.7
2023-11-06,3.7
2023-12-06,3.7
2023-13-06,3.7
2023-14-06,3.7
2023-15-06,3.7
2023-16-06,3.7
2023-17-06,3.7
2023-18-06,3.7
2023-19-06,3.7
2023-20-06,3.7
2023-21-06,3.7
2023-22-06,3.7
2023-23-06,3.7
2023-24-06,3.7
2023-25-06,3.7
2023-26-06,3.7
2023-27-06,3.7
2023-28-06,3.7
2023-29-06,3.7
2023-30-06,3.7
2023-01-07,4.1
2023-02-07,4.1
2023-03-07,4.1
2023-04-07,4.1
2023-05-07,4.1
2023-06-07,4.1
2023-07-07,4.1
2023-08-07,4.1
2023-09-07,4.1
2023-10-07,4.1
2023-11-07,4.1
2023-12-07,4.1
2023-13-07,4.1
2023-14-07,4.1
2023-15-07,4.1
2023-16-07,4.1
2023-17-07,4.1
2023-18-07,4.1
2023-19-07,4.1
2023-20-07,4.1
2023-21-07,4.1
2023-22-07,4.1
2023-23-07,4.1
2023-24-07,4.1
2023-25-07,4.1
2023-26-07,4.1
2023-27-07,4.1
2023-28-07,4.1
2023-29-07,4.1
2023-30-07,4.1
2023-31-07,4.1
2023-01-08,3.5
2023-02-08,3.5
2023-03-08,3.5
2023-04-08,3.5
2023-05-08,3.5
2023-06-08,3.5
2023-07-08,3.5
2023-08-08,3.5
2023-09-08,3.5
2023-10-08,3.5
2023-11-08,3.5
2023-12-08,3.5
2023-13-08,3.5
2023-14-08,3.5
2023-15-08,3.5
2023-16-08,3.5
2023-17-08,3.5
2023-18-08,3.5
2023-19-08,3.5
2023-20-08,3.5
2023-21-08,3.5
2023-22-08,3.5
2023-23-08,3.5
2023-24-08,3.5
2023-25-08,3.5
2023-26-08,3.5
2023-27-08,3.5
2023-28-08,3.5
2023-29-08,3.5
2023-30-08,3.5
2023-31-08,3.5
2023-01-09,2.9
2023-02-09,2.9
2023-03-09,2.9
2023-04-09,2.9
2023-05-09,2.9
2023-06-09,2.9
2023-07-09,2.9
2023-08-09,2.9
2023-09-09,2.9
2023-10-09,2.9
2023-11-09,2.9
2023-12-09,2.9
2023-13-09,2.9
2023-14-09,2.9
2023-15-09,2.9
2023-16-09,2.9
2023-17-09,2.9
2023-18-09,2.9
2023-19-09,2.9
2023-20-09,2.9
2023-21-09,2.9
2023-22-09,2.9
2023-23-09,2.9
2023-24-09,2.9
2023-25-09,2.9
2023-26-09,2.9
2023-27-09,2.9
2023-28-09,2.9
2023-29-09,2.9
2023-30-09,2.9
2023-01-10,3.2
2023-02-10,3.2
2023-03-10,3.2
2023-04-10,3.2
2023-05-10,3.2
2023-06-10,3.2
2023-07-10,3.2
2023-08-10,3.2
2023-09-10,3.2
2023-10-10,3.2
2023-11-10,3.2
2023-12-10,3.2
2023-13-10,3.2
2023-14-10,3.2
2023-15-10,3.2
2023-16-10,3.2
2023-17-10,3.2
2023-18-10,3.2
2023-19-10,3.2
2023-20-10,3.2
2023-21-10,3.2
2023-22-10,3.2
2023-23-10,3.2
2023-24-10,3.2
2023-25-10,3.2
2023-26-10,3.2
2023-27-10,3.2
2023-28-10,3.2
2023-29-10,3.2
2023-30-10,3.2
2023-31-10,3.2
2023-01-11,3.3
2023-02-11,3.3
2023-03-11,3.3
2023-04-11,3.3
2023-05-11,3.3
2023-06-11,3.3
2023-07-11,3.3
2023-08-11,3.3
2023-09-11,3.3
2023-10-11,3.3
2023-11-11,3.3
2023-12-11,3.3
2023-13-11,3.3
2023-14-11,3.3
2023-15-11,3.3
2023-16-11,3.3
2023-17-11,3.3
2023-18-11,3.3
2023-19-11,3.3
2023-20-11,3.3
2023-21-11,3.3
2023-22-11,3.3
2023-23-11,3.3
2023-24-11,3.3
2023-25-11,3.3
2023-26-11,3.3
2023-27-11,3.3
2023-28-11,3.3
2023-29-11,3.3
2023-30-11,3.3
2023-01-12,2.6
2023-02-12,2.6
2023-03-12,2.6
2023-04-12,2.6
2023-05-12,2.6
2023-06-12,2.6
2023-07-12,2.6
2023-08-12,2.6
2023-09-12,2.6
2023-10-12,2.6
2023-11-12,2.6
2023-12-12,2.6
2023-13-12,2.6
2023-14-12,2.6
2023-15-12,2.6
2023-16-12,2.6
2023-17-12,2.6
2023-18-12,2.6
2023-19-12,2.6
2023-20-12,2.6
2023-21-12,2.6
2023-22-12,2.6
2023-23-12,2.6
2023-24-12,2.6
2023-25-12,2.6
2023-26-12,2.6
2023-27-12,2.6
2023-28-12,2.6
2023-29-12,2.6
2023-30-12,2.6
2023-31-12,2.6
2024-01-01,3.8
2024-02-01,3.8
2024-03-01,3.8
2024-04-01,3.8
2024-05-01,3.8
2024-06-01,3.8
2024-07-01,3.8
2024-08-01,3.8
2024-09-01,3.8
2024-10-01,3.8
2024-11-01,3.8
2024-12-01,3.8
2024-13-01,3.8
2024-14-01,3.8
2024-15-01,3.8
2024-16-01,3.8
2024-17-01,3.8
2024-18-01,3.8
2024-19-01,3.8
2024-20-01,3.8
2024-21-01,3.8
2024-22-01,3.8
2024-23-01,3.8
2024-24-01,3.8
2024-25-01,3.8
2024-26-01,3.8
2024-27-01,3.8
2024-28-01,3.8
2024-29-01,3.8
2024-30-01,3.8
2024-31-01,3.8
2024-01-02,4.4
2024-02-02,4.4
2024-03-02,4.4
2024-04-02,4.4
2024-05-02,4.4
2024-06-02,4.4
2024-07-02,4.4
2024-08-02,4.4
2024-09-02,4.4
2024-10-02,4.4
2024-11-02,4.4
2024-12-02,4.4
2024-13-02,4.4
2024-14-02,4.4
2024-15-02,4.4
2024-16-02,4.4
2024-17-02,4.4
2024-18-02,4.4
2024-19-02,4.4
2024-20-02,4.4
2024-21-02,4.4
2024-22-02,4.4
2024-23-02,4.4
2024-24-02,4.4
2024-25-02,4.4
2024-26-02,4.4
2024-27-02,4.4
2024-28-02,4.4
2024-29-02,4.4
2024-01-03,4.4
2024-02-03,4.4
2024-03-03,4.4
2024-04-03,4.4
2024-05-03,4.4
2024-06-03,4.4
2024-07-03,4.4
2024-08-03,4.4
2024-09-03,4.4
2024-10-03,4.4
2024-11-03,4.4
2024-12-03,4.4
2024-13-03,4.4
2024-14-03,4.4
2024-15-03,4.4
2024-16-03,4.4
2024-17-03,4.4
2024-18-03,4.4
2024-19-03,4.4
2024-20-03,4.4
2024-21-03,4.4
2024-22-03,4.4
2024-23-03,4.4
2024-24-03,4.4
2024-25-03,4.4
2024-26-03,4.4
2024-27-03,4.4
2024-28-03,4.4
2024-29-03,4.4
2024-30-03,4.4
2024-31-03,4.4
