,date,intakes,outcomes
0,2013-08-22,1,0
1,2013-08-23,0,0
2,2013-08-24,0,0
3,2013-08-25,0,0
4,2013-08-26,0,0
5,2013-08-27,0,0
6,2013-08-28,0,0
7,2013-08-29,0,0
8,2013-08-30,0,0
9,2013-08-31,1,0
10,2013-09-01,0,0
11,2013-09-02,0,0
12,2013-09-03,0,0
13,2013-09-04,0,0
14,2013-09-05,0,0
15,2013-09-06,0,0
16,2013-09-07,0,0
17,2013-09-08,0,0
18,2013-09-09,0,0
19,2013-09-10,0,0
20,2013-09-11,0,0
21,2013-09-12,0,0
22,2013-09-13,0,0
23,2013-09-14,0,0
24,2013-09-15,0,0
25,2013-09-16,0,0
26,2013-09-17,0,0
27,2013-09-18,0,0
28,2013-09-19,1,0
29,2013-09-20,0,0
30,2013-09-21,0,0
31,2013-09-22,0,0
32,2013-09-23,0,0
33,2013-09-24,0,0
34,2013-09-25,0,0
35,2013-09-26,0,0
36,2013-09-27,0,0
37,2013-09-28,0,0
38,2013-09-29,0,0
39,2013-09-30,0,0
40,2013-10-01,1,0
41,2013-10-02,0,0
42,2013-10-03,0,0
43,2013-10-04,0,0
44,2013-10-05,0,0
45,2013-10-06,0,0
46,2013-10-07,0,0
47,2013-10-08,1,0
48,2013-10-09,1,0
49,2013-10-10,0,0
50,2013-10-11,0,0
51,2013-10-12,0,0
52,2013-10-13,0,0
53,2013-10-14,0,0
54,2013-10-15,0,0
55,2013-10-16,0,0
56,2013-10-17,0,0
57,2013-10-18,0,0
58,2013-10-19,0,0
59,2013-10-20,0,0
60,2013-10-21,0,0
61,2013-10-22,0,0
62,2013-10-23,0,0
63,2013-10-24,0,0
64,2013-10-25,0,0
65,2013-10-26,0,0
66,2013-10-27,0,0
67,2013-10-28,0,0
68,2013-10-29,0,0
69,2013-10-30,1,0
70,2013-10-31,0,0
71,2013-11-01,0,0
72,2013-11-02,1,0
73,2013-11-03,0,0
74,2013-11-04,0,0
75,2013-11-05,0,0
76,2013-11-06,0,0
77,2013-11-07,0,0
78,2013-11-08,0,0
79,2013-11-09,0,0
80,2013-11-10,0,0
81,2013-11-11,0,0
82,2013-11-12,1,0
83,2013-11-13,0,0
84,2013-11-14,0,0
85,2013-11-15,0,0
86,2013-11-16,1,0
87,2013-11-17,0,0
88,2013-11-18,0,0
89,2013-11-19,0,0
90,2013-11-20,0,0
91,2013-11-21,1,0
92,2013-11-22,0,0
93,2013-11-23,0,0
94,2013-11-24,0,0
95,2013-11-25,0,0
96,2013-11-26,0,0
97,2013-11-27,0,0
98,2013-11-28,0,0
99,2013-11-29,0,0
100,2013-11-30,0,0
101,2013-12-01,0,0
102,2013-12-02,1,0
103,2013-12-03,1,0
104,2013-12-04,2,0
105,2013-12-05,1,0
106,2013-12-06,1,0
107,2013-12-07,2,0
108,2013-12-08,0,0
109,2013-12-09,1,0
110,2013-12-10,2,0
111,2013-12-11,4,0
112,2013-12-12,3,0
113,2013-12-13,2,0
114,2013-12-14,1,0
115,2013-12-15,1,0
116,2013-12-16,1,0
117,2013-12-17,3,0
118,2013-12-18,2,0
119,2013-12-19,0,0
120,2013-12-20,9,0
121,2013-12-21,4,0
122,2013-12-22,0,0
123,2013-12-23,5,0
124,2013-12-24,5,0
125,2013-12-25,0,0
126,2013-12-26,9,0
127,2013-12-27,0,0
128,2013-12-28,8,0
129,2013-12-29,2,0
130,2013-12-30,0,0
131,2013-12-31,9,0
132,2014-01-01,1,1
133,2014-01-02,13,1
134,2014-01-03,4,1
135,2014-01-04,8,1
136,2014-01-05,2,1
137,2014-01-06,4,1
138,2014-01-07,2,1
139,2014-01-08,2,1
140,2014-01-09,11,1
141,2014-01-10,6,1
142,2014-01-11,5,1
143,2014-01-12,2,0
144,2014-01-13,4,0
145,2014-01-14,5,1
146,2014-01-15,6,1
147,2014-01-16,5,2
148,2014-01-17,2,1
149,2014-01-18,6,1
150,2014-01-19,2,0
151,2014-01-20,5,0
152,2014-01-21,7,2
153,2014-01-22,3,1
154,2014-01-23,4,2
155,2014-01-24,8,4
156,2014-01-25,4,3
157,2014-01-26,0,0
158,2014-01-27,2,2
159,2014-01-28,10,1
160,2014-01-29,3,1
161,2014-01-30,5,1
162,2014-01-31,3,3
163,2014-02-01,1,2
164,2014-02-02,0,0
165,2014-02-03,4,0
166,2014-02-04,8,9
167,2014-02-05,3,4
168,2014-02-06,5,5
169,2014-02-07,4,5
170,2014-02-08,0,9
171,2014-02-09,3,8
172,2014-02-10,3,2
173,2014-02-11,8,9
174,2014-02-12,0,0
175,2014-02-13,8,1
176,2014-02-14,6,13
177,2014-02-15,6,4
178,2014-02-16,1,0
179,2014-02-17,1,0
180,2014-02-18,10,8
181,2014-02-19,7,2
182,2014-02-20,3,4
183,2014-02-21,12,2
184,2014-02-22,5,2
185,2014-02-23,2,0
186,2014-02-24,5,0
187,2014-02-25,7,11
188,2014-02-26,4,6
189,2014-02-27,5,5
190,2014-02-28,6,2
191,2014-03-01,2,4
192,2014-03-02,1,0
193,2014-03-03,2,0
194,2014-03-04,5,5
195,2014-03-05,2,6
196,2014-03-06,6,5
197,2014-03-07,6,2
198,2014-03-08,3,6
199,2014-03-09,1,0
200,2014-03-10,3,0
201,2014-03-11,11,2
202,2014-03-12,3,5
203,2014-03-13,4,7
204,2014-03-14,5,3
205,2014-03-15,3,4
206,2014-03-16,1,0
207,2014-03-17,2,0
208,2014-03-18,8,8
209,2014-03-19,3,4
210,2014-03-20,8,2
211,2014-03-21,4,10
212,2014-03-22,4,3
213,2014-03-23,1,5
214,2014-03-24,4,3
215,2014-03-25,5,1
216,2014-03-26,5,4
217,2014-03-27,4,8
218,2014-03-28,3,3
219,2014-03-29,5,5
220,2014-03-30,1,4
221,2014-03-31,5,0
222,2014-04-01,9,3
223,2014-04-02,5,3
224,2014-04-03,6,8
225,2014-04-04,4,8
226,2014-04-05,8,6
227,2014-04-06,2,6
228,2014-04-07,8,1
229,2014-04-08,12,1
230,2014-04-09,3,10
231,2014-04-10,7,7
232,2014-04-11,6,3
233,2014-04-12,6,12
234,2014-04-13,2,0
235,2014-04-14,2,5
236,2014-04-15,2,2
237,2014-04-16,4,5
238,2014-04-17,3,7
239,2014-04-18,4,4
240,2014-04-19,4,5
241,2014-04-20,0,0
242,2014-04-21,7,6
243,2014-04-22,13,2
244,2014-04-23,6,1
245,2014-04-24,5,2
246,2014-04-25,8,5
247,2014-04-26,8,2
248,2014-04-27,0,6
249,2014-04-28,2,6
250,2014-04-29,8,3
251,2014-04-30,7,1
252,2014-05-01,6,3
253,2014-05-02,6,11
254,2014-05-03,2,3
255,2014-05-04,2,4
256,2014-05-05,7,5
257,2014-05-06,3,3
258,2014-05-07,5,1
259,2014-05-08,9,2
260,2014-05-09,3,8
261,2014-05-10,5,3
262,2014-05-11,2,0
263,2014-05-12,2,0
264,2014-05-13,3,8
265,2014-05-14,5,4
266,2014-05-15,4,4
267,2014-05-16,8,1
268,2014-05-17,6,4
269,2014-05-18,0,0
270,2014-05-19,5,5
271,2014-05-20,8,5
272,2014-05-21,11,4
273,2014-05-22,7,3
274,2014-05-23,8,5
275,2014-05-24,4,1
276,2014-05-25,0,0
277,2014-05-26,2,0
278,2014-05-27,11,5
279,2014-05-28,4,9
280,2014-05-29,7,5
281,2014-05-30,1,6
282,2014-05-31,6,4
283,2014-06-01,2,8
284,2014-06-02,10,2
285,2014-06-03,4,8
286,2014-06-04,9,12
287,2014-06-05,6,3
288,2014-06-06,4,7
289,2014-06-07,6,6
290,2014-06-08,1,6
291,2014-06-09,8,2
292,2014-06-10,5,2
293,2014-06-11,14,2
294,2014-06-12,9,4
295,2014-06-13,7,3
296,2014-06-14,6,4
297,2014-06-15,2,0
298,2014-06-16,1,0
299,2014-06-17,4,4
300,2014-06-18,4,7
301,2014-06-19,7,13
302,2014-06-20,8,6
303,2014-06-21,7,5
304,2014-06-22,2,0
305,2014-06-23,4,0
306,2014-06-24,6,8
307,2014-06-25,4,8
308,2014-06-26,10,2
309,2014-06-27,12,8
310,2014-06-28,0,7
311,2014-06-29,0,0
312,2014-06-30,1,0
313,2014-07-01,8,6
314,2014-07-02,4,6
315,2014-07-03,9,2
316,2014-07-04,3,0
317,2014-07-05,11,2
318,2014-07-06,1,7
319,2014-07-07,5,3
320,2014-07-08,7,5
321,2014-07-09,6,9
322,2014-07-10,8,3
323,2014-07-11,10,5
324,2014-07-12,5,2
325,2014-07-13,0,0
326,2014-07-14,4,2
327,2014-07-15,10,3
328,2014-07-16,8,5
329,2014-07-17,8,4
330,2014-07-18,4,8
331,2014-07-19,10,6
332,2014-07-20,0,0
333,2014-07-21,6,0
334,2014-07-22,7,5
335,2014-07-23,8,8
336,2014-07-24,6,11
337,2014-07-25,5,7
338,2014-07-26,10,8
339,2014-07-27,2,0
340,2014-07-28,1,0
341,2014-07-29,5,4
342,2014-07-30,4,2
343,2014-07-31,4,11
344,2014-08-01,4,4
345,2014-08-02,8,7
346,2014-08-03,1,1
347,2014-08-04,4,0
348,2014-08-05,12,6
349,2014-08-06,4,2
350,2014-08-07,4,10
351,2014-08-08,9,4
352,2014-08-09,11,9
353,2014-08-10,3,6
354,2014-08-11,1,4
355,2014-08-12,11,6
356,2014-08-13,8,1
357,2014-08-14,5,8
358,2014-08-15,2,5
359,2014-08-16,7,14
360,2014-08-17,1,0
361,2014-08-18,15,0
362,2014-08-19,12,9
363,2014-08-20,7,7
364,2014-08-21,6,6
365,2014-08-22,5,2
366,2014-08-23,2,1
367,2014-08-24,5,4
368,2014-08-25,6,4
369,2014-08-26,12,7
370,2014-08-27,6,8
371,2014-08-28,4,7
372,2014-08-29,8,2
373,2014-08-30,2,4
374,2014-08-31,0,0
375,2014-09-01,2,0
376,2014-09-02,21,6
377,2014-09-03,6,4
378,2014-09-04,3,10
379,2014-09-05,3,12
380,2014-09-06,1,1
381,2014-09-07,3,8
382,2014-09-08,4,0
383,2014-09-09,16,4
384,2014-09-10,4,9
385,2014-09-11,3,3
386,2014-09-12,9,11
387,2014-09-13,1,1
388,2014-09-14,6,0
389,2014-09-15,0,0
390,2014-09-16,10,5
391,2014-09-17,4,7
392,2014-09-18,4,6
393,2014-09-19,1,8
394,2014-09-20,14,10
395,2014-09-21,3,0
396,2014-09-22,4,5
397,2014-09-23,17,4
398,2014-09-24,6,10
399,2014-09-25,4,8
400,2014-09-26,8,8
401,2014-09-27,9,4
402,2014-09-28,4,10
403,2014-09-29,2,0
404,2014-09-30,7,6
405,2014-10-01,9,7
406,2014-10-02,8,8
407,2014-10-03,5,6
408,2014-10-04,1,5
409,2014-10-05,2,0
410,2014-10-06,0,10
411,2014-10-07,9,2
412,2014-10-08,4,1
413,2014-10-09,4,5
414,2014-10-10,15,4
415,2014-10-11,6,4
416,2014-10-12,0,4
417,2014-10-13,4,8
418,2014-10-14,10,1
419,2014-10-15,7,4
420,2014-10-16,8,12
421,2014-10-17,5,4
422,2014-10-18,6,4
423,2014-10-19,1,0
424,2014-10-20,2,0
425,2014-10-21,13,9
426,2014-10-22,3,11
427,2014-10-23,11,3
428,2014-10-24,6,1
429,2014-10-25,7,11
430,2014-10-26,3,0
431,2014-10-27,1,8
432,2014-10-28,4,5
433,2014-10-29,4,2
434,2014-10-30,2,7
435,2014-10-31,5,1
436,2014-11-01,9,15
437,2014-11-02,1,12
438,2014-11-03,1,0
439,2014-11-04,7,7
440,2014-11-05,4,6
441,2014-11-06,2,5
442,2014-11-07,5,2
443,2014-11-08,4,5
444,2014-11-09,1,6
445,2014-11-10,3,12
446,2014-11-11,0,0
447,2014-11-12,3,6
448,2014-11-13,4,4
449,2014-11-14,9,8
450,2014-11-15,6,2
451,2014-11-16,3,0
452,2014-11-17,4,0
453,2014-11-18,21,2
454,2014-11-19,5,21
455,2014-11-20,1,6
456,2014-11-21,3,3
457,2014-11-22,5,3
458,2014-11-23,1,1
459,2014-11-24,5,0
460,2014-11-25,6,3
461,2014-11-26,14,4
462,2014-11-27,3,0
463,2014-11-28,0,0
464,2014-11-29,5,16
465,2014-11-30,3,4
466,2014-12-01,5,3
467,2014-12-02,8,9
468,2014-12-03,3,1
469,2014-12-04,9,6
470,2014-12-05,4,10
471,2014-12-06,6,4
472,2014-12-07,2,4
473,2014-12-08,7,1
474,2014-12-09,8,14
475,2014-12-10,6,3
476,2014-12-11,3,4
477,2014-12-12,8,17
478,2014-12-13,5,6
479,2014-12-14,3,4
480,2014-12-15,2,8
481,2014-12-16,18,9
482,2014-12-17,4,4
483,2014-12-18,6,2
484,2014-12-19,7,7
485,2014-12-20,4,9
486,2014-12-21,2,0
487,2014-12-22,10,8
488,2014-12-23,9,5
489,2014-12-24,1,1
490,2014-12-25,3,2
491,2014-12-26,4,9
492,2014-12-27,5,4
493,2014-12-28,2,0
494,2014-12-29,6,0
495,2014-12-30,10,4
496,2014-12-31,9,15
497,2015-01-01,1,0
498,2015-01-02,8,6
499,2015-01-03,5,4
500,2015-01-04,0,10
501,2015-01-05,4,7
502,2015-01-06,9,8
503,2015-01-07,6,5
504,2015-01-08,13,6
505,2015-01-09,4,1
506,2015-01-10,12,2
507,2015-01-11,0,13
508,2015-01-12,4,3
509,2015-01-13,8,11
510,2015-01-14,10,6
511,2015-01-15,8,7
512,2015-01-16,2,3
513,2015-01-17,5,1
514,2015-01-18,0,0
515,2015-01-19,0,4
516,2015-01-20,7,4
517,2015-01-21,1,2
518,2015-01-22,2,5
519,2015-01-23,2,9
520,2015-01-24,10,1
521,2015-01-25,2,1
522,2015-01-26,0,7
523,2015-01-27,12,4
524,2015-01-28,11,2
525,2015-01-29,7,5
526,2015-01-30,6,4
527,2015-01-31,4,1
528,2015-02-01,2,3
529,2015-02-02,1,3
530,2015-02-03,6,4
531,2015-02-04,6,9
532,2015-02-05,5,6
533,2015-02-06,2,3
534,2015-02-07,6,4
535,2015-02-08,0,0
536,2015-02-09,3,21
537,2015-02-10,6,5
538,2015-02-11,2,1
539,2015-02-12,0,0
540,2015-02-13,5,3
541,2015-02-14,3,5
542,2015-02-15,1,0
543,2015-02-16,1,0
544,2015-02-17,4,1
545,2015-02-18,9,5
546,2015-02-19,8,6
547,2015-02-20,8,14
548,2015-02-21,10,3
549,2015-02-22,2,5
550,2015-02-23,4,3
551,2015-02-24,9,5
552,2015-02-25,4,8
553,2015-02-26,4,3
554,2015-02-27,5,9
555,2015-02-28,14,4
556,2015-03-01,3,6
557,2015-03-02,4,2
558,2015-03-03,7,7
559,2015-03-04,4,8
560,2015-03-05,4,6
561,2015-03-06,7,3
562,2015-03-07,7,8
563,2015-03-08,0,0
564,2015-03-09,6,5
565,2015-03-10,1,3
566,2015-03-11,12,2
567,2015-03-12,5,18
568,2015-03-13,15,4
569,2015-03-14,6,6
570,2015-03-15,1,7
571,2015-03-16,4,4
572,2015-03-17,9,2
573,2015-03-18,7,10
574,2015-03-19,9,9
575,2015-03-20,9,1
576,2015-03-21,4,3
577,2015-03-22,2,0
578,2015-03-23,1,0
579,2015-03-24,7,4
580,2015-03-25,10,5
581,2015-03-26,5,2
582,2015-03-27,5,6
583,2015-03-28,5,10
584,2015-03-29,0,0
585,2015-03-30,5,9
586,2015-03-31,6,1
587,2015-04-01,9,8
588,2015-04-02,2,5
589,2015-04-03,3,4
590,2015-04-04,1,9
591,2015-04-05,0,0
592,2015-04-06,5,6
593,2015-04-07,10,13
594,2015-04-08,8,4
595,2015-04-09,4,12
596,2015-04-10,5,4
597,2015-04-11,4,8
598,2015-04-12,2,10
599,2015-04-13,6,8
600,2015-04-14,4,2
601,2015-04-15,7,5
602,2015-04-16,5,7
603,2015-04-17,7,1
604,2015-04-18,5,2
605,2015-04-19,5,0
606,2015-04-20,7,2
607,2015-04-21,5,10
608,2015-04-22,0,2
609,2015-04-23,7,12
610,2015-04-24,0,11
611,2015-04-25,3,0
612,2015-04-26,1,0
613,2015-04-27,0,7
614,2015-04-28,4,6
615,2015-04-29,3,4
616,2015-04-30,7,2
617,2015-05-01,3,1
618,2015-05-02,3,6
619,2015-05-03,2,0
620,2015-05-04,1,6
621,2015-05-05,3,5
622,2015-05-06,6,2
623,2015-05-07,3,6
624,2015-05-08,8,3
625,2015-05-09,15,6
626,2015-05-10,2,0
627,2015-05-11,2,0
628,2015-05-12,8,2
629,2015-05-13,5,5
630,2015-05-14,7,3
631,2015-05-15,9,1
632,2015-05-16,14,1
633,2015-05-17,3,0
634,2015-05-18,0,0
635,2015-05-19,7,4
636,2015-05-20,3,9
637,2015-05-21,4,8
638,2015-05-22,9,8
639,2015-05-23,4,10
640,2015-05-24,0,2
641,2015-05-25,0,0
642,2015-05-26,5,4
643,2015-05-27,2,9
644,2015-05-28,3,4
645,2015-05-29,3,4
646,2015-05-30,4,5
647,2015-05-31,0,0
648,2015-06-01,3,14
649,2015-06-02,13,3
650,2015-06-03,3,4
651,2015-06-04,6,7
652,2015-06-05,2,4
653,2015-06-06,5,4
654,2015-06-07,3,0
655,2015-06-08,1,7
656,2015-06-09,7,7
657,2015-06-10,3,6
658,2015-06-11,8,1
659,2015-06-12,2,12
660,2015-06-13,5,5
661,2015-06-14,1,0
662,2015-06-15,2,0
663,2015-06-16,3,15
664,2015-06-17,4,6
665,2015-06-18,5,1
666,2015-06-19,2,4
667,2015-06-20,0,9
668,2015-06-21,1,0
669,2015-06-22,3,0
670,2015-06-23,6,7
671,2015-06-24,5,9
672,2015-06-25,7,9
673,2015-06-26,9,4
674,2015-06-27,2,2
675,2015-06-28,3,1
676,2015-06-29,2,0
677,2015-06-30,3,7
678,2015-07-01,9,10
679,2015-07-02,11,5
680,2015-07-03,1,5
681,2015-07-04,6,5
682,2015-07-05,6,5
683,2015-07-06,8,0
684,2015-07-07,13,6
685,2015-07-08,9,9
686,2015-07-09,6,2
687,2015-07-10,8,3
688,2015-07-11,2,1
689,2015-07-12,2,0
690,2015-07-13,1,0
691,2015-07-14,4,5
692,2015-07-15,6,10
693,2015-07-16,4,8
694,2015-07-17,8,4
695,2015-07-18,4,5
696,2015-07-19,2,0
697,2015-07-20,1,0
698,2015-07-21,8,4
699,2015-07-22,4,2
700,2015-07-23,5,6
701,2015-07-24,5,4
702,2015-07-25,5,7
703,2015-07-26,0,0
704,2015-07-27,1,0
705,2015-07-28,13,5
706,2015-07-29,3,7
707,2015-07-30,4,5
708,2015-07-31,3,5
709,2015-08-01,7,7
710,2015-08-02,1,0
711,2015-08-03,1,0
712,2015-08-04,5,5
713,2015-08-05,8,7
714,2015-08-06,4,3
715,2015-08-07,11,1
716,2015-08-08,11,4
717,2015-08-09,1,0
718,2015-08-10,6,3
719,2015-08-11,14,7
720,2015-08-12,5,3
721,2015-08-13,7,3
722,2015-08-14,5,2
723,2015-08-15,11,1
724,2015-08-16,2,3
725,2015-08-17,7,0
726,2015-08-18,12,6
727,2015-08-19,3,3
728,2015-08-20,5,8
729,2015-08-21,12,15
730,2015-08-22,5,2
731,2015-08-23,1,0
732,2015-08-24,8,0
733,2015-08-25,4,2
734,2015-08-26,3,8
735,2015-08-27,4,5
736,2015-08-28,1,7
737,2015-08-29,14,9
738,2015-08-30,3,0
739,2015-08-31,4,14
740,2015-09-01,10,3
741,2015-09-02,5,7
742,2015-09-03,3,3
743,2015-09-04,9,4
744,2015-09-05,1,9
745,2015-09-06,3,0
746,2015-09-07,1,0
747,2015-09-08,13,4
748,2015-09-09,7,5
749,2015-09-10,7,2
750,2015-09-11,9,3
751,2015-09-12,5,3
752,2015-09-13,4,0
753,2015-09-14,8,4
754,2015-09-15,16,3
755,2015-09-16,4,13
756,2015-09-17,3,3
757,2015-09-18,8,6
758,2015-09-19,3,2
759,2015-09-20,2,5
760,2015-09-21,2,3
761,2015-09-22,8,1
762,2015-09-23,8,7
763,2015-09-24,3,3
764,2015-09-25,13,8
765,2015-09-26,5,2
766,2015-09-27,0,0
767,2015-09-28,3,5
768,2015-09-29,5,1
769,2015-09-30,11,2
770,2015-10-01,7,3
771,2015-10-02,1,4
772,2015-10-03,5,5
773,2015-10-04,4,0
774,2015-10-05,2,0
775,2015-10-06,3,2
776,2015-10-07,11,1
777,2015-10-08,11,3
778,2015-10-09,7,6
779,2015-10-10,1,5
780,2015-10-11,1,7
781,2015-10-12,3,0
782,2015-10-13,3,9
783,2015-10-14,5,2
784,2015-10-15,9,3
785,2015-10-16,6,2
786,2015-10-17,9,3
787,2015-10-18,0,0
788,2015-10-19,0,0
789,2015-10-20,4,9
790,2015-10-21,2,11
791,2015-10-22,3,1
792,2015-10-23,12,6
793,2015-10-24,10,6
794,2015-10-25,1,0
795,2015-10-26,5,8
796,2015-10-27,6,13
797,2015-10-28,6,9
798,2015-10-29,5,6
799,2015-10-30,5,8
800,2015-10-31,6,2
801,2015-11-01,7,0
802,2015-11-02,3,0
803,2015-11-03,14,2
804,2015-11-04,10,1
805,2015-11-05,7,4
806,2015-11-06,3,6
807,2015-11-07,8,4
808,2015-11-08,0,8
809,2015-11-09,2,4
810,2015-11-10,7,2
811,2015-11-11,1,0
812,2015-11-12,10,1
813,2015-11-13,1,8
814,2015-11-14,4,4
815,2015-11-15,0,0
816,2015-11-16,5,5
817,2015-11-17,9,5
818,2015-11-18,4,5
819,2015-11-19,4,1
820,2015-11-20,4,13
821,2015-11-21,9,3
822,2015-11-22,3,0
823,2015-11-23,3,0
824,2015-11-24,5,4
825,2015-11-25,4,3
826,2015-11-26,0,0
827,2015-11-27,0,0
828,2015-11-28,7,7
829,2015-11-29,1,0
830,2015-11-30,6,1
831,2015-12-01,10,1
832,2015-12-02,10,5
833,2015-12-03,3,8
834,2015-12-04,6,4
835,2015-12-05,8,11
836,2015-12-06,1,0
837,2015-12-07,0,0
838,2015-12-08,7,11
839,2015-12-09,13,1
840,2015-12-10,12,6
841,2015-12-11,15,14
842,2015-12-12,9,5
843,2015-12-13,1,0
844,2015-12-14,3,7
845,2015-12-15,7,5
846,2015-12-16,0,11
847,2015-12-17,1,2
848,2015-12-18,5,7
849,2015-12-19,4,12
850,2015-12-20,2,0
851,2015-12-21,2,0
852,2015-12-22,11,3
853,2015-12-23,7,5
854,2015-12-24,1,12
855,2015-12-25,2,0
856,2015-12-26,4,5
857,2015-12-27,0,0
858,2015-12-28,4,1
859,2015-12-29,11,8
860,2015-12-30,5,4
861,2015-12-31,4,3
862,2016-01-01,0,0
863,2016-01-02,9,4
864,2016-01-03,0,0
865,2016-01-04,4,1
866,2016-01-05,10,14
867,2016-01-06,5,3
868,2016-01-07,15,4
869,2016-01-08,5,10
870,2016-01-09,2,5
871,2016-01-10,3,0
872,2016-01-11,6,3
873,2016-01-12,8,9
874,2016-01-13,11,1
875,2016-01-14,9,3
876,2016-01-15,5,1
877,2016-01-16,4,13
878,2016-01-17,0,0
879,2016-01-18,0,7
880,2016-01-19,5,7
881,2016-01-20,13,9
882,2016-01-21,4,5
883,2016-01-22,2,4
884,2016-01-23,7,8
885,2016-01-24,0,0
886,2016-01-25,14,0
887,2016-01-26,15,16
888,2016-01-27,8,4
889,2016-01-28,7,3
890,2016-01-29,6,8
891,2016-01-30,7,3
892,2016-01-31,2,0
893,2016-02-01,3,0
894,2016-02-02,6,2
895,2016-02-03,2,2
896,2016-02-04,5,8
897,2016-02-05,6,8
898,2016-02-06,3,3
899,2016-02-07,2,0
900,2016-02-08,3,13
901,2016-02-09,7,5
902,2016-02-10,11,3
903,2016-02-11,7,5
904,2016-02-12,0,0
905,2016-02-13,5,11
906,2016-02-14,1,0
907,2016-02-15,3,7
908,2016-02-16,4,1
909,2016-02-17,21,5
910,2016-02-18,6,4
911,2016-02-19,4,2
912,2016-02-20,7,3
913,2016-02-21,3,0
914,2016-02-22,3,11
915,2016-02-23,6,11
916,2016-02-24,7,7
917,2016-02-25,8,1
918,2016-02-26,4,1
919,2016-02-27,7,3
920,2016-02-28,3,0
921,2016-02-29,3,3
922,2016-03-01,3,5
923,2016-03-02,3,9
924,2016-03-03,5,6
925,2016-03-04,0,9
926,2016-03-05,4,4
927,2016-03-06,7,2
928,2016-03-07,4,0
929,2016-03-08,8,3
930,2016-03-09,4,12
931,2016-03-10,1,10
932,2016-03-11,8,1
933,2016-03-12,9,5
934,2016-03-13,0,0
935,2016-03-14,1,6
936,2016-03-15,5,6
937,2016-03-16,3,5
938,2016-03-17,5,5
939,2016-03-18,11,6
940,2016-03-19,4,7
941,2016-03-20,0,3
942,2016-03-21,5,0
943,2016-03-22,6,14
944,2016-03-23,7,10
945,2016-03-24,3,7
946,2016-03-25,6,3
947,2016-03-26,4,8
948,2016-03-27,2,2
949,2016-03-28,2,7
950,2016-03-29,6,1
951,2016-03-30,4,10
952,2016-03-31,4,1
953,2016-04-01,5,4
954,2016-04-02,9,5
955,2016-04-03,1,0
956,2016-04-04,9,9
957,2016-04-05,6,4
958,2016-04-06,2,4
959,2016-04-07,15,4
960,2016-04-08,7,9
961,2016-04-09,9,3
962,2016-04-10,0,0
963,2016-04-11,5,3
964,2016-04-12,11,5
965,2016-04-13,5,4
966,2016-04-14,5,7
967,2016-04-15,6,1
968,2016-04-16,13,6
969,2016-04-17,0,0
970,2016-04-18,4,0
971,2016-04-19,3,10
972,2016-04-20,8,10
973,2016-04-21,3,3
974,2016-04-22,9,6
975,2016-04-23,6,8
976,2016-04-24,0,0
977,2016-04-25,9,1
978,2016-04-26,0,7
979,2016-04-27,1,13
980,2016-04-28,8,12
981,2016-04-29,5,15
982,2016-04-30,8,9
983,2016-05-01,2,0
984,2016-05-02,3,0
985,2016-05-03,9,1
986,2016-05-04,4,3
987,2016-05-05,12,7
988,2016-05-06,4,1
989,2016-05-07,4,5
990,2016-05-08,1,0
991,2016-05-09,3,0
992,2016-05-10,8,4
993,2016-05-11,6,2
994,2016-05-12,1,2
995,2016-05-13,5,11
996,2016-05-14,3,7
997,2016-05-15,0,0
998,2016-05-16,1,1
999,2016-05-17,12,2
1000,2016-05-18,4,4
1001,2016-05-19,3,4
1002,2016-05-20,4,11
1003,2016-05-21,3,5
1004,2016-05-22,2,0
1005,2016-05-23,4,0
1006,2016-05-24,4,4
1007,2016-05-25,12,9
1008,2016-05-26,5,4
1009,2016-05-27,3,10
1010,2016-05-28,2,5
1011,2016-05-29,0,0
1012,2016-05-30,0,0
1013,2016-05-31,5,15
1014,2016-06-01,9,5
1015,2016-06-02,6,2
1016,2016-06-03,2,3
1017,2016-06-04,3,6
1018,2016-06-05,1,0
1019,2016-06-06,3,8
1020,2016-06-07,5,11
1021,2016-06-08,9,9
1022,2016-06-09,11,5
1023,2016-06-10,3,4
1024,2016-06-11,5,5
1025,2016-06-12,0,0
1026,2016-06-13,5,0
1027,2016-06-14,4,13
1028,2016-06-15,4,4
1029,2016-06-16,5,2
1030,2016-06-17,0,7
1031,2016-06-18,7,14
1032,2016-06-19,0,0
1033,2016-06-20,6,0
1034,2016-06-21,3,15
1035,2016-06-22,5,8
1036,2016-06-23,4,7
1037,2016-06-24,1,6
1038,2016-06-25,4,7
1039,2016-06-26,2,2
1040,2016-06-27,6,0
1041,2016-06-28,13,3
1042,2016-06-29,5,6
1043,2016-06-30,5,2
1044,2016-07-01,9,5
1045,2016-07-02,6,6
1046,2016-07-03,4,3
1047,2016-07-04,0,0
1048,2016-07-05,19,2
1049,2016-07-06,11,3
1050,2016-07-07,11,7
1051,2016-07-08,19,11
1052,2016-07-09,5,7
1053,2016-07-10,1,0
1054,2016-07-11,8,5
1055,2016-07-12,9,1
1056,2016-07-13,8,3
1057,2016-07-14,3,4
1058,2016-07-15,5,21
1059,2016-07-16,7,6
1060,2016-07-17,3,4
1061,2016-07-18,3,7
1062,2016-07-19,9,3
1063,2016-07-20,1,3
1064,2016-07-21,4,6
1065,2016-07-22,6,7
1066,2016-07-23,5,8
1067,2016-07-24,2,4
1068,2016-07-25,3,0
1069,2016-07-26,4,7
1070,2016-07-27,4,3
1071,2016-07-28,2,3
1072,2016-07-29,5,3
1073,2016-07-30,3,3
1074,2016-07-31,3,0
1075,2016-08-01,4,5
1076,2016-08-02,3,4
1077,2016-08-03,7,7
1078,2016-08-04,6,4
1079,2016-08-05,6,8
1080,2016-08-06,10,4
1081,2016-08-07,2,1
1082,2016-08-08,1,0
1083,2016-08-09,6,8
1084,2016-08-10,4,9
1085,2016-08-11,8,1
1086,2016-08-12,3,5
1087,2016-08-13,9,3
1088,2016-08-14,0,0
1089,2016-08-15,1,0
1090,2016-08-16,7,5
1091,2016-08-17,3,11
1092,2016-08-18,6,4
1093,2016-08-19,4,5
1094,2016-08-20,6,6
1095,2016-08-21,0,0
1096,2016-08-22,1,0
1097,2016-08-23,4,7
1098,2016-08-24,7,3
1099,2016-08-25,5,6
1100,2016-08-26,3,4
1101,2016-08-27,3,2
1102,2016-08-28,2,2
1103,2016-08-29,4,0
1104,2016-08-30,6,6
1105,2016-08-31,8,4
1106,2016-09-01,5,4
1107,2016-09-02,8,5
1108,2016-09-03,3,9
1109,2016-09-04,0,0
1110,2016-09-05,0,0
1111,2016-09-06,9,1
1112,2016-09-07,9,9
1113,2016-09-08,13,6
1114,2016-09-09,4,2
1115,2016-09-10,6,15
1116,2016-09-11,3,7
1117,2016-09-12,2,0
1118,2016-09-13,5,9
1119,2016-09-14,5,0
1120,2016-09-15,4,5
1121,2016-09-16,10,11
1122,2016-09-17,4,5
1123,2016-09-18,0,5
1124,2016-09-19,1,0
1125,2016-09-20,11,6
1126,2016-09-21,6,13
1127,2016-09-22,6,4
1128,2016-09-23,9,3
1129,2016-09-24,5,8
1130,2016-09-25,1,0
1131,2016-09-26,2,0
1132,2016-09-27,5,3
1133,2016-09-28,3,9
1134,2016-09-29,4,6
1135,2016-09-30,4,9
1136,2016-10-01,4,1
1137,2016-10-02,2,0
1138,2016-10-03,1,0
1139,2016-10-04,7,8
1140,2016-10-05,8,5
1141,2016-10-06,7,8
1142,2016-10-07,3,2
1143,2016-10-08,8,3
1144,2016-10-09,0,0
1145,2016-10-10,3,0
1146,2016-10-11,5,9
1147,2016-10-12,6,4
1148,2016-10-13,4,12
1149,2016-10-14,9,4
1150,2016-10-15,8,4
1151,2016-10-16,2,1
1152,2016-10-17,0,0
1153,2016-10-18,5,3
1154,2016-10-19,6,8
1155,2016-10-20,4,6
1156,2016-10-21,4,1
1157,2016-10-22,5,5
1158,2016-10-23,0,0
1159,2016-10-24,4,3
1160,2016-10-25,4,1
1161,2016-10-26,10,12
1162,2016-10-27,4,4
1163,2016-10-28,3,3
1164,2016-10-29,6,4
1165,2016-10-30,2,0
1166,2016-10-31,6,0
1167,2016-11-01,8,3
1168,2016-11-02,9,2
1169,2016-11-03,1,4
1170,2016-11-04,7,4
1171,2016-11-05,6,12
1172,2016-11-06,0,0
1173,2016-11-07,1,0
1174,2016-11-08,14,5
1175,2016-11-09,3,3
1176,2016-11-10,5,2
1177,2016-11-11,2,0
1178,2016-11-12,4,5
1179,2016-11-13,0,0
1180,2016-11-14,1,0
1181,2016-11-15,5,9
1182,2016-11-16,14,6
1183,2016-11-17,9,2
1184,2016-11-18,2,3
1185,2016-11-19,2,1
1186,2016-11-20,0,0
1187,2016-11-21,5,0
1188,2016-11-22,9,3
1189,2016-11-23,14,5
1190,2016-11-24,2,0
1191,2016-11-25,1,9
1192,2016-11-26,7,11
1193,2016-11-27,1,0
1194,2016-11-28,1,3
1195,2016-11-29,4,5
1196,2016-11-30,7,5
1197,2016-12-01,5,4
1198,2016-12-02,5,4
1199,2016-12-03,6,5
1200,2016-12-04,1,0
1201,2016-12-05,4,7
1202,2016-12-06,11,6
1203,2016-12-07,5,3
1204,2016-12-08,5,5
1205,2016-12-09,4,4
1206,2016-12-10,6,1
1207,2016-12-11,2,4
1208,2016-12-12,6,0
1209,2016-12-13,8,2
1210,2016-12-14,6,6
1211,2016-12-15,1,13
1212,2016-12-16,8,5
1213,2016-12-17,10,5
1214,2016-12-18,1,9
1215,2016-12-19,6,6
1216,2016-12-20,10,4
1217,2016-12-21,9,19
1218,2016-12-22,6,11
1219,2016-12-23,4,11
1220,2016-12-24,2,19
1221,2016-12-25,1,0
1222,2016-12-26,0,0
1223,2016-12-27,6,5
1224,2016-12-28,4,1
1225,2016-12-29,4,8
1226,2016-12-30,3,9
1227,2016-12-31,2,8
1228,2017-01-01,1,0
1229,2017-01-02,0,0
1230,2017-01-03,17,3
1231,2017-01-04,4,5
1232,2017-01-05,7,7
1233,2017-01-06,7,3
1234,2017-01-07,3,3
1235,2017-01-08,1,0
1236,2017-01-09,8,0
1237,2017-01-10,6,9
1238,2017-01-11,14,1
1239,2017-01-12,2,4
1240,2017-01-13,6,6
1241,2017-01-14,13,5
1242,2017-01-15,3,0
1243,2017-01-16,0,0
1244,2017-01-17,6,2
1245,2017-01-18,3,3
1246,2017-01-19,2,4
1247,2017-01-20,8,4
1248,2017-01-21,5,2
1249,2017-01-22,1,0
1250,2017-01-23,6,5
1251,2017-01-24,6,3
1252,2017-01-25,5,3
1253,2017-01-26,5,4
1254,2017-01-27,9,3
1255,2017-01-28,5,7
1256,2017-01-29,0,0
1257,2017-01-30,2,0
1258,2017-01-31,10,6
1259,2017-02-01,2,0
1260,2017-02-02,4,6
1261,2017-02-03,6,10
1262,2017-02-04,6,2
1263,2017-02-05,3,1
1264,2017-02-06,3,0
1265,2017-02-07,13,6
1266,2017-02-08,2,4
1267,2017-02-09,2,8
1268,2017-02-10,5,3
1269,2017-02-11,6,9
1270,2017-02-12,2,0
1271,2017-02-13,1,0
1272,2017-02-14,6,1
1273,2017-02-15,4,7
1274,2017-02-16,5,3
1275,2017-02-17,7,6
1276,2017-02-18,5,4
1277,2017-02-19,0,0
1278,2017-02-20,0,0
1279,2017-02-21,6,6
1280,2017-02-22,4,1
1281,2017-02-23,4,4
1282,2017-02-24,3,7
1283,2017-02-25,2,5
1284,2017-02-26,4,3
1285,2017-02-27,2,0
1286,2017-02-28,6,3
1287,2017-03-01,4,2
1288,2017-03-02,2,4
1289,2017-03-03,5,6
1290,2017-03-04,8,8
1291,2017-03-05,1,0
1292,2017-03-06,3,0
1293,2017-03-07,7,5
1294,2017-03-08,3,8
1295,2017-03-09,4,3
1296,2017-03-10,7,9
1297,2017-03-11,1,9
1298,2017-03-12,1,0
1299,2017-03-13,3,0
1300,2017-03-14,12,13
1301,2017-03-15,5,4
1302,2017-03-16,6,6
1303,2017-03-17,4,3
1304,2017-03-18,3,2
1305,2017-03-19,0,0
1306,2017-03-20,1,0
1307,2017-03-21,4,5
1308,2017-03-22,13,5
1309,2017-03-23,3,4
1310,2017-03-24,1,10
1311,2017-03-25,7,4
1312,2017-03-26,4,0
1313,2017-03-27,4,1
1314,2017-03-28,7,11
1315,2017-03-29,1,6
1316,2017-03-30,4,6
1317,2017-03-31,8,9
1318,2017-04-01,10,5
1319,2017-04-02,1,1
1320,2017-04-03,1,2
1321,2017-04-04,7,5
1322,2017-04-05,9,3
1323,2017-04-06,0,4
1324,2017-04-07,8,4
1325,2017-04-08,3,4
1326,2017-04-09,2,2
1327,2017-04-10,5,0
1328,2017-04-11,3,1
1329,2017-04-12,9,7
1330,2017-04-13,8,8
1331,2017-04-14,11,7
1332,2017-04-15,5,3
1333,2017-04-16,0,0
1334,2017-04-17,6,8
1335,2017-04-18,4,3
1336,2017-04-19,5,5
1337,2017-04-20,1,6
1338,2017-04-21,5,4
1339,2017-04-22,4,9
1340,2017-04-23,5,0
1341,2017-04-24,0,8
1342,2017-04-25,1,2
1343,2017-04-26,2,5
1344,2017-04-27,6,6
1345,2017-04-28,3,4
1346,2017-04-29,9,4
1347,2017-04-30,4,0
1348,2017-05-01,6,5
1349,2017-05-02,2,4
1350,2017-05-03,9,4
1351,2017-05-04,3,10
1352,2017-05-05,6,4
1353,2017-05-06,2,3
1354,2017-05-07,8,0
1355,2017-05-08,1,0
1356,2017-05-09,7,6
1357,2017-05-10,8,2
1358,2017-05-11,6,6
1359,2017-05-12,4,8
1360,2017-05-13,5,9
1361,2017-05-14,1,0
1362,2017-05-15,4,0
1363,2017-05-16,8,1
1364,2017-05-17,4,7
1365,2017-05-18,3,6
1366,2017-05-19,9,1
1367,2017-05-20,7,14
1368,2017-05-21,1,0
1369,2017-05-22,4,3
1370,2017-05-23,6,5
1371,2017-05-24,10,2
1372,2017-05-25,6,4
1373,2017-05-26,5,1
1374,2017-05-27,4,5
1375,2017-05-28,3,14
1376,2017-05-29,0,0
1377,2017-05-30,10,9
1378,2017-05-31,6,2
1379,2017-06-01,4,2
1380,2017-06-02,10,5
1381,2017-06-03,7,9
1382,2017-06-04,1,0
1383,2017-06-05,5,0
1384,2017-06-06,7,14
1385,2017-06-07,5,2
1386,2017-06-08,1,1
1387,2017-06-09,5,7
1388,2017-06-10,5,1
1389,2017-06-11,0,0
1390,2017-06-12,9,0
1391,2017-06-13,2,1
1392,2017-06-14,1,4
1393,2017-06-15,7,7
1394,2017-06-16,9,5
1395,2017-06-17,8,5
1396,2017-06-18,2,0
1397,2017-06-19,5,0
1398,2017-06-20,9,6
1399,2017-06-21,8,1
1400,2017-06-22,12,4
1401,2017-06-23,10,11
1402,2017-06-24,9,5
1403,2017-06-25,0,0
1404,2017-06-26,1,0
1405,2017-06-27,6,5
1406,2017-06-28,6,4
1407,2017-06-29,8,6
1408,2017-06-30,11,2
1409,2017-07-01,2,6
1410,2017-07-02,0,0
1411,2017-07-03,3,0
1412,2017-07-04,1,0
1413,2017-07-05,18,8
1414,2017-07-06,11,6
1415,2017-07-07,4,1
1416,2017-07-08,2,8
1417,2017-07-09,3,10
1418,2017-07-10,2,0
1419,2017-07-11,4,1
1420,2017-07-12,3,6
1421,2017-07-13,1,10
1422,2017-07-14,8,9
1423,2017-07-15,1,6
1424,2017-07-16,7,0
1425,2017-07-17,4,0
1426,2017-07-18,6,4
1427,2017-07-19,5,2
1428,2017-07-20,4,1
1429,2017-07-21,5,6
1430,2017-07-22,7,4
1431,2017-07-23,0,0
1432,2017-07-24,4,4
1433,2017-07-25,6,3
1434,2017-07-26,9,2
1435,2017-07-27,2,1
1436,2017-07-28,5,17
1437,2017-07-29,5,4
1438,2017-07-30,2,0
1439,2017-07-31,3,7
1440,2017-08-01,10,7
1441,2017-08-02,7,3
1442,2017-08-03,4,1
1443,2017-08-04,6,8
1444,2017-08-05,11,6
1445,2017-08-06,3,14
1446,2017-08-07,1,0
1447,2017-08-08,8,2
1448,2017-08-09,6,6
1449,2017-08-10,5,13
1450,2017-08-11,10,3
1451,2017-08-12,2,6
1452,2017-08-13,0,0
1453,2017-08-14,5,3
1454,2017-08-15,12,2
1455,2017-08-16,6,8
1456,2017-08-17,6,5
1457,2017-08-18,5,1
1458,2017-08-19,3,6
1459,2017-08-20,3,6
1460,2017-08-21,4,0
1461,2017-08-22,10,5
1462,2017-08-23,4,5
1463,2017-08-24,13,9
1464,2017-08-25,6,5
1465,2017-08-26,8,2
1466,2017-08-27,3,0
1467,2017-08-28,4,10
1468,2017-08-29,6,2
1469,2017-08-30,7,4
1470,2017-08-31,3,6
1471,2017-09-01,1,0
1472,2017-09-02,8,6
1473,2017-09-03,1,0
1474,2017-09-04,1,0
1475,2017-09-05,9,3
1476,2017-09-06,4,3
1477,2017-09-07,1,13
1478,2017-09-08,8,2
1479,2017-09-09,6,2
1480,2017-09-10,0,0
1481,2017-09-11,8,5
1482,2017-09-12,3,6
1483,2017-09-13,7,2
1484,2017-09-14,4,1
1485,2017-09-15,3,6
1486,2017-09-16,5,4
1487,2017-09-17,0,0
1488,2017-09-18,5,0
1489,2017-09-19,8,5
1490,2017-09-20,1,7
1491,2017-09-21,1,5
1492,2017-09-22,7,6
1493,2017-09-23,4,4
1494,2017-09-24,1,0
1495,2017-09-25,1,0
1496,2017-09-26,9,4
1497,2017-09-27,7,3
1498,2017-09-28,4,2
1499,2017-09-29,8,4
1500,2017-09-30,3,2
1501,2017-10-01,1,0
1502,2017-10-02,1,0
1503,2017-10-03,11,6
1504,2017-10-04,2,4
1505,2017-10-05,3,2
1506,2017-10-06,4,5
1507,2017-10-07,2,8
1508,2017-10-08,1,1
1509,2017-10-09,3,0
1510,2017-10-10,10,3
1511,2017-10-11,4,7
1512,2017-10-12,6,3
1513,2017-10-13,6,4
1514,2017-10-14,11,7
1515,2017-10-15,3,1
1516,2017-10-16,12,1
1517,2017-10-17,6,3
1518,2017-10-18,5,12
1519,2017-10-19,5,5
1520,2017-10-20,7,6
1521,2017-10-21,2,4
1522,2017-10-22,1,3
1523,2017-10-23,3,1
1524,2017-10-24,11,4
1525,2017-10-25,7,13
1526,2017-10-26,3,3
1527,2017-10-27,10,1
1528,2017-10-28,3,7
1529,2017-10-29,1,4
1530,2017-10-30,3,0
1531,2017-10-31,2,4
1532,2017-11-01,8,7
1533,2017-11-02,3,1
1534,2017-11-03,3,4
1535,2017-11-04,2,8
1536,2017-11-05,0,0
1537,2017-11-06,6,0
1538,2017-11-07,2,0
1539,2017-11-08,0,0
1540,2017-11-09,2,10
1541,2017-11-10,4,0
1542,2017-11-11,17,1
1543,2017-11-12,1,1
1544,2017-11-13,1,0
1545,2017-11-14,2,7
1546,2017-11-15,3,0
1547,2017-11-16,6,9
1548,2017-11-17,3,8
1549,2017-11-18,6,3
1550,2017-11-19,0,0
1551,2017-11-20,3,2
1552,2017-11-21,10,5
1553,2017-11-22,3,3
1554,2017-11-23,0,0
1555,2017-11-24,7,0
1556,2017-11-25,6,9
1557,2017-11-26,2,8
1558,2017-11-27,1,11
1559,2017-11-28,11,5
1560,2017-11-29,3,6
1561,2017-11-30,5,4
1562,2017-12-01,9,5
1563,2017-12-02,7,1
1564,2017-12-03,2,0
1565,2017-12-04,9,5
1566,2017-12-05,4,4
1567,2017-12-06,3,5
1568,2017-12-07,2,1
1569,2017-12-08,6,2
1570,2017-12-09,2,6
1571,2017-12-10,0,0
1572,2017-12-11,4,3
1573,2017-12-12,8,9
1574,2017-12-13,5,4
1575,2017-12-14,5,6
1576,2017-12-15,4,2
1577,2017-12-16,4,9
1578,2017-12-17,2,0
1579,2017-12-18,1,3
1580,2017-12-19,5,6
1581,2017-12-20,3,2
1582,2017-12-21,3,8
1583,2017-12-22,5,1
1584,2017-12-23,7,7
1585,2017-12-24,2,0
1586,2017-12-25,0,0
1587,2017-12-26,6,8
1588,2017-12-27,4,6
1589,2017-12-28,1,4
1590,2017-12-29,5,5
1591,2017-12-30,4,1
1592,2017-12-31,4,0
1593,2018-01-01,2,0
1594,2018-01-02,12,4
1595,2018-01-03,9,8
1596,2018-01-04,5,4
1597,2018-01-05,1,3
1598,2018-01-06,8,0
1599,2018-01-07,2,9
1600,2018-01-08,2,0
1601,2018-01-09,9,7
1602,2018-01-10,7,1
1603,2018-01-11,8,4
1604,2018-01-12,8,6
1605,2018-01-13,4,10
1606,2018-01-14,5,6
1607,2018-01-15,0,0
1608,2018-01-16,2,5
1609,2018-01-17,12,4
1610,2018-01-18,6,3
1611,2018-01-19,1,10
1612,2018-01-20,3,6
1613,2018-01-21,5,4
1614,2018-01-22,2,0
1615,2018-01-23,1,10
1616,2018-01-24,7,7
1617,2018-01-25,8,1
1618,2018-01-26,3,5
1619,2018-01-27,1,7
1620,2018-01-28,4,0
1621,2018-01-29,4,5
1622,2018-01-30,5,1
1623,2018-01-31,10,5
1624,2018-02-01,6,5
1625,2018-02-02,4,9
1626,2018-02-03,5,2
1627,2018-02-04,1,0
1628,2018-02-05,3,0
1629,2018-02-06,6,1
1630,2018-02-07,10,7
1631,2018-02-08,7,9
1632,2018-02-09,0,8
1633,2018-02-10,21,2
1634,2018-02-11,2,5
1635,2018-02-12,0,0
1636,2018-02-13,8,9
1637,2018-02-14,7,8
1638,2018-02-15,3,12
1639,2018-02-16,1,10
1640,2018-02-17,1,9
1641,2018-02-18,1,0
1642,2018-02-19,0,0
1643,2018-02-20,6,1
1644,2018-02-21,5,6
1645,2018-02-22,3,6
1646,2018-02-23,4,8
1647,2018-02-24,0,11
1648,2018-02-25,3,0
1649,2018-02-26,2,0
1650,2018-02-27,6,2
1651,2018-02-28,6,3
1652,2018-03-01,6,1
1653,2018-03-02,5,18
1654,2018-03-03,1,11
1655,2018-03-04,0,0
1656,2018-03-05,3,0
1657,2018-03-06,8,4
1658,2018-03-07,1,2
1659,2018-03-08,9,3
1660,2018-03-09,2,2
1661,2018-03-10,6,4
1662,2018-03-11,3,0
1663,2018-03-12,2,0
1664,2018-03-13,2,3
1665,2018-03-14,4,1
1666,2018-03-15,4,8
1667,2018-03-16,7,1
1668,2018-03-17,4,7
1669,2018-03-18,4,4
1670,2018-03-19,12,6
1671,2018-03-20,6,5
1672,2018-03-21,5,4
1673,2018-03-22,9,5
1674,2018-03-23,4,7
1675,2018-03-24,3,4
1676,2018-03-25,3,6
1677,2018-03-26,0,0
1678,2018-03-27,3,9
1679,2018-03-28,3,2
1680,2018-03-29,4,5
1681,2018-03-30,6,5
1682,2018-03-31,2,2
1683,2018-04-01,2,3
1684,2018-04-02,5,0
1685,2018-04-03,12,10
1686,2018-04-04,4,7
1687,2018-04-05,3,4
1688,2018-04-06,0,6
1689,2018-04-07,4,11
1690,2018-04-08,3,0
1691,2018-04-09,2,0
1692,2018-04-10,5,3
1693,2018-04-11,3,1
1694,2018-04-12,10,8
1695,2018-04-13,3,6
1696,2018-04-14,3,5
1697,2018-04-15,0,0
1698,2018-04-16,1,0
1699,2018-04-17,10,10
1700,2018-04-18,6,2
1701,2018-04-19,8,5
1702,2018-04-20,5,12
1703,2018-04-21,3,6
1704,2018-04-22,2,0
1705,2018-04-23,2,6
1706,2018-04-24,6,5
1707,2018-04-25,4,3
1708,2018-04-26,5,3
1709,2018-04-27,11,4
1710,2018-04-28,11,10
1711,2018-04-29,1,0
1712,2018-04-30,2,0
1713,2018-05-01,9,4
1714,2018-05-02,12,13
1715,2018-05-03,6,6
1716,2018-05-04,2,8
1717,2018-05-05,4,3
1718,2018-05-06,0,0
1719,2018-05-07,2,0
1720,2018-05-08,4,4
1721,2018-05-09,3,6
1722,2018-05-10,5,7
1723,2018-05-11,5,3
1724,2018-05-12,5,1
1725,2018-05-13,1,0
1726,2018-05-14,3,0
1727,2018-05-15,10,8
1728,2018-05-16,3,1
1729,2018-05-17,13,1
1730,2018-05-18,4,9
1731,2018-05-19,2,4
1732,2018-05-20,6,1
1733,2018-05-21,2,0
1734,2018-05-22,9,8
1735,2018-05-23,8,6
1736,2018-05-24,6,8
1737,2018-05-25,5,3
1738,2018-05-26,3,7
1739,2018-05-27,1,0
1740,2018-05-28,2,0
1741,2018-05-29,8,4
1742,2018-05-30,6,3
1743,2018-05-31,3,5
1744,2018-06-01,3,5
1745,2018-06-02,1,8
1746,2018-06-03,0,0
1747,2018-06-04,4,1
1748,2018-06-05,7,1
1749,2018-06-06,1,7
1750,2018-06-07,5,4
1751,2018-06-08,1,1
1752,2018-06-09,2,1
1753,2018-06-10,0,0
1754,2018-06-11,1,0
1755,2018-06-12,7,9
1756,2018-06-13,10,7
1757,2018-06-14,2,0
1758,2018-06-15,8,4
1759,2018-06-16,6,8
1760,2018-06-17,0,0
1761,2018-06-18,2,0
1762,2018-06-19,4,3
1763,2018-06-20,1,1
1764,2018-06-21,1,0
1765,2018-06-22,7,1
1766,2018-06-23,4,11
1767,2018-06-24,2,2
1768,2018-06-25,1,3
1769,2018-06-26,8,4
1770,2018-06-27,1,2
1771,2018-06-28,4,1
1772,2018-06-29,5,3
1773,2018-06-30,3,10
1774,2018-07-01,0,4
1775,2018-07-02,5,0
1776,2018-07-03,8,6
1777,2018-07-04,1,0
1778,2018-07-05,10,6
1779,2018-07-06,9,11
1780,2018-07-07,13,3
1781,2018-07-08,4,0
1782,2018-07-09,7,0
1783,2018-07-10,5,12
1784,2018-07-11,2,6
1785,2018-07-12,4,5
1786,2018-07-13,2,5
1787,2018-07-14,4,7
1788,2018-07-15,2,2
1789,2018-07-16,3,0
1790,2018-07-17,4,1
1791,2018-07-18,2,3
1792,2018-07-19,3,11
1793,2018-07-20,4,7
1794,2018-07-21,4,3
1795,2018-07-22,1,0
1796,2018-07-23,6,10
1797,2018-07-24,2,3
1798,2018-07-25,3,1
1799,2018-07-26,1,0
1800,2018-07-27,2,3
1801,2018-07-28,4,2
1802,2018-07-29,3,0
1803,2018-07-30,5,8
1804,2018-07-31,12,3
1805,2018-08-01,4,3
1806,2018-08-02,8,2
1807,2018-08-03,9,6
1808,2018-08-04,2,2
1809,2018-08-05,1,0
1810,2018-08-06,1,0
1811,2018-08-07,6,2
1812,2018-08-08,5,4
1813,2018-08-09,4,17
1814,2018-08-10,4,1
1815,2018-08-11,3,1
1816,2018-08-12,3,0
1817,2018-08-13,8,2
1818,2018-08-14,8,3
1819,2018-08-15,6,6
1820,2018-08-16,2,3
1821,2018-08-17,4,6
1822,2018-08-18,3,3
1823,2018-08-19,0,0
1824,2018-08-20,5,0
1825,2018-08-21,11,10
1826,2018-08-22,5,3
1827,2018-08-23,3,7
1828,2018-08-24,6,6
1829,2018-08-25,4,2
1830,2018-08-26,2,0
1831,2018-08-27,4,1
1832,2018-08-28,5,11
1833,2018-08-29,5,3
1834,2018-08-30,2,5
1835,2018-08-31,12,9
1836,2018-09-01,1,7
1837,2018-09-02,2,2
1838,2018-09-03,0,0
1839,2018-09-04,10,9
1840,2018-09-05,8,4
1841,2018-09-06,7,3
1842,2018-09-07,2,2
1843,2018-09-08,7,6
1844,2018-09-09,2,0
1845,2018-09-10,4,2
1846,2018-09-11,11,4
1847,2018-09-12,8,8
1848,2018-09-13,1,5
1849,2018-09-14,1,5
1850,2018-09-15,7,4
1851,2018-09-16,0,0
1852,2018-09-17,8,4
1853,2018-09-18,4,2
1854,2018-09-19,6,1
1855,2018-09-20,4,5
1856,2018-09-21,6,3
1857,2018-09-22,0,3
1858,2018-09-23,2,0
1859,2018-09-24,4,5
1860,2018-09-25,3,7
1861,2018-09-26,5,2
1862,2018-09-27,6,6
1863,2018-09-28,6,4
1864,2018-09-29,3,1
1865,2018-09-30,4,5
1866,2018-10-01,7,0
1867,2018-10-02,6,4
1868,2018-10-03,3,4
1869,2018-10-04,4,2
1870,2018-10-05,4,12
1871,2018-10-06,8,9
1872,2018-10-07,2,5
1873,2018-10-08,0,1
1874,2018-10-09,7,8
1875,2018-10-10,7,2
1876,2018-10-11,5,2
1877,2018-10-12,5,9
1878,2018-10-13,7,7
1879,2018-10-14,4,8
1880,2018-10-15,3,0
1881,2018-10-16,9,8
1882,2018-10-17,3,4
1883,2018-10-18,13,5
1884,2018-10-19,4,2
1885,2018-10-20,6,12
1886,2018-10-21,3,6
1887,2018-10-22,2,1
1888,2018-10-23,3,3
1889,2018-10-24,5,5
1890,2018-10-25,3,2
1891,2018-10-26,5,1
1892,2018-10-27,6,7
1893,2018-10-28,0,0
1894,2018-10-29,1,0
1895,2018-10-30,7,8
1896,2018-10-31,2,3
1897,2018-11-01,6,1
1898,2018-11-02,9,4
1899,2018-11-03,1,4
1900,2018-11-04,1,5
1901,2018-11-05,1,0
1902,2018-11-06,6,10
1903,2018-11-07,9,6
1904,2018-11-08,7,4
1905,2018-11-09,6,5
1906,2018-11-10,2,1
1907,2018-11-11,3,0
1908,2018-11-12,3,0
1909,2018-11-13,7,3
1910,2018-11-14,4,6
1911,2018-11-15,6,10
1912,2018-11-16,3,7
1913,2018-11-17,4,21
1914,2018-11-18,3,0
1915,2018-11-19,5,2
1916,2018-11-20,7,8
1917,2018-11-21,5,7
1918,2018-11-22,3,0
1919,2018-11-23,1,0
1920,2018-11-24,2,3
1921,2018-11-25,2,0
1922,2018-11-26,6,1
1923,2018-11-27,2,1
1924,2018-11-28,6,1
1925,2018-11-29,8,6
1926,2018-11-30,11,5
1927,2018-12-01,5,3
1928,2018-12-02,2,4
1929,2018-12-03,5,0
1930,2018-12-04,6,3
1931,2018-12-05,8,2
1932,2018-12-06,8,6
1933,2018-12-07,3,6
1934,2018-12-08,1,6
1935,2018-12-09,1,0
1936,2018-12-10,1,0
1937,2018-12-11,4,5
1938,2018-12-12,5,1
1939,2018-12-13,4,3
1940,2018-12-14,7,8
1941,2018-12-15,2,1
1942,2018-12-16,1,0
1943,2018-12-17,5,9
1944,2018-12-18,6,2
1945,2018-12-19,7,6
1946,2018-12-20,6,3
1947,2018-12-21,6,2
1948,2018-12-22,9,2
1949,2018-12-23,0,0
1950,2018-12-24,3,0
1951,2018-12-25,0,0
1952,2018-12-26,19,4
1953,2018-12-27,7,4
1954,2018-12-28,3,7
1955,2018-12-29,4,4
1956,2018-12-30,1,4
1957,2018-12-31,3,0
1958,2019-01-01,2,0
1959,2019-01-02,13,12
1960,2019-01-03,4,6
1961,2019-01-04,3,5
1962,2019-01-05,6,9
1963,2019-01-06,3,0
1964,2019-01-07,4,4
1965,2019-01-08,3,3
1966,2019-01-09,5,3
1967,2019-01-10,7,3
1968,2019-01-11,4,3
1969,2019-01-12,11,4
1970,2019-01-13,4,6
1971,2019-01-14,4,2
1972,2019-01-15,2,2
1973,2019-01-16,2,5
1974,2019-01-17,6,12
1975,2019-01-18,8,4
1976,2019-01-19,6,3
1977,2019-01-20,1,4
1978,2019-01-21,1,0
1979,2019-01-22,3,3
1980,2019-01-23,7,2
1981,2019-01-24,2,5
1982,2019-01-25,6,3
1983,2019-01-26,5,10
1984,2019-01-27,3,3
1985,2019-01-28,4,3
1986,2019-01-29,3,1
1987,2019-01-30,6,10
1988,2019-01-31,6,6
1989,2019-02-01,2,8
1990,2019-02-02,6,5
1991,2019-02-03,4,0
1992,2019-02-04,5,3
1993,2019-02-05,3,2
1994,2019-02-06,4,2
1995,2019-02-07,6,6
1996,2019-02-08,3,4
1997,2019-02-09,0,5
1998,2019-02-10,1,0
1999,2019-02-11,3,11
2000,2019-02-12,0,0
2001,2019-02-13,5,11
2002,2019-02-14,7,1
2003,2019-02-15,4,2
2004,2019-02-16,4,9
2005,2019-02-17,4,0
2006,2019-02-18,0,0
2007,2019-02-19,9,12
2008,2019-02-20,7,6
2009,2019-02-21,7,2
2010,2019-02-22,9,4
2011,2019-02-23,4,2
2012,2019-02-24,0,0
2013,2019-02-25,6,0
2014,2019-02-26,0,4
2015,2019-02-27,6,3
2016,2019-02-28,6,5
2017,2019-03-01,9,5
2018,2019-03-02,6,5
2019,2019-03-03,2,0
2020,2019-03-04,3,1
2021,2019-03-05,12,3
2022,2019-03-06,5,10
2023,2019-03-07,6,3
2024,2019-03-08,8,13
2025,2019-03-09,4,4
2026,2019-03-10,3,0
2027,2019-03-11,5,2
2028,2019-03-12,5,6
2029,2019-03-13,4,2
2030,2019-03-14,1,9
2031,2019-03-15,1,8
2032,2019-03-16,6,6
2033,2019-03-17,1,0
2034,2019-03-18,4,5
2035,2019-03-19,5,3
2036,2019-03-20,4,1
2037,2019-03-21,11,2
2038,2019-03-22,1,8
2039,2019-03-23,2,6
2040,2019-03-24,0,0
2041,2019-03-25,0,0
2042,2019-03-26,6,3
2043,2019-03-27,9,3
2044,2019-03-28,7,1
2045,2019-03-29,7,4
2046,2019-03-30,4,7
2047,2019-03-31,4,0
2048,2019-04-01,3,0
2049,2019-04-02,6,1
2050,2019-04-03,3,5
2051,2019-04-04,12,1
2052,2019-04-05,5,2
2053,2019-04-06,4,1
2054,2019-04-07,2,0
2055,2019-04-08,1,0
2056,2019-04-09,6,7
2057,2019-04-10,4,10
2058,2019-04-11,7,2
2059,2019-04-12,4,8
2060,2019-04-13,3,6
2061,2019-04-14,0,0
2062,2019-04-15,7,2
2063,2019-04-16,3,4
2064,2019-04-17,1,1
2065,2019-04-18,2,1
2066,2019-04-19,9,7
2067,2019-04-20,3,4
2068,2019-04-21,2,2
2069,2019-04-22,3,0
2070,2019-04-23,4,1
2071,2019-04-24,4,8
2072,2019-04-25,1,1
2073,2019-04-26,2,4
2074,2019-04-27,4,5
2075,2019-04-28,1,0
2076,2019-04-29,2,3
2077,2019-04-30,7,5
2078,2019-05-01,1,8
2079,2019-05-02,2,1
2080,2019-05-03,4,10
2081,2019-05-04,2,9
2082,2019-05-05,2,0
2083,2019-05-06,6,13
2084,2019-05-07,6,4
2085,2019-05-08,4,7
2086,2019-05-09,5,5
2087,2019-05-10,5,2
2088,2019-05-11,3,4
2089,2019-05-12,1,0
2090,2019-05-13,0,2
2091,2019-05-14,6,4
2092,2019-05-15,3,2
2093,2019-05-16,8,3
2094,2019-05-17,13,4
2095,2019-05-18,1,2
2096,2019-05-19,0,0
2097,2019-05-20,3,0
2098,2019-05-21,5,3
2099,2019-05-22,2,4
2100,2019-05-23,9,4
2101,2019-05-24,5,1
2102,2019-05-25,4,6
2103,2019-05-26,0,0
2104,2019-05-27,0,0
2105,2019-05-28,6,2
2106,2019-05-29,2,3
2107,2019-05-30,0,0
2108,2019-05-31,4,1
2109,2019-06-01,8,2
2110,2019-06-02,1,0
2111,2019-06-03,4,4
2112,2019-06-04,6,3
2113,2019-06-05,1,5
2114,2019-06-06,7,12
2115,2019-06-07,7,4
2116,2019-06-08,4,8
2117,2019-06-09,0,0
2118,2019-06-10,9,9
2119,2019-06-11,8,2
2120,2019-06-12,6,1
2121,2019-06-13,8,1
2122,2019-06-14,10,6
2123,2019-06-15,3,5
2124,2019-06-16,0,4
2125,2019-06-17,7,4
2126,2019-06-18,4,3
2127,2019-06-19,3,3
2128,2019-06-20,4,8
2129,2019-06-21,5,8
2130,2019-06-22,7,6
2131,2019-06-23,2,2
2132,2019-06-24,2,4
2133,2019-06-25,9,3
2134,2019-06-26,10,5
2135,2019-06-27,3,11
2136,2019-06-28,5,5
2137,2019-06-29,2,3
2138,2019-06-30,2,0
2139,2019-07-01,6,0
2140,2019-07-02,9,6
2141,2019-07-03,1,4
2142,2019-07-04,1,0
2143,2019-07-05,12,2
2144,2019-07-06,10,4
2145,2019-07-07,0,0
2146,2019-07-08,2,5
2147,2019-07-09,8,5
2148,2019-07-10,3,2
2149,2019-07-11,3,12
2150,2019-07-12,3,1
2151,2019-07-13,5,2
2152,2019-07-14,1,0
2153,2019-07-15,5,10
2154,2019-07-16,4,8
2155,2019-07-17,4,7
2156,2019-07-18,6,2
2157,2019-07-19,5,7
2158,2019-07-20,6,2
2159,2019-07-21,3,4
2160,2019-07-22,1,0
2161,2019-07-23,4,11
2162,2019-07-24,1,8
2163,2019-07-25,5,1
2164,2019-07-26,1,1
2165,2019-07-27,3,7
2166,2019-07-28,1,0
2167,2019-07-29,3,8
2168,2019-07-30,3,4
2169,2019-07-31,0,6
2170,2019-08-01,4,4
2171,2019-08-02,4,6
2172,2019-08-03,2,2
2173,2019-08-04,0,0
2174,2019-08-05,6,4
2175,2019-08-06,4,3
2176,2019-08-07,2,5
2177,2019-08-08,4,6
2178,2019-08-09,5,6
2179,2019-08-10,5,3
2180,2019-08-11,1,0
2181,2019-08-12,2,4
2182,2019-08-13,3,7
2183,2019-08-14,7,6
2184,2019-08-15,3,3
2185,2019-08-16,2,4
2186,2019-08-17,7,4
2187,2019-08-18,2,0
2188,2019-08-19,6,0
2189,2019-08-20,3,8
2190,2019-08-21,4,2
2191,2019-08-22,9,7
2192,2019-08-23,3,7
2193,2019-08-24,5,5
2194,2019-08-25,0,0
2195,2019-08-26,4,5
2196,2019-08-27,2,7
2197,2019-08-28,8,4
2198,2019-08-29,4,3
2199,2019-08-30,7,9
2200,2019-08-31,3,3
2201,2019-09-01,0,0
2202,2019-09-02,3,0
2203,2019-09-03,4,13
2204,2019-09-04,5,4
2205,2019-09-05,12,6
2206,2019-09-06,4,3
2207,2019-09-07,3,2
2208,2019-09-08,0,0
2209,2019-09-09,1,3
2210,2019-09-10,3,5
2211,2019-09-11,5,3
2212,2019-09-12,4,5
2213,2019-09-13,2,6
2214,2019-09-14,5,1
2215,2019-09-15,1,0
2216,2019-09-16,1,7
2217,2019-09-17,5,2
2218,2019-09-18,1,6
2219,2019-09-19,8,9
2220,2019-09-20,4,1
2221,2019-09-21,3,1
2222,2019-09-22,2,0
2223,2019-09-23,5,0
2224,2019-09-24,8,1
2225,2019-09-25,11,6
2226,2019-09-26,6,0
2227,2019-09-27,17,9
2228,2019-09-28,5,7
2229,2019-09-29,2,6
2230,2019-09-30,12,2
2231,2019-10-01,11,3
2232,2019-10-02,3,3
2233,2019-10-03,5,7
2234,2019-10-04,21,4
2235,2019-10-05,4,6
2236,2019-10-06,2,0
2237,2019-10-07,6,3
2238,2019-10-08,1,4
2239,2019-10-09,1,3
2240,2019-10-10,15,5
2241,2019-10-11,3,7
2242,2019-10-12,2,5
2243,2019-10-13,1,0
2244,2019-10-14,2,0
2245,2019-10-15,1,3
2246,2019-10-16,4,1
2247,2019-10-17,11,2
2248,2019-10-18,2,2
2249,2019-10-19,4,6
2250,2019-10-20,4,0
2251,2019-10-21,1,2
2252,2019-10-22,9,6
2253,2019-10-23,5,8
2254,2019-10-24,3,11
2255,2019-10-25,5,5
2256,2019-10-26,3,2
2257,2019-10-27,2,0
2258,2019-10-28,4,0
2259,2019-10-29,7,5
2260,2019-10-30,10,6
2261,2019-10-31,2,8
2262,2019-11-01,3,8
2263,2019-11-02,7,3
2264,2019-11-03,3,1
2265,2019-11-04,6,1
2266,2019-11-05,8,1
2267,2019-11-06,5,4
2268,2019-11-07,12,5
2269,2019-11-08,4,4
2270,2019-11-09,3,7
2271,2019-11-10,2,0
2272,2019-11-11,2,0
2273,2019-11-12,6,2
2274,2019-11-13,2,1
2275,2019-11-14,7,5
2276,2019-11-15,5,6
2277,2019-11-16,0,7
2278,2019-11-17,0,0
2279,2019-11-18,5,0
2280,2019-11-19,4,6
2281,2019-11-20,8,6
2282,2019-11-21,3,9
2283,2019-11-22,4,3
2284,2019-11-23,5,19
2285,2019-11-24,1,0
2286,2019-11-25,1,7
2287,2019-11-26,7,3
2288,2019-11-27,9,4
2289,2019-11-28,0,0
2290,2019-11-29,0,0
2291,2019-11-30,6,1
2292,2019-12-01,1,0
2293,2019-12-02,2,3
2294,2019-12-03,4,2
2295,2019-12-04,7,13
2296,2019-12-05,7,4
2297,2019-12-06,5,3
2298,2019-12-07,4,6
2299,2019-12-08,0,0
2300,2019-12-09,5,0
2301,2019-12-10,8,3
2302,2019-12-11,7,4
2303,2019-12-12,8,3
2304,2019-12-13,6,5
2305,2019-12-14,5,7
2306,2019-12-15,1,4
2307,2019-12-16,2,11
2308,2019-12-17,3,4
2309,2019-12-18,4,4
2310,2019-12-19,4,2
2311,2019-12-20,1,2
2312,2019-12-21,3,6
2313,2019-12-22,4,8
2314,2019-12-23,2,0
2315,2019-12-24,7,6
2316,2019-12-25,1,0
2317,2019-12-26,6,1
2318,2019-12-27,5,1
2319,2019-12-28,1,3
2320,2019-12-29,0,0
2321,2019-12-30,2,7
2322,2019-12-31,4,2
2323,2020-01-01,1,0
2324,2020-01-02,8,6
2325,2020-01-03,13,5
2326,2020-01-04,4,3
2327,2020-01-05,0,0
2328,2020-01-06,4,4
2329,2020-01-07,5,3
2330,2020-01-08,5,6
2331,2020-01-09,8,6
2332,2020-01-10,5,2
2333,2020-01-11,4,6
2334,2020-01-12,0,0
2335,2020-01-13,3,0
2336,2020-01-14,4,4
2337,2020-01-15,2,5
2338,2020-01-16,5,3
2339,2020-01-17,4,4
2340,2020-01-18,3,6
2341,2020-01-19,4,0
2342,2020-01-20,1,0
2343,2020-01-21,3,3
2344,2020-01-22,13,1
2345,2020-01-23,4,3
2346,2020-01-24,12,5
2347,2020-01-25,4,7
2348,2020-01-26,1,0
2349,2020-01-27,2,0
2350,2020-01-28,7,4
2351,2020-01-29,8,4
2352,2020-01-30,4,4
2353,2020-01-31,4,9
2354,2020-02-01,8,7
2355,2020-02-02,2,7
2356,2020-02-03,1,0
2357,2020-02-04,7,9
2358,2020-02-05,3,4
2359,2020-02-06,5,6
2360,2020-02-07,5,6
2361,2020-02-08,3,6
2362,2020-02-09,1,9
2363,2020-02-10,6,0
2364,2020-02-11,6,6
2365,2020-02-12,2,0
2366,2020-02-13,9,2
2367,2020-02-14,3,3
2368,2020-02-15,4,12
2369,2020-02-16,8,5
2370,2020-02-17,0,0
2371,2020-02-18,12,6
2372,2020-02-19,10,8
2373,2020-02-20,9,4
2374,2020-02-21,2,3
2375,2020-02-22,2,5
2376,2020-02-23,1,0
2377,2020-02-24,4,5
2378,2020-02-25,5,4
2379,2020-02-26,3,1
2380,2020-02-27,1,1
2381,2020-02-28,4,0
2382,2020-02-29,6,6
2383,2020-03-01,1,0
2384,2020-03-02,0,0
2385,2020-03-03,7,1
2386,2020-03-04,4,4
2387,2020-03-05,8,5
2388,2020-03-06,8,4
2389,2020-03-07,4,11
2390,2020-03-08,0,0
2391,2020-03-09,6,1
2392,2020-03-10,3,2
2393,2020-03-11,6,6
2394,2020-03-12,2,9
2395,2020-03-13,4,7
2396,2020-03-14,2,7
2397,2020-03-15,4,4
2398,2020-03-16,2,4
2399,2020-03-17,9,3
2400,2020-03-18,4,6
2401,2020-03-19,3,3
2402,2020-03-20,3,12
2403,2020-03-21,1,0
2404,2020-03-22,1,0
2405,2020-03-23,4,0
2406,2020-03-24,2,5
2407,2020-03-25,4,0
2408,2020-03-26,1,4
2409,2020-03-27,2,2
2410,2020-03-28,4,1
2411,2020-03-29,1,0
2412,2020-03-30,1,0
2413,2020-03-31,0,0
2414,2020-04-01,2,6
2415,2020-04-02,1,4
2416,2020-04-03,1,0
2417,2020-04-04,0,0
2418,2020-04-05,0,0
2419,2020-04-06,1,7
2420,2020-04-07,2,4
2421,2020-04-08,2,3
2422,2020-04-09,0,7
2423,2020-04-10,0,3
2424,2020-04-11,0,1
2425,2020-04-12,1,0
2426,2020-04-13,0,2
2427,2020-04-14,1,9
2428,2020-04-15,0,0
2429,2020-04-16,1,0
2430,2020-04-17,0,3
2431,2020-04-18,1,0
2432,2020-04-19,0,0
2433,2020-04-20,1,0
2434,2020-04-21,2,2
2435,2020-04-22,2,3
2436,2020-04-23,0,4
2437,2020-04-24,0,0
2438,2020-04-25,1,4
2439,2020-04-26,0,0
2440,2020-04-27,1,1
2441,2020-04-28,3,0
2442,2020-04-29,0,0
2443,2020-04-30,2,0
2444,2020-05-01,2,2
2445,2020-05-02,1,0
2446,2020-05-03,0,0
2447,2020-05-04,0,0
2448,2020-05-05,0,0
2449,2020-05-06,2,4
2450,2020-05-07,3,0
2451,2020-05-08,2,1
2452,2020-05-09,0,2
2453,2020-05-10,0,0
2454,2020-05-11,2,0
2455,2020-05-12,1,7
2456,2020-05-13,0,1
2457,2020-05-14,0,2
2458,2020-05-15,1,4
2459,2020-05-16,6,2
2460,2020-05-17,0,0
2461,2020-05-18,1,0
2462,2020-05-19,2,2
2463,2020-05-20,5,0
2464,2020-05-21,3,6
2465,2020-05-22,3,6
2466,2020-05-23,2,4
2467,2020-05-24,0,0
2468,2020-05-25,1,0
2469,2020-05-26,2,5
2470,2020-05-27,5,5
2471,2020-05-28,3,3
2472,2020-05-29,4,1
2473,2020-05-30,2,6
2474,2020-05-31,0,0
2475,2020-06-01,0,3
2476,2020-06-02,0,8
2477,2020-06-03,7,13
2478,2020-06-04,0,1
2479,2020-06-05,2,3
2480,2020-06-06,2,5
2481,2020-06-07,0,0
2482,2020-06-08,2,0
2483,2020-06-09,1,2
2484,2020-06-10,2,9
2485,2020-06-11,2,5
2486,2020-06-12,3,4
2487,2020-06-13,4,6
2488,2020-06-14,3,2
2489,2020-06-15,5,4
2490,2020-06-16,2,8
2491,2020-06-17,2,1
2492,2020-06-18,1,4
2493,2020-06-19,0,0
2494,2020-06-20,2,6
2495,2020-06-21,3,1
2496,2020-06-22,3,0
2497,2020-06-23,3,7
2498,2020-06-24,4,7
2499,2020-06-25,1,4
2500,2020-06-26,4,9
2501,2020-06-27,2,8
2502,2020-06-28,1,0
2503,2020-06-29,1,0
2504,2020-06-30,4,6
2505,2020-07-01,1,0
2506,2020-07-02,8,8
2507,2020-07-03,0,0
2508,2020-07-04,4,10
2509,2020-07-05,7,0
2510,2020-07-06,4,3
2511,2020-07-07,6,7
2512,2020-07-08,1,4
2513,2020-07-09,0,3
2514,2020-07-10,0,0
2515,2020-07-11,3,4
2516,2020-07-12,7,5
2517,2020-07-13,1,0
2518,2020-07-14,4,7
2519,2020-07-15,2,2
2520,2020-07-16,2,2
2521,2020-07-17,1,9
2522,2020-07-18,5,10
2523,2020-07-19,2,3
2524,2020-07-20,0,0
2525,2020-07-21,6,5
2526,2020-07-22,2,2
2527,2020-07-23,0,0
2528,2020-07-24,6,0
2529,2020-07-25,5,2
2530,2020-07-26,2,0
2531,2020-07-27,5,0
2532,2020-07-28,5,6
2533,2020-07-29,10,9
2534,2020-07-30,1,1
2535,2020-07-31,1,1
2536,2020-08-01,1,0
2537,2020-08-02,0,0
2538,2020-08-03,1,0
2539,2020-08-04,4,0
2540,2020-08-05,4,12
2541,2020-08-06,7,10
2542,2020-08-07,4,2
2543,2020-08-08,4,8
2544,2020-08-09,1,0
2545,2020-08-10,3,0
2546,2020-08-11,3,3
2547,2020-08-12,13,3
2548,2020-08-13,4,3
2549,2020-08-14,0,5
2550,2020-08-15,3,1
2551,2020-08-16,2,5
2552,2020-08-17,3,4
2553,2020-08-18,5,4
2554,2020-08-19,0,6
2555,2020-08-20,1,5
2556,2020-08-21,3,6
2557,2020-08-22,0,3
2558,2020-08-23,3,0
2559,2020-08-24,0,0
2560,2020-08-25,3,1
2561,2020-08-26,0,4
2562,2020-08-27,6,1
2563,2020-08-28,2,5
2564,2020-08-29,1,1
2565,2020-08-30,1,0
2566,2020-08-31,1,0
2567,2020-09-01,2,3
2568,2020-09-02,2,1
2569,2020-09-03,5,3
2570,2020-09-04,2,3
2571,2020-09-05,3,4
2572,2020-09-06,1,0
2573,2020-09-07,2,0
2574,2020-09-08,3,4
2575,2020-09-09,2,2
2576,2020-09-10,6,6
2577,2020-09-11,0,4
2578,2020-09-12,3,2
2579,2020-09-13,2,4
2580,2020-09-14,2,0
2581,2020-09-15,1,5
2582,2020-09-16,2,5
2583,2020-09-17,11,1
2584,2020-09-18,4,2
2585,2020-09-19,2,3
2586,2020-09-20,0,0
2587,2020-09-21,1,0
2588,2020-09-22,2,7
2589,2020-09-23,3,3
2590,2020-09-24,1,2
2591,2020-09-25,2,0
2592,2020-09-26,4,7
2593,2020-09-27,1,0
2594,2020-09-28,5,2
2595,2020-09-29,3,6
2596,2020-09-30,10,3
2597,2020-10-01,6,4
2598,2020-10-02,2,9
2599,2020-10-03,2,3
2600,2020-10-04,0,0
2601,2020-10-05,2,0
2602,2020-10-06,0,5
2603,2020-10-07,3,4
2604,2020-10-08,3,2
2605,2020-10-09,4,8
2606,2020-10-10,3,0
2607,2020-10-11,0,0
2608,2020-10-12,0,0
2609,2020-10-13,3,4
2610,2020-10-14,6,7
2611,2020-10-15,1,3
2612,2020-10-16,2,0
2613,2020-10-17,4,3
2614,2020-10-18,1,0
2615,2020-10-19,2,4
2616,2020-10-20,0,5
2617,2020-10-21,4,12
2618,2020-10-22,3,4
2619,2020-10-23,1,3
2620,2020-10-24,2,1
2621,2020-10-25,1,0
2622,2020-10-26,3,3
2623,2020-10-27,4,5
2624,2020-10-28,2,4
2625,2020-10-29,2,2
2626,2020-10-30,1,5
2627,2020-10-31,2,0
2628,2020-11-01,3,0
2629,2020-11-02,2,1
2630,2020-11-03,4,1
2631,2020-11-04,5,5
2632,2020-11-05,2,1
2633,2020-11-06,6,8
2634,2020-11-07,2,4
2635,2020-11-08,1,0
2636,2020-11-09,3,0
2637,2020-11-10,7,3
2638,2020-11-11,1,0
2639,2020-11-12,4,2
2640,2020-11-13,1,5
2641,2020-11-14,0,8
2642,2020-11-15,0,0
2643,2020-11-16,3,0
2644,2020-11-17,5,11
2645,2020-11-18,1,6
2646,2020-11-19,6,17
2647,2020-11-20,2,5
2648,2020-11-21,2,2
2649,2020-11-22,0,0
2650,2020-11-23,0,12
2651,2020-11-24,9,11
2652,2020-11-25,0,3
2653,2020-11-26,0,0
2654,2020-11-27,2,0
2655,2020-11-28,5,5
2656,2020-11-29,0,0
2657,2020-11-30,5,0
2658,2020-12-01,7,21
2659,2020-12-02,3,4
2660,2020-12-03,1,2
2661,2020-12-04,1,6
2662,2020-12-05,0,1
2663,2020-12-06,2,0
2664,2020-12-07,3,1
2665,2020-12-08,4,15
2666,2020-12-09,2,3
2667,2020-12-10,2,2
2668,2020-12-11,2,1
2669,2020-12-12,3,0
2670,2020-12-13,0,0
2671,2020-12-14,0,0
2672,2020-12-15,3,2
2673,2020-12-16,3,1
2674,2020-12-17,1,4
2675,2020-12-18,3,0
2676,2020-12-19,4,11
2677,2020-12-20,0,0
2678,2020-12-21,1,0
2679,2020-12-22,3,2
2680,2020-12-23,5,4
2681,2020-12-24,1,4
2682,2020-12-25,0,0
2683,2020-12-26,4,0
2684,2020-12-27,1,1
2685,2020-12-28,4,9
2686,2020-12-29,1,5
2687,2020-12-30,4,3
2688,2020-12-31,2,5
2689,2021-01-01,0,0
2690,2021-01-02,2,3
2691,2021-01-03,0,0
2692,2021-01-04,1,0
2693,2021-01-05,2,2
2694,2021-01-06,1,4
2695,2021-01-07,5,7
2696,2021-01-08,2,10
2697,2021-01-09,1,2
2698,2021-01-10,1,0
2699,2021-01-11,2,0
2700,2021-01-12,2,3
2701,2021-01-13,3,7
2702,2021-01-14,1,3
2703,2021-01-15,4,6
2704,2021-01-16,8,8
2705,2021-01-17,0,0
2706,2021-01-18,0,0
2707,2021-01-19,7,5
2708,2021-01-20,6,12
2709,2021-01-21,5,4
2710,2021-01-22,4,3
2711,2021-01-23,2,2
2712,2021-01-24,0,0
2713,2021-01-25,1,0
2714,2021-01-26,0,2
2715,2021-01-27,5,6
2716,2021-01-28,1,2
2717,2021-01-29,4,0
2718,2021-01-30,3,7
2719,2021-01-31,0,0
2720,2021-02-01,2,0
2721,2021-02-02,6,5
2722,2021-02-03,1,5
2723,2021-02-04,3,4
2724,2021-02-05,1,8
2725,2021-02-06,6,3
2726,2021-02-07,1,4
2727,2021-02-08,7,5
2728,2021-02-09,2,1
2729,2021-02-10,4,1
2730,2021-02-11,5,7
2731,2021-02-12,1,0
2732,2021-02-13,4,9
2733,2021-02-14,2,0
2734,2021-02-15,0,0
2735,2021-02-16,9,6
2736,2021-02-17,0,1
2737,2021-02-18,1,2
2738,2021-02-19,2,4
2739,2021-02-20,3,7
2740,2021-02-21,0,0
2741,2021-02-22,5,7
2742,2021-02-23,3,5
2743,2021-02-24,1,0
2744,2021-02-25,2,4
2745,2021-02-26,2,5
2746,2021-02-27,3,8
2747,2021-02-28,0,0
2748,2021-03-01,4,0
2749,2021-03-02,7,7
2750,2021-03-03,4,8
2751,2021-03-04,1,0
2752,2021-03-05,4,6
2753,2021-03-06,3,5
2754,2021-03-07,2,0
2755,2021-03-08,1,1
2756,2021-03-09,1,2
2757,2021-03-10,3,3
2758,2021-03-11,0,4
2759,2021-03-12,0,4
2760,2021-03-13,5,1
2761,2021-03-14,0,0
2762,2021-03-15,1,3
2763,2021-03-16,5,4
2764,2021-03-17,2,2
2765,2021-03-18,2,7
2766,2021-03-19,3,0
2767,2021-03-20,1,1
2768,2021-03-21,2,0
2769,2021-03-22,1,0
2770,2021-03-23,2,6
2771,2021-03-24,2,5
2772,2021-03-25,1,1
2773,2021-03-26,3,2
2774,2021-03-27,2,4
2775,2021-03-28,0,0
2776,2021-03-29,1,0
2777,2021-03-30,1,0
2778,2021-03-31,0,0
2779,2021-04-01,6,1
2780,2021-04-02,1,0
2781,2021-04-03,6,8
2782,2021-04-04,1,0
2783,2021-04-05,3,0
2784,2021-04-06,0,13
2785,2021-04-07,3,4
2786,2021-04-08,2,4
2787,2021-04-09,0,5
2788,2021-04-10,2,0
2789,2021-04-11,0,0
2790,2021-04-12,3,0
2791,2021-04-13,3,5
2792,2021-04-14,3,8
2793,2021-04-15,2,5
2794,2021-04-16,2,4
2795,2021-04-17,5,3
2796,2021-04-18,5,0
2797,2021-04-19,2,4
2798,2021-04-20,1,2
2799,2021-04-21,6,5
2800,2021-04-22,2,4
2801,2021-04-23,4,3
2802,2021-04-24,2,4
2803,2021-04-25,1,0
2804,2021-04-26,5,0
2805,2021-04-27,1,1
2806,2021-04-28,6,3
2807,2021-04-29,4,13
2808,2021-04-30,2,4
2809,2021-05-01,6,12
2810,2021-05-02,2,4
2811,2021-05-03,3,1
2812,2021-05-04,7,2
2813,2021-05-05,3,7
2814,2021-05-06,1,8
2815,2021-05-07,3,4
2816,2021-05-08,2,4
2817,2021-05-09,1,0
2818,2021-05-10,2,0
2819,2021-05-11,2,8
2820,2021-05-12,4,2
2821,2021-05-13,1,1
2822,2021-05-14,2,7
2823,2021-05-15,2,3
2824,2021-05-16,1,0
2825,2021-05-17,2,0
2826,2021-05-18,8,5
2827,2021-05-19,5,5
2828,2021-05-20,1,3
2829,2021-05-21,1,1
2830,2021-05-22,2,6
2831,2021-05-23,1,0
2832,2021-05-24,3,0
2833,2021-05-25,0,6
2834,2021-05-26,3,2
2835,2021-05-27,2,9
2836,2021-05-28,5,3
2837,2021-05-29,2,4
2838,2021-05-30,1,0
2839,2021-05-31,2,8
2840,2021-06-01,10,12
2841,2021-06-02,0,10
2842,2021-06-03,2,9
2843,2021-06-04,1,2
2844,2021-06-05,3,2
2845,2021-06-06,0,0
2846,2021-06-07,2,0
2847,2021-06-08,7,1
2848,2021-06-09,1,4
2849,2021-06-10,3,5
2850,2021-06-11,3,3
2851,2021-06-12,0,1
2852,2021-06-13,1,0
2853,2021-06-14,5,0
2854,2021-06-15,3,4
2855,2021-06-16,2,0
2856,2021-06-17,1,6
2857,2021-06-18,4,1
2858,2021-06-19,4,7
2859,2021-06-20,0,0
2860,2021-06-21,1,0
2861,2021-06-22,5,4
2862,2021-06-23,2,8
2863,2021-06-24,1,8
2864,2021-06-25,1,0
2865,2021-06-26,5,4
2866,2021-06-27,2,0
2867,2021-06-28,3,0
2868,2021-06-29,7,6
2869,2021-06-30,4,3
2870,2021-07-01,3,6
2871,2021-07-02,1,0
2872,2021-07-03,2,2
2873,2021-07-04,0,0
2874,2021-07-05,4,0
2875,2021-07-06,7,0
2876,2021-07-07,2,4
2877,2021-07-08,6,2
2878,2021-07-09,2,4
2879,2021-07-10,4,2
2880,2021-07-11,1,0
2881,2021-07-12,1,0
2882,2021-07-13,3,9
2883,2021-07-14,3,4
2884,2021-07-15,0,3
2885,2021-07-16,1,3
2886,2021-07-17,3,1
2887,2021-07-18,1,0
2888,2021-07-19,4,1
2889,2021-07-20,2,4
2890,2021-07-21,2,2
2891,2021-07-22,1,4
2892,2021-07-23,1,1
2893,2021-07-24,2,2
2894,2021-07-25,11,0
2895,2021-07-26,6,0
2896,2021-07-27,3,4
2897,2021-07-28,1,1
2898,2021-07-29,3,1
2899,2021-07-30,7,2
2900,2021-07-31,0,1
2901,2021-08-01,1,0
2902,2021-08-02,1,0
2903,2021-08-03,8,1
2904,2021-08-04,1,1
2905,2021-08-05,10,2
2906,2021-08-06,3,2
2907,2021-08-07,5,1
2908,2021-08-08,2,1
2909,2021-08-09,1,0
2910,2021-08-10,5,1
2911,2021-08-11,2,0
2912,2021-08-12,4,1
2913,2021-08-13,2,0
2914,2021-08-14,3,1
2915,2021-08-15,1,2
2916,2021-08-16,2,0
2917,2021-08-17,5,2
2918,2021-08-18,3,1
2919,2021-08-19,6,1
2920,2021-08-20,0,3
2921,2021-08-21,2,2
2922,2021-08-22,0,0
2923,2021-08-23,0,0
2924,2021-08-24,8,2
2925,2021-08-25,3,1
2926,2021-08-26,3,2
2927,2021-08-27,1,3
2928,2021-08-28,4,2
2929,2021-08-29,2,0
2930,2021-08-30,3,0
2931,2021-08-31,5,2
2932,2021-09-01,2,1
2933,2021-09-02,0,1
2934,2021-09-03,3,6
2935,2021-09-04,2,1
2936,2021-09-05,1,0
2937,2021-09-06,0,0
2938,2021-09-07,3,2
2939,2021-09-08,3,5
2940,2021-09-09,8,3
2941,2021-09-10,4,3
2942,2021-09-11,2,2
2943,2021-09-12,1,0
2944,2021-09-13,4,1
2945,2021-09-14,2,2
2946,2021-09-15,4,5
2947,2021-09-16,2,3
2948,2021-09-17,0,4
2949,2021-09-18,2,2
2950,2021-09-19,1,0
2951,2021-09-20,3,0
2952,2021-09-21,4,7
2953,2021-09-22,3,2
2954,2021-09-23,7,2
2955,2021-09-24,3,2
2956,2021-09-25,1,0
2957,2021-09-26,1,0
2958,2021-09-27,0,1
2959,2021-09-28,1,2
2960,2021-09-29,3,2
2961,2021-09-30,4,3
2962,2021-10-01,3,4
2963,2021-10-02,3,3
2964,2021-10-03,0,5
2965,2021-10-04,6,0
2966,2021-10-05,9,2
2967,2021-10-06,6,2
2968,2021-10-07,2,1
2969,2021-10-08,2,0
2970,2021-10-09,1,2
2971,2021-10-10,0,0
2972,2021-10-11,3,3
2973,2021-10-12,4,0
2974,2021-10-13,2,3
2975,2021-10-14,2,3
2976,2021-10-15,3,4
2977,2021-10-16,4,1
2978,2021-10-17,1,0
2979,2021-10-18,7,0
2980,2021-10-19,0,4
2981,2021-10-20,3,2
2982,2021-10-21,1,1
2983,2021-10-22,1,1
2984,2021-10-23,1,4
2985,2021-10-24,0,0
2986,2021-10-25,4,0
2987,2021-10-26,8,1
2988,2021-10-27,1,8
2989,2021-10-28,3,4
2990,2021-10-29,3,7
2991,2021-10-30,3,4
2992,2021-10-31,1,0
2993,2021-11-01,3,0
2994,2021-11-02,3,6
2995,2021-11-03,4,1
2996,2021-11-04,5,3
2997,2021-11-05,3,7
2998,2021-11-06,2,1
2999,2021-11-07,4,0
3000,2021-11-08,6,0
3001,2021-11-09,4,4
3002,2021-11-10,4,2
3003,2021-11-11,0,0
3004,2021-11-12,6,2
3005,2021-11-13,2,1
3006,2021-11-14,2,0
3007,2021-11-15,0,5
3008,2021-11-16,6,2
3009,2021-11-17,0,6
3010,2021-11-18,0,2
3011,2021-11-19,3,6
3012,2021-11-20,1,5
3013,2021-11-21,3,0
3014,2021-11-22,3,2
3015,2021-11-23,1,5
3016,2021-11-24,2,5
3017,2021-11-25,0,0
3018,2021-11-26,0,0
3019,2021-11-27,6,10
3020,2021-11-28,1,1
3021,2021-11-29,3,0
3022,2021-11-30,0,1
3023,2021-12-01,2,1
3024,2021-12-02,0,1
3025,2021-12-03,1,4
3026,2021-12-04,0,4
3027,2021-12-05,3,7
3028,2021-12-06,1,0
3029,2021-12-07,1,4
3030,2021-12-08,3,4
3031,2021-12-09,5,1
3032,2021-12-10,1,3
3033,2021-12-11,4,3
3034,2021-12-12,0,0
3035,2021-12-13,0,13
3036,2021-12-14,4,4
3037,2021-12-15,0,3
3038,2021-12-16,4,2
3039,2021-12-17,3,3
3040,2021-12-18,4,5
3041,2021-12-19,3,0
3042,2021-12-20,3,0
3043,2021-12-21,3,1
3044,2021-12-22,5,3
3045,2021-12-23,3,3
3046,2021-12-24,0,0
3047,2021-12-25,9,0
3048,2021-12-26,0,0
3049,2021-12-27,1,0
3050,2021-12-28,4,3
3051,2021-12-29,8,6
3052,2021-12-30,2,2
3053,2021-12-31,4,1
3054,2022-01-01,4,0
3055,2022-01-02,4,0
3056,2022-01-03,14,0
3057,2022-01-04,3,1
3058,2022-01-05,4,1
3059,2022-01-06,1,2
3060,2022-01-07,5,2
3061,2022-01-08,2,5
3062,2022-01-09,1,0
3063,2022-01-10,5,0
3064,2022-01-11,3,2
3065,2022-01-12,4,3
3066,2022-01-13,5,1
3067,2022-01-14,2,2
3068,2022-01-15,7,3
3069,2022-01-16,0,0
3070,2022-01-17,0,2
3071,2022-01-18,2,6
3072,2022-01-19,4,3
3073,2022-01-20,4,2
3074,2022-01-21,4,2
3075,2022-01-22,4,1
3076,2022-01-23,2,0
3077,2022-01-24,9,2
3078,2022-01-25,5,11
3079,2022-01-26,8,4
3080,2022-01-27,3,2
3081,2022-01-28,3,1
3082,2022-01-29,1,2
3083,2022-01-30,1,0
3084,2022-01-31,0,0
3085,2022-02-01,2,3
3086,2022-02-02,2,1
3087,2022-02-03,4,2
3088,2022-02-04,2,4
3089,2022-02-05,1,1
3090,2022-02-06,0,0
3091,2022-02-07,2,0
3092,2022-02-08,1,5
3093,2022-02-09,2,3
3094,2022-02-10,5,10
3095,2022-02-11,0,0
3096,2022-02-12,3,6
3097,2022-02-13,0,2
3098,2022-02-14,2,2
3099,2022-02-15,3,2
3100,2022-02-16,0,3
3101,2022-02-17,4,3
3102,2022-02-18,1,4
3103,2022-02-19,3,3
3104,2022-02-20,1,0
3105,2022-02-21,1,0
3106,2022-02-22,6,3
3107,2022-02-23,15,6
3108,2022-02-24,14,0
3109,2022-02-25,4,1
3110,2022-02-26,5,2
3111,2022-02-27,0,0
3112,2022-02-28,3,4
3113,2022-03-01,6,1
3114,2022-03-02,2,2
3115,2022-03-03,2,4
3116,2022-03-04,1,3
3117,2022-03-05,1,1
3118,2022-03-06,0,0
3119,2022-03-07,3,0
3120,2022-03-08,4,2
3121,2022-03-09,7,1
3122,2022-03-10,1,3
3123,2022-03-11,3,4
3124,2022-03-12,6,2
3125,2022-03-13,0,0
3126,2022-03-14,1,2
3127,2022-03-15,3,1
3128,2022-03-16,2,2
3129,2022-03-17,3,3
3130,2022-03-18,1,2
3131,2022-03-19,2,4
3132,2022-03-20,1,0
3133,2022-03-21,2,0
3134,2022-03-22,4,5
3135,2022-03-23,2,2
3136,2022-03-24,8,6
3137,2022-03-25,4,2
3138,2022-03-26,4,1
3139,2022-03-27,2,0
3140,2022-03-28,5,0
3141,2022-03-29,1,3
3142,2022-03-30,3,7
3143,2022-03-31,0,0
3144,2022-04-01,2,1
3145,2022-04-02,4,4
3146,2022-04-03,3,0
3147,2022-04-04,5,1
3148,2022-04-05,7,3
3149,2022-04-06,4,5
3150,2022-04-07,3,1
3151,2022-04-08,1,6
3152,2022-04-09,3,2
3153,2022-04-10,2,0
3154,2022-04-11,9,2
3155,2022-04-12,8,9
3156,2022-04-13,2,2
3157,2022-04-14,7,5
3158,2022-04-15,5,5
3159,2022-04-16,1,7
3160,2022-04-17,0,0
3161,2022-04-18,0,0
3162,2022-04-19,2,0
3163,2022-04-20,5,3
3164,2022-04-21,5,1
3165,2022-04-22,4,1
3166,2022-04-23,4,2
3167,2022-04-24,1,0
3168,2022-04-25,6,0
3169,2022-04-26,4,3
3170,2022-04-27,10,4
3171,2022-04-28,15,2
3172,2022-04-29,5,2
3173,2022-04-30,2,2
3174,2022-05-01,0,0
3175,2022-05-02,3,3
3176,2022-05-03,7,3
3177,2022-05-04,6,3
3178,2022-05-05,2,1
3179,2022-05-06,2,3
3180,2022-05-07,2,4
3181,2022-05-08,2,0
3182,2022-05-09,0,0
3183,2022-05-10,1,1
3184,2022-05-11,2,3
3185,2022-05-12,0,5
3186,2022-05-13,3,1
3187,2022-05-14,1,4
3188,2022-05-15,2,0
3189,2022-05-16,1,0
3190,2022-05-17,1,1
3191,2022-05-18,4,4
3192,2022-05-19,0,1
3193,2022-05-20,0,4
3194,2022-05-21,3,2
3195,2022-05-22,1,0
3196,2022-05-23,3,2
3197,2022-05-24,7,1
3198,2022-05-25,2,2
3199,2022-05-26,3,1
3200,2022-05-27,2,5
3201,2022-05-28,2,2
3202,2022-05-29,2,1
3203,2022-05-30,0,0
3204,2022-05-31,5,1
3205,2022-06-01,3,2
3206,2022-06-02,2,2
3207,2022-06-03,1,0
3208,2022-06-04,6,3
3209,2022-06-05,0,0
3210,2022-06-06,1,1
3211,2022-06-07,4,4
3212,2022-06-08,2,8
3213,2022-06-09,5,7
3214,2022-06-10,3,6
3215,2022-06-11,3,5
3216,2022-06-12,3,0
3217,2022-06-13,1,4
3218,2022-06-14,0,2
3219,2022-06-15,4,1
3220,2022-06-16,1,5
3221,2022-06-17,2,1
3222,2022-06-18,4,4
3223,2022-06-19,0,0
3224,2022-06-20,3,0
3225,2022-06-21,3,3
3226,2022-06-22,5,0
3227,2022-06-23,8,0
3228,2022-06-24,7,2
3229,2022-06-25,3,6
3230,2022-06-26,1,1
3231,2022-06-27,2,0
3232,2022-06-28,10,3
3233,2022-06-29,3,1
3234,2022-06-30,5,6
3235,2022-07-01,5,1
3236,2022-07-02,1,7
3237,2022-07-03,6,0
3238,2022-07-04,2,2
3239,2022-07-05,7,4
3240,2022-07-06,10,5
3241,2022-07-07,1,1
3242,2022-07-08,3,4
3243,2022-07-09,1,2
3244,2022-07-10,0,0
3245,2022-07-11,3,0
3246,2022-07-12,8,9
3247,2022-07-13,5,1
3248,2022-07-14,1,2
3249,2022-07-15,2,3
3250,2022-07-16,3,5
3251,2022-07-17,0,0
3252,2022-07-18,2,0
3253,2022-07-19,4,3
3254,2022-07-20,2,1
3255,2022-07-21,1,0
3256,2022-07-22,6,0
3257,2022-07-23,3,2
3258,2022-07-24,1,0
3259,2022-07-25,4,0
3260,2022-07-26,6,2
3261,2022-07-27,2,3
3262,2022-07-28,3,4
3263,2022-07-29,1,7
3264,2022-07-30,2,4
3265,2022-07-31,2,0
3266,2022-08-01,1,0
3267,2022-08-02,5,1
3268,2022-08-03,3,0
3269,2022-08-04,2,4
3270,2022-08-05,3,3
3271,2022-08-06,3,2
3272,2022-08-07,1,1
3273,2022-08-08,8,0
3274,2022-08-09,4,1
3275,2022-08-10,5,3
3276,2022-08-11,8,0
3277,2022-08-12,2,5
3278,2022-08-13,1,1
3279,2022-08-14,0,0
3280,2022-08-15,0,0
3281,2022-08-16,3,0
3282,2022-08-17,1,5
3283,2022-08-18,5,2
3284,2022-08-19,2,2
3285,2022-08-20,6,3
3286,2022-08-21,2,1
3287,2022-08-22,2,0
3288,2022-08-23,5,2
3289,2022-08-24,2,1
3290,2022-08-25,2,2
3291,2022-08-26,10,2
3292,2022-08-27,3,1
3293,2022-08-28,2,0
3294,2022-08-29,1,0
3295,2022-08-30,6,3
3296,2022-08-31,4,2
3297,2022-09-01,2,1
3298,2022-09-02,8,1
3299,2022-09-03,0,6
3300,2022-09-04,0,0
3301,2022-09-05,0,0
3302,2022-09-06,4,1
3303,2022-09-07,2,6
3304,2022-09-08,1,1
3305,2022-09-09,2,3
3306,2022-09-10,6,3
3307,2022-09-11,1,0
3308,2022-09-12,2,0
3309,2022-09-13,4,2
3310,2022-09-14,5,2
3311,2022-09-15,4,3
3312,2022-09-16,2,3
3313,2022-09-17,3,3
3314,2022-09-18,0,0
3315,2022-09-19,3,0
3316,2022-09-20,3,2
3317,2022-09-21,3,2
3318,2022-09-22,0,5
3319,2022-09-23,6,5
3320,2022-09-24,3,2
3321,2022-09-25,1,0
3322,2022-09-26,4,0
3323,2022-09-27,8,1
3324,2022-09-28,1,6
3325,2022-09-29,6,2
3326,2022-09-30,3,4
3327,2022-10-01,6,2
3328,2022-10-02,0,0
3329,2022-10-03,0,1
3330,2022-10-04,7,5
3331,2022-10-05,3,1
3332,2022-10-06,3,6
3333,2022-10-07,2,4
3334,2022-10-08,1,2
3335,2022-10-09,0,0
3336,2022-10-10,5,0
3337,2022-10-11,6,6
3338,2022-10-12,5,2
3339,2022-10-13,4,3
3340,2022-10-14,3,7
3341,2022-10-15,6,3
3342,2022-10-16,0,0
3343,2022-10-17,6,0
3344,2022-10-18,4,1
3345,2022-10-19,0,3
3346,2022-10-20,1,2
3347,2022-10-21,2,1
3348,2022-10-22,7,2
3349,2022-10-23,3,0
3350,2022-10-24,2,0
3351,2022-10-25,4,2
3352,2022-10-26,2,4
3353,2022-10-27,2,1
3354,2022-10-28,3,2
3355,2022-10-29,1,2
3356,2022-10-30,0,0
3357,2022-10-31,0,0
3358,2022-11-01,2,1
3359,2022-11-02,4,2
3360,2022-11-03,4,8
3361,2022-11-04,1,5
3362,2022-11-05,3,1
3363,2022-11-06,0,0
3364,2022-11-07,3,1
3365,2022-11-08,3,2
3366,2022-11-09,4,1
3367,2022-11-10,1,3
3368,2022-11-11,0,3
3369,2022-11-12,5,2
3370,2022-11-13,0,0
3371,2022-11-14,3,0
3372,2022-11-15,7,5
3373,2022-11-16,3,2
3374,2022-11-17,7,1
3375,2022-11-18,6,2
3376,2022-11-19,2,10
3377,2022-11-20,1,0
3378,2022-11-21,2,0
3379,2022-11-22,2,2
3380,2022-11-23,4,1
3381,2022-11-24,0,0
3382,2022-11-25,1,0
3383,2022-11-26,3,3
3384,2022-11-27,0,0
3385,2022-11-28,6,2
3386,2022-11-29,4,7
3387,2022-11-30,2,1
3388,2022-12-01,4,3
3389,2022-12-02,2,3
3390,2022-12-03,3,1
3391,2022-12-04,0,0
3392,2022-12-05,2,0
3393,2022-12-06,8,5
3394,2022-12-07,4,3
3395,2022-12-08,3,2
3396,2022-12-09,4,1
3397,2022-12-10,1,4
3398,2022-12-11,0,0
3399,2022-12-12,11,4
3400,2022-12-13,3,1
3401,2022-12-14,2,5
3402,2022-12-15,5,2
3403,2022-12-16,6,1
3404,2022-12-17,3,1
3405,2022-12-18,0,0
3406,2022-12-19,2,0
3407,2022-12-20,6,5
3408,2022-12-21,8,2
3409,2022-12-22,2,3
3410,2022-12-23,1,7
3411,2022-12-24,2,4
3412,2022-12-25,0,0
3413,2022-12-26,1,3
3414,2022-12-27,8,1
3415,2022-12-28,8,0
3416,2022-12-29,3,2
3417,2022-12-30,1,4
3418,2022-12-31,4,7
3419,2023-01-01,4,0
3420,2023-01-02,1,0
3421,2023-01-03,4,2
3422,2023-01-04,0,6
3423,2023-01-05,3,2
3424,2023-01-06,6,4
3425,2023-01-07,2,1
3426,2023-01-08,2,0
3427,2023-01-09,7,0
3428,2023-01-10,8,1
3429,2023-01-11,9,3
3430,2023-01-12,8,3
3431,2023-01-13,7,1
3432,2023-01-14,5,3
3433,2023-01-15,0,0
3434,2023-01-16,0,0
3435,2023-01-17,7,1
3436,2023-01-18,2,4
3437,2023-01-19,6,2
3438,2023-01-20,4,2
3439,2023-01-21,6,1
3440,2023-01-22,2,1
3441,2023-01-23,1,2
3442,2023-01-24,4,11
3443,2023-01-25,6,6
3444,2023-01-26,2,3
3445,2023-01-27,4,1
3446,2023-01-28,6,3
3447,2023-01-29,2,0
3448,2023-01-30,3,7
3449,2023-01-31,7,1
3450,2023-02-01,2,1
3451,2023-02-02,3,8
3452,2023-02-03,11,1
3453,2023-02-04,5,10
3454,2023-02-05,0,0
3455,2023-02-06,4,0
3456,2023-02-07,6,3
3457,2023-02-08,5,5
3458,2023-02-09,1,2
3459,2023-02-10,3,1
3460,2023-02-11,2,5
3461,2023-02-12,0,2
3462,2023-02-13,0,0
3463,2023-02-14,3,4
3464,2023-02-15,7,2
3465,2023-02-16,1,3
3466,2023-02-17,4,1
3467,2023-02-18,2,2
3468,2023-02-19,2,0
3469,2023-02-20,1,0
3470,2023-02-21,5,5
3471,2023-02-22,1,3
3472,2023-02-23,3,6
3473,2023-02-24,0,2
3474,2023-02-25,3,8
3475,2023-02-26,0,0
3476,2023-02-27,0,0
3477,2023-02-28,10,3
3478,2023-03-01,4,3
3479,2023-03-02,2,1
3480,2023-03-03,5,4
3481,2023-03-04,5,2
3482,2023-03-05,0,0
3483,2023-03-06,9,0
3484,2023-03-07,9,3
3485,2023-03-08,4,5
3486,2023-03-09,3,2
3487,2023-03-10,2,3
3488,2023-03-11,6,2
3489,2023-03-12,0,0
3490,2023-03-13,3,0
3491,2023-03-14,3,1
3492,2023-03-15,5,3
3493,2023-03-16,3,3
3494,2023-03-17,2,8
3495,2023-03-18,6,4
3496,2023-03-19,1,0
3497,2023-03-20,4,2
3498,2023-03-21,2,1
3499,2023-03-22,2,0
3500,2023-03-23,7,4
3501,2023-03-24,7,2
3502,2023-03-25,9,4
3503,2023-03-26,4,2
3504,2023-03-27,3,0
3505,2023-03-28,1,0
3506,2023-03-29,0,2
3507,2023-03-30,9,1
3508,2023-03-31,2,0
3509,2023-04-01,8,3
3510,2023-04-02,3,0
3511,2023-04-03,9,4
3512,2023-04-04,6,3
3513,2023-04-05,5,7
3514,2023-04-06,7,3
3515,2023-04-07,3,1
3516,2023-04-08,3,1
3517,2023-04-09,1,0
3518,2023-04-10,2,1
3519,2023-04-11,3,3
3520,2023-04-12,0,4
3521,2023-04-13,6,3
3522,2023-04-14,1,3
3523,2023-04-15,4,6
3524,2023-04-16,1,0
3525,2023-04-17,5,9
3526,2023-04-18,6,6
3527,2023-04-19,1,2
3528,2023-04-20,5,2
3529,2023-04-21,6,1
3530,2023-04-22,7,3
3531,2023-04-23,0,0
3532,2023-04-24,4,0
3533,2023-04-25,7,4
3534,2023-04-26,1,2
3535,2023-04-27,1,2
3536,2023-04-28,3,3
3537,2023-04-29,1,4
3538,2023-04-30,0,0
3539,2023-05-01,2,0
3540,2023-05-02,10,1
3541,2023-05-03,3,7
3542,2023-05-04,4,3
3543,2023-05-05,8,1
3544,2023-05-06,3,1
3545,2023-05-07,0,0
3546,2023-05-08,3,0
3547,2023-05-09,4,1
3548,2023-05-10,6,4
3549,2023-05-11,5,8
3550,2023-05-12,9,0
3551,2023-05-13,4,1
3552,2023-05-14,0,0
3553,2023-05-15,2,0
3554,2023-05-16,3,3
3555,2023-05-17,0,3
3556,2023-05-18,10,3
3557,2023-05-19,3,1
3558,2023-05-20,7,3
3559,2023-05-21,3,3
3560,2023-05-22,4,0
3561,2023-05-23,2,4
3562,2023-05-24,3,5
3563,2023-05-25,4,3
3564,2023-05-26,11,2
3565,2023-05-27,5,4
3566,2023-05-28,0,0
3567,2023-05-29,0,0
3568,2023-05-30,6,6
3569,2023-05-31,5,0
3570,2023-06-01,3,4
3571,2023-06-02,5,4
3572,2023-06-03,1,0
3573,2023-06-04,0,0
3574,2023-06-05,6,0
3575,2023-06-06,6,6
3576,2023-06-07,4,2
3577,2023-06-08,7,2
3578,2023-06-09,5,6
3579,2023-06-10,2,3
3580,2023-06-11,1,0
3581,2023-06-12,1,0
3582,2023-06-13,3,1
3583,2023-06-14,8,3
3584,2023-06-15,1,3
3585,2023-06-16,9,1
3586,2023-06-17,4,2
3587,2023-06-18,0,0
3588,2023-06-19,3,6
3589,2023-06-20,10,1
3590,2023-06-21,3,3
3591,2023-06-22,5,2
3592,2023-06-23,5,1
3593,2023-06-24,4,3
3594,2023-06-25,0,1
3595,2023-06-26,3,0
3596,2023-06-27,2,1
3597,2023-06-28,2,3
3598,2023-06-29,7,5
3599,2023-06-30,2,1
3600,2023-07-01,5,4
3601,2023-07-02,3,0
3602,2023-07-03,3,4
3603,2023-07-04,2,0
3604,2023-07-05,10,4
3605,2023-07-06,5,3
3606,2023-07-07,1,4
3607,2023-07-08,2,3
3608,2023-07-09,2,0
3609,2023-07-10,4,0
3610,2023-07-11,3,3
3611,2023-07-12,14,3
3612,2023-07-13,2,5
3613,2023-07-14,9,3
3614,2023-07-15,2,9
3615,2023-07-16,2,0
3616,2023-07-17,4,1
3617,2023-07-18,2,4
3618,2023-07-19,5,8
3619,2023-07-20,0,2
3620,2023-07-21,2,4
3621,2023-07-22,4,4
3622,2023-07-23,2,0
3623,2023-07-24,2,0
3624,2023-07-25,4,4
3625,2023-07-26,6,14
3626,2023-07-27,16,3
3627,2023-07-28,2,4
3628,2023-07-29,3,1
3629,2023-07-30,0,5
3630,2023-07-31,0,0
3631,2023-08-01,2,2
3632,2023-08-02,5,1
3633,2023-08-03,2,5
3634,2023-08-04,3,3
3635,2023-08-05,1,4
3636,2023-08-06,2,0
3637,2023-08-07,4,5
3638,2023-08-08,4,2
3639,2023-08-09,5,7
3640,2023-08-10,4,2
3641,2023-08-11,4,4
3642,2023-08-12,1,4
3643,2023-08-13,2,0
3644,2023-08-14,2,0
3645,2023-08-15,0,4
3646,2023-08-16,3,4
3647,2023-08-17,9,2
3648,2023-08-18,4,9
3649,2023-08-19,2,5
3650,2023-08-20,0,0
3651,2023-08-21,3,0
3652,2023-08-22,2,8
3653,2023-08-23,3,3
3654,2023-08-24,1,3
3655,2023-08-25,4,1
3656,2023-08-26,4,1
3657,2023-08-27,3,0
3658,2023-08-28,2,0
3659,2023-08-29,8,2
3660,2023-08-30,2,2
3661,2023-08-31,3,4
3662,2023-09-01,5,2
3663,2023-09-02,5,1
3664,2023-09-03,1,0
3665,2023-09-04,0,0
3666,2023-09-05,7,2
3667,2023-09-06,6,1
3668,2023-09-07,1,2
3669,2023-09-08,4,5
3670,2023-09-09,3,3
3671,2023-09-10,3,0
3672,2023-09-11,2,0
3673,2023-09-12,5,2
3674,2023-09-13,3,3
3675,2023-09-14,10,4
3676,2023-09-15,5,1
3677,2023-09-16,6,3
3678,2023-09-17,2,1
3679,2023-09-18,3,1
3680,2023-09-19,3,6
3681,2023-09-20,3,15
3682,2023-09-21,2,14
3683,2023-09-22,1,4
3684,2023-09-23,4,5
3685,2023-09-24,0,0
3686,2023-09-25,4,0
3687,2023-09-26,6,3
3688,2023-09-27,1,6
3689,2023-09-28,6,2
3690,2023-09-29,5,2
3691,2023-09-30,1,1
3692,2023-10-01,1,0
3693,2023-10-02,1,1
3694,2023-10-03,5,3
3695,2023-10-04,6,4
3696,2023-10-05,1,7
3697,2023-10-06,8,1
3698,2023-10-07,3,3
3699,2023-10-08,3,0
3700,2023-10-09,2,0
3701,2023-10-10,9,6
3702,2023-10-11,8,1
3703,2023-10-12,6,3
3704,2023-10-13,3,2
3705,2023-10-14,8,3
3706,2023-10-15,4,0
3707,2023-10-16,6,1
3708,2023-10-17,4,2
3709,2023-10-18,4,1
3710,2023-10-19,2,2
3711,2023-10-20,3,4
3712,2023-10-21,4,2
3713,2023-10-22,4,0
3714,2023-10-23,8,0
3715,2023-10-24,2,8
3716,2023-10-25,3,4
3717,2023-10-26,4,4
3718,2023-10-27,6,2
3719,2023-10-28,1,5
3720,2023-10-29,1,0
3721,2023-10-30,2,0
3722,2023-10-31,3,1
3723,2023-11-01,4,3
3724,2023-11-02,5,2
3725,2023-11-03,4,4
3726,2023-11-04,3,3
3727,2023-11-05,4,0
3728,2023-11-06,4,0
3729,2023-11-07,11,5
3730,2023-11-08,6,7
3731,2023-11-09,4,4
3732,2023-11-10,0,0
3733,2023-11-11,3,3
3734,2023-11-12,2,0
3735,2023-11-13,5,1
3736,2023-11-14,3,3
3737,2023-11-15,4,2
3738,2023-11-16,4,9
3739,2023-11-17,11,8
3740,2023-11-18,1,2
3741,2023-11-19,0,0
3742,2023-11-20,1,7
3743,2023-11-21,34,5
3744,2023-11-22,1,1
3745,2023-11-23,0,0
3746,2023-11-24,0,0
3747,2023-11-25,6,0
3748,2023-11-26,1,0
3749,2023-11-27,4,0
3750,2023-11-28,8,2
3751,2023-11-29,3,5
3752,2023-11-30,3,5
3753,2023-12-01,10,4
3754,2023-12-02,5,4
3755,2023-12-03,0,0
3756,2023-12-04,9,1
3757,2023-12-05,4,6
3758,2023-12-06,3,4
3759,2023-12-07,14,10
3760,2023-12-08,5,15
3761,2023-12-09,5,5
3762,2023-12-10,0,2
3763,2023-12-11,16,0
3764,2023-12-12,18,3
3765,2023-12-13,5,7
3766,2023-12-14,5,6
3767,2023-12-15,6,2
3768,2023-12-16,4,2
3769,2023-12-17,0,0
3770,2023-12-18,2,2
3771,2023-12-19,5,2
3772,2023-12-20,4,1
3773,2023-12-21,3,2
3774,2023-12-22,6,3
3775,2023-12-23,3,1
3776,2023-12-24,0,2
3777,2023-12-25,0,0
3778,2023-12-26,5,0
3779,2023-12-27,2,1
3780,2023-12-28,2,1
3781,2023-12-29,2,4
3782,2023-12-30,3,3
3783,2023-12-31,2,0
3784,2024-01-01,0,0
3785,2024-01-02,5,1
3786,2024-01-03,6,3
3787,2024-01-04,5,7
3788,2024-01-05,6,2
3789,2024-01-06,9,3
3790,2024-01-07,1,0
3791,2024-01-08,4,2
3792,2024-01-09,7,2
3793,2024-01-10,2,2
3794,2024-01-11,4,5
3795,2024-01-12,7,3
3796,2024-01-13,2,2
3797,2024-01-14,4,0
3798,2024-01-15,0,0
3799,2024-01-16,4,1
3800,2024-01-17,4,6
3801,2024-01-18,3,1
3802,2024-01-19,9,4
3803,2024-01-20,8,2
3804,2024-01-21,2,0
3805,2024-01-22,4,0
3806,2024-01-23,4,5
3807,2024-01-24,5,3
3808,2024-01-25,1,3
3809,2024-01-26,4,3
3810,2024-01-27,6,1
3811,2024-01-28,7,0
3812,2024-01-29,6,4
3813,2024-01-30,0,1
3814,2024-01-31,3,0
3815,2024-02-01,3,2
3816,2024-02-02,5,4
3817,2024-02-03,4,3
3818,2024-02-04,0,3
3819,2024-02-05,4,0
3820,2024-02-06,5,5
3821,2024-02-07,5,8
3822,2024-02-08,5,7
3823,2024-02-09,5,3
3824,2024-02-10,9,1
3825,2024-02-11,0,0
3826,2024-02-12,1,2
3827,2024-02-13,7,10
3828,2024-02-14,8,3
3829,2024-02-15,0,5
3830,2024-02-16,7,5
3831,2024-02-17,2,1
3832,2024-02-18,3,0
3833,2024-02-19,0,0
3834,2024-02-20,21,6
3835,2024-02-21,7,2
3836,2024-02-22,4,7
3837,2024-02-23,6,10
3838,2024-02-24,4,1
3839,2024-02-25,0,0
3840,2024-02-26,1,0
3841,2024-02-27,4,3
3842,2024-02-28,5,1
3843,2024-02-29,4,3
3844,2024-03-01,5,8
3845,2024-03-02,0,5
3846,2024-03-03,0,0
3847,2024-03-04,2,0
3848,2024-03-05,4,1
3849,2024-03-06,6,2
3850,2024-03-07,4,3
3851,2024-03-08,7,2
3852,2024-03-09,5,4
3853,2024-03-10,0,0
3854,2024-03-11,0,0
3855,2024-03-12,5,2
3856,2024-03-13,26,1
3857,2024-03-14,4,6
3858,2024-03-15,5,3
3859,2024-03-16,5,1
3860,2024-03-17,4,4
3861,2024-03-18,6,6
3862,2024-03-19,9,2
3863,2024-03-20,3,3
3864,2024-03-21,6,1
3865,2024-03-22,6,2
3866,2024-03-23,4,2
3867,2024-03-24,5,0
3868,2024-03-25,4,1
3869,2024-03-26,5,5
3870,2024-03-27,3,3
3871,2024-03-28,5,2
3872,2024-03-29,3,3
3873,2024-03-30,4,3
3874,2024-03-31,0,0
3875,2024-04-01,2,0
3876,2024-04-02,5,1
3877,2024-04-03,6,8
3878,2024-04-04,3,4
3879,2024-04-05,4,5
3880,2024-04-06,3,8
3881,2024-04-07,5,0
3882,2024-04-08,5,2
3883,2024-04-09,10,1
3884,2024-04-10,3,3
3885,2024-04-11,3,1
3886,2024-04-12,1,5
3887,2024-04-13,6,2
3888,2024-04-14,1,0
3889,2024-04-15,4,6
3890,2024-04-16,7,2
3891,2024-04-17,7,2
3892,2024-04-18,7,5
3893,2024-04-19,4,2
3894,2024-04-20,1,2
3895,2024-04-21,2,0
3896,2024-04-22,3,0
3897,2024-04-23,3,10
3898,2024-04-24,3,3
3899,2024-04-25,4,2
3900,2024-04-26,1,1
3901,2024-04-27,4,6
3902,2024-04-28,0,0
3903,2024-04-29,6,4
3904,2024-04-30,7,2
3905,2024-05-01,7,8
3906,2024-05-02,1,4
3907,2024-05-03,1,2
3908,2024-05-04,2,1
3909,2024-05-05,0,0
3910,2024-05-06,6,2
3911,2024-05-07,5,6
3912,2024-05-08,23,1
3913,2024-05-09,4,0
3914,2024-05-10,5,2
3915,2024-05-11,9,4
3916,2024-05-12,1,0
3917,2024-05-13,8,5
3918,2024-05-14,5,4
3919,2024-05-15,5,2
