,outcome_date,adoption,euthanised,return_to_owner,unintended,other,TotalOutcomes
0,2014-01-01,0,6,0,0,0,3
1,2014-01-02,4,0,6,0,0,7
2,2014-01-03,5,0,3,2,0,7
3,2014-01-04,3,0,4,0,0,5
4,2014-01-05,0,2,0,0,0,2
5,2014-01-06,1,0,0,0,1,1
6,2014-01-07,1,0,4,0,0,3
7,2014-01-08,0,4,3,0,0,5
8,2014-01-09,2,5,2,0,1,6
9,2014-01-10,3,0,4,0,0,3
10,2014-01-11,2,0,3,0,1,2
11,2014-01-14,2,1,5,0,0,5
12,2014-01-15,0,0,6,0,0,4
13,2014-01-16,2,0,2,0,0,2
14,2014-01-17,0,0,4,0,0,4
15,2014-01-18,4,3,3,0,1,7
16,2014-01-21,0,0,2,0,3,4
17,2014-01-22,1,0,5,0,0,3
18,2014-01-23,1,2,2,0,0,4
19,2014-01-24,0,0,6,0,0,4
20,2014-01-25,4,0,1,0,1,3
21,2014-01-27,0,1,0,0,0,0
22,2014-01-28,3,0,1,0,1,4
23,2014-01-29,2,3,5,0,0,4
24,2014-01-30,0,0,2,0,1,3
25,2014-01-31,1,1,3,0,2,3
26,2014-02-01,5,2,2,0,3,7
27,2014-02-04,5,4,2,0,0,6
28,2014-02-05,2,1,2,0,0,2
29,2014-02-06,1,1,2,0,0,1
30,2014-02-07,1,1,4,0,0,2
31,2014-02-08,0,0,3,0,0,3
32,2014-02-09,0,0,0,0,1,1
33,2014-02-10,0,1,0,0,0,0
34,2014-02-11,3,2,2,0,1,4
35,2014-02-13,2,0,6,0,1,7
36,2014-02-14,0,0,4,0,0,3
37,2014-02-15,5,0,1,0,1,4
38,2014-02-18,2,0,2,0,0,1
39,2014-02-19,1,1,2,0,0,2
40,2014-02-20,4,1,5,0,0,4
41,2014-02-21,4,0,3,0,0,6
42,2014-02-22,3,0,3,0,0,4
43,2014-02-25,1,0,7,0,0,5
44,2014-02-26,6,0,2,0,0,4
45,2014-02-27,3,1,3,0,0,4
46,2014-02-28,2,0,3,0,0,3
47,2014-03-01,4,0,1,0,0,2
48,2014-03-04,5,0,6,0,0,5
49,2014-03-05,3,0,0,0,0,1
50,2014-03-06,1,2,0,0,0,2
51,2014-03-07,2,0,2,0,1,3
52,2014-03-08,3,0,0,0,0,1
53,2014-03-11,2,0,2,0,0,2
54,2014-03-12,3,3,4,0,0,7
55,2014-03-13,3,0,0,0,0,1
56,2014-03-14,0,0,4,0,4,4
57,2014-03-15,3,0,0,0,1,3
58,2014-03-18,4,1,4,0,0,5
59,2014-03-19,3,2,1,0,0,4
60,2014-03-20,1,0,5,0,0,4
61,2014-03-21,0,0,5,0,0,1
62,2014-03-22,5,0,1,0,0,5
63,2014-03-23,0,0,0,1,0,1
64,2014-03-24,0,1,1,0,0,2
65,2014-03-25,3,1,2,0,0,4
66,2014-03-26,2,3,4,0,0,7
67,2014-03-27,2,0,2,0,0,2
68,2014-03-28,2,0,2,0,0,2
69,2014-03-29,3,0,2,0,0,2
70,2014-03-30,0,2,0,1,0,1
71,2014-04-01,2,0,7,0,0,5
72,2014-04-02,2,0,2,0,0,3
73,2014-04-03,3,0,2,0,0,2
74,2014-04-04,1,1,2,0,0,2
75,2014-04-05,5,0,1,0,0,4
76,2014-04-06,0,0,0,0,1,0
77,2014-04-07,0,2,0,0,0,1
78,2014-04-08,0,0,8,0,0,5
79,2014-04-09,0,0,6,0,0,3
80,2014-04-10,1,0,5,0,2,2
81,2014-04-11,2,0,0,0,0,1
82,2014-04-12,3,0,7,0,0,8
83,2014-04-14,0,2,0,0,0,1
84,2014-04-15,1,0,5,0,0,4
85,2014-04-16,1,0,2,0,0,1
86,2014-04-17,0,1,2,0,0,1
87,2014-04-18,1,0,1,0,1,2
88,2014-04-19,4,0,2,0,0,4
89,2014-04-21,0,3,0,0,0,1
90,2014-04-22,2,0,2,0,0,3
91,2014-04-23,3,5,3,0,0,2
92,2014-04-24,1,0,1,0,0,2
93,2014-04-25,3,0,2,0,0,4
94,2014-04-26,3,0,4,0,0,5
95,2014-04-27,2,0,0,0,0,1
96,2014-04-28,0,4,2,0,1,4
97,2014-04-29,1,0,6,0,0,5
98,2014-04-30,1,4,3,0,0,5
99,2014-05-01,1,0,2,0,0,2
100,2014-05-02,1,0,1,0,5,5
101,2014-05-03,6,0,4,0,0,7
102,2014-05-04,1,2,0,0,0,2
103,2014-05-05,0,0,2,0,0,1
104,2014-05-06,0,0,5,0,0,2
105,2014-05-07,0,1,3,0,1,1
106,2014-05-08,2,0,0,0,0,1
107,2014-05-09,4,3,1,0,0,6
108,2014-05-10,4,0,3,0,0,5
109,2014-05-13,2,0,0,0,0,2
110,2014-05-14,4,0,1,0,0,3
111,2014-05-15,0,1,3,0,1,4
112,2014-05-16,1,1,4,0,0,4
113,2014-05-17,4,0,2,0,1,4
114,2014-05-19,0,0,1,0,0,1
115,2014-05-20,3,0,5,0,0,5
116,2014-05-21,1,0,0,0,0,0
117,2014-05-22,3,0,4,0,1,7
118,2014-05-23,2,6,1,0,4,5
119,2014-05-24,5,0,6,0,2,8
120,2014-05-27,1,2,5,0,0,4
121,2014-05-28,4,1,6,0,0,10
122,2014-05-29,4,0,1,0,0,4
123,2014-05-30,1,0,2,0,0,2
124,2014-05-31,2,0,3,0,0,3
125,2014-06-01,0,1,0,0,0,0
126,2014-06-02,0,0,1,0,1,1
127,2014-06-03,2,2,5,0,0,5
128,2014-06-04,2,2,2,0,0,4
129,2014-06-05,0,0,1,0,2,1
130,2014-06-06,2,2,1,0,0,2
131,2014-06-07,5,0,2,0,0,3
132,2014-06-08,0,0,0,0,1,1
133,2014-06-09,0,1,0,0,0,1
134,2014-06-10,3,0,5,0,0,4
135,2014-06-11,3,1,5,0,0,0
136,2014-06-12,4,1,4,0,4,9
137,2014-06-13,0,0,3,0,2,3
138,2014-06-14,6,0,6,1,0,4
139,2014-06-17,1,0,4,0,1,3
140,2014-06-18,2,4,3,0,0,6
141,2014-06-19,2,0,2,0,5,3
142,2014-06-20,4,0,4,0,1,6
143,2014-06-21,4,2,6,0,0,7
144,2014-06-24,2,1,3,0,1,1
145,2014-06-25,2,0,2,0,0,1
146,2014-06-26,4,2,1,0,0,5
147,2014-06-27,2,0,4,0,0,6
148,2014-06-28,4,0,3,0,0,4
149,2014-07-01,3,1,0,0,0,2
150,2014-07-02,5,0,3,0,0,6
151,2014-07-03,0,0,6,0,0,1
152,2014-07-05,4,0,6,0,0,8
153,2014-07-06,0,0,0,0,1,0
154,2014-07-07,0,1,0,0,0,0
155,2014-07-08,3,3,5,0,0,5
156,2014-07-09,4,0,6,0,0,9
157,2014-07-10,4,1,2,0,0,4
158,2014-07-11,2,0,9,0,0,4
159,2014-07-12,7,0,3,0,0,5
160,2014-07-14,0,0,1,0,0,0
161,2014-07-15,1,0,6,0,2,8
162,2014-07-16,0,0,5,0,0,3
163,2014-07-17,1,12,2,0,1,7
164,2014-07-18,1,0,4,0,1,5
165,2014-07-19,5,0,6,0,1,8
166,2014-07-22,3,0,2,0,0,3
167,2014-07-23,0,1,0,0,0,1
168,2014-07-24,3,0,7,0,0,6
169,2014-07-25,0,3,2,0,0,2
170,2014-07-26,3,0,3,0,0,3
171,2014-07-29,1,0,3,0,0,3
172,2014-07-30,4,5,4,0,0,9
173,2014-07-31,2,0,1,0,0,2
174,2014-08-01,6,0,1,0,0,3
175,2014-08-02,3,0,5,0,0,6
176,2014-08-03,0,2,1,0,0,1
177,2014-08-05,0,0,8,0,0,5
178,2014-08-06,2,0,2,0,0,2
179,2014-08-07,1,1,0,0,1,2
180,2014-08-08,1,0,1,0,0,1
181,2014-08-09,3,0,5,0,0,6
182,2014-08-10,0,0,1,0,0,1
183,2014-08-11,0,5,0,0,0,2
184,2014-08-12,1,0,4,0,0,4
185,2014-08-13,2,0,3,0,0,3
186,2014-08-14,0,0,2,0,0,0
187,2014-08-15,3,0,4,0,0,3
188,2014-08-16,4,0,4,0,0,3
189,2014-08-19,2,0,4,0,2,4
190,2014-08-20,0,0,3,0,5,6
191,2014-08-21,0,8,3,0,4,10
192,2014-08-22,1,1,3,0,0,3
193,2014-08-23,4,0,1,0,1,1
194,2014-08-24,0,0,0,0,1,0
195,2014-08-25,0,1,0,0,0,1
196,2014-08-26,6,0,8,1,0,9
197,2014-08-27,5,4,2,0,0,4
198,2014-08-28,3,3,3,0,0,6
199,2014-08-29,3,1,1,0,1,4
200,2014-08-30,1,0,3,0,1,2
201,2014-09-02,1,0,4,0,0,3
202,2014-09-03,2,4,7,0,1,8
203,2014-09-04,1,4,1,0,4,6
204,2014-09-05,2,0,4,0,0,4
205,2014-09-06,5,0,2,0,1,5
206,2014-09-07,0,1,0,0,0,0
207,2014-09-09,2,0,5,0,0,1
208,2014-09-10,2,5,3,0,0,6
209,2014-09-11,0,2,1,0,5,3
210,2014-09-12,2,1,7,0,1,6
211,2014-09-13,2,0,2,0,0,3
212,2014-09-16,3,0,1,0,0,1
213,2014-09-17,3,0,6,0,0,5
214,2014-09-18,1,0,3,0,0,2
215,2014-09-19,3,0,3,0,1,1
216,2014-09-20,3,0,5,0,0,6
217,2014-09-22,0,3,0,0,0,1
218,2014-09-23,1,0,8,0,1,9
219,2014-09-24,2,0,2,0,0,2
220,2014-09-25,0,1,6,0,5,10
221,2014-09-26,5,0,2,0,1,4
222,2014-09-27,4,0,4,0,3,7
223,2014-09-28,0,1,0,0,0,0
224,2014-09-30,3,1,7,0,2,5
225,2014-10-01,1,0,3,0,1,1
226,2014-10-02,2,3,1,0,4,7
227,2014-10-03,1,1,5,0,0,4
228,2014-10-04,1,0,3,0,1,1
229,2014-10-06,0,0,2,0,0,2
230,2014-10-07,4,0,5,0,1,6
231,2014-10-08,0,0,4,0,2,3
232,2014-10-09,2,0,1,0,1,4
233,2014-10-10,1,0,6,0,0,7
234,2014-10-11,7,0,8,0,0,6
235,2014-10-12,5,2,0,0,0,6
236,2014-10-13,0,0,1,0,0,1
237,2014-10-14,2,0,7,1,0,6
238,2014-10-15,1,0,4,0,0,4
239,2014-10-16,2,0,5,0,0,6
240,2014-10-17,0,1,1,0,0,2
241,2014-10-18,5,0,6,0,0,6
242,2014-10-21,3,0,2,0,0,3
243,2014-10-22,1,0,1,0,0,1
244,2014-10-23,0,1,7,0,0,8
245,2014-10-24,3,0,6,0,1,5
246,2014-10-25,2,0,6,0,0,6
247,2014-10-27,0,0,0,0,1,0
248,2014-10-28,5,1,3,0,0,9
249,2014-10-29,5,2,5,0,0,10
250,2014-10-30,0,0,2,0,0,1
251,2014-10-31,4,0,2,0,1,6
252,2014-11-01,3,0,2,0,0,2
253,2014-11-02,0,1,0,0,0,0
254,2014-11-04,4,0,6,0,0,8
255,2014-11-05,2,0,3,0,6,9
256,2014-11-06,1,0,0,0,0,1
257,2014-11-07,2,1,2,0,0,5
258,2014-11-08,0,0,4,0,0,4
259,2014-11-09,0,1,0,0,0,0
260,2014-11-10,0,0,2,0,0,2
261,2014-11-12,3,0,6,0,0,6
262,2014-11-13,3,0,3,0,1,5
263,2014-11-14,2,0,1,0,0,2
264,2014-11-15,3,0,3,0,0,5
265,2014-11-18,2,0,9,0,0,6
266,2014-11-19,1,1,3,0,0,5
267,2014-11-20,3,0,3,0,1,4
268,2014-11-21,3,1,1,0,0,5
269,2014-11-22,0,0,1,0,1,2
270,2014-11-23,0,0,0,0,12,6
271,2014-11-25,2,1,1,0,0,2
272,2014-11-26,4,0,3,0,0,4
273,2014-11-29,4,0,8,0,0,10
274,2014-11-30,0,0,3,0,0,0
275,2014-12-01,0,2,0,0,0,0
276,2014-12-02,1,2,4,0,0,5
277,2014-12-03,1,0,0,1,0,1
278,2014-12-04,2,0,8,0,0,7
279,2014-12-05,1,0,3,0,0,2
280,2014-12-06,3,0,2,0,0,5
281,2014-12-07,0,3,0,0,0,3
282,2014-12-08,0,0,2,0,0,1
283,2014-12-09,2,3,6,0,1,10
284,2014-12-10,0,0,3,0,0,1
285,2014-12-11,1,1,2,0,1,2
286,2014-12-12,0,0,2,0,0,1
287,2014-12-13,10,0,1,0,1,8
288,2014-12-14,0,0,1,0,0,1
289,2014-12-15,0,1,0,0,0,1
290,2014-12-16,5,0,9,0,0,13
291,2014-12-17,1,0,1,0,0,1
292,2014-12-18,2,0,2,0,0,3
293,2014-12-19,2,0,7,0,0,8
294,2014-12-20,3,0,1,0,0,2
295,2014-12-22,0,2,2,0,0,4
296,2014-12-23,6,0,5,0,0,5
297,2014-12-24,3,2,1,0,0,5
298,2014-12-25,0,0,1,0,0,1
299,2014-12-26,0,0,8,0,0,8
300,2014-12-27,2,0,3,0,0,4
301,2014-12-30,1,0,8,0,4,10
302,2014-12-31,4,1,11,0,1,14
303,2015-01-02,5,0,3,0,0,4
304,2015-01-03,2,0,6,0,0,6
305,2015-01-04,0,6,0,0,0,5
306,2015-01-05,0,3,1,0,0,2
307,2015-01-06,5,0,3,0,0,7
308,2015-01-07,3,0,6,0,0,7
309,2015-01-08,1,3,5,0,0,8
310,2015-01-09,2,0,4,0,0,6
311,2015-01-10,4,0,2,0,0,5
312,2015-01-11,0,1,0,0,0,0
313,2015-01-12,0,0,0,0,1,1
314,2015-01-13,3,1,7,0,6,13
315,2015-01-14,1,0,4,1,0,4
316,2015-01-15,2,2,2,0,0,5
317,2015-01-16,2,1,4,0,0,4
318,2015-01-17,8,0,1,0,0,7
319,2015-01-19,0,1,0,0,0,1
320,2015-01-20,1,0,0,0,0,1
321,2015-01-21,2,1,1,0,0,3
322,2015-01-22,2,0,2,0,0,2
323,2015-01-23,3,0,3,0,0,3
324,2015-01-24,9,0,1,0,0,7
325,2015-01-25,0,0,0,0,1,1
326,2015-01-26,1,0,0,0,0,1
327,2015-01-27,3,1,5,0,0,8
328,2015-01-28,0,0,4,0,0,4
329,2015-01-29,1,0,7,0,0,7
330,2015-01-30,2,0,2,0,1,5
331,2015-01-31,3,0,5,0,0,3
332,2015-02-01,0,3,1,0,0,3
333,2015-02-02,1,0,0,0,0,1
334,2015-02-03,4,0,4,0,1,8
335,2015-02-04,5,0,0,0,0,4
336,2015-02-05,4,0,1,0,1,5
337,2015-02-06,1,0,3,0,0,3
338,2015-02-07,3,1,2,0,2,4
339,2015-02-09,0,4,0,0,0,2
340,2015-02-10,4,1,1,0,0,5
341,2015-02-11,2,0,3,0,1,4
342,2015-02-13,4,2,1,0,0,6
343,2015-02-14,9,0,2,0,0,7
344,2015-02-17,3,0,3,0,0,5
345,2015-02-18,0,0,2,0,2,4
346,2015-02-19,1,1,1,0,0,2
347,2015-02-20,5,0,7,0,0,5
348,2015-02-21,1,0,5,0,0,4
349,2015-02-22,0,0,1,0,2,3
350,2015-02-23,0,5,0,0,0,4
351,2015-02-24,4,0,11,0,0,9
352,2015-02-25,3,3,2,0,0,4
353,2015-02-26,0,0,5,0,1,5
354,2015-02-27,0,0,3,0,0,1
355,2015-02-28,5,0,3,0,0,5
356,2015-03-01,0,0,3,0,0,3
357,2015-03-02,0,1,3,0,0,3
358,2015-03-03,1,0,6,0,0,6
359,2015-03-04,3,0,0,0,0,1
360,2015-03-05,3,0,0,0,0,2
361,2015-03-06,1,0,4,0,0,4
362,2015-03-07,2,0,8,0,0,7
363,2015-03-09,0,1,0,0,0,0
364,2015-03-10,3,2,4,0,0,8
365,2015-03-11,0,1,1,0,0,2
366,2015-03-12,1,0,5,0,0,5
367,2015-03-13,1,0,6,0,0,7
368,2015-03-14,5,0,4,0,0,7
369,2015-03-15,0,0,1,0,0,1
370,2015-03-16,0,0,1,0,0,1
371,2015-03-17,1,0,2,0,0,3
372,2015-03-18,2,5,3,0,0,5
373,2015-03-19,2,0,5,0,0,6
374,2015-03-20,3,0,5,0,0,6
375,2015-03-21,4,0,3,0,0,6
376,2015-03-24,2,0,4,0,0,6
377,2015-03-25,3,1,2,0,0,5
378,2015-03-26,1,1,3,0,0,3
379,2015-03-27,3,1,3,0,0,5
380,2015-03-28,4,0,0,0,3,6
381,2015-03-30,0,2,0,0,0,1
382,2015-03-31,3,0,4,0,1,5
383,2015-04-01,5,1,3,0,0,9
384,2015-04-02,3,0,1,0,8,6
385,2015-04-03,5,0,2,0,0,4
386,2015-04-04,5,0,0,0,0,2
387,2015-04-06,0,3,0,0,0,1
388,2015-04-07,2,0,5,0,3,8
389,2015-04-08,1,0,2,0,0,3
390,2015-04-09,2,1,3,0,0,6
391,2015-04-10,3,1,4,0,0,8
392,2015-04-11,3,0,3,0,0,6
393,2015-04-12,0,0,1,0,0,1
394,2015-04-13,0,2,1,0,0,3
395,2015-04-14,0,3,5,0,0,7
396,2015-04-15,5,0,3,0,0,7
397,2015-04-16,2,1,1,0,1,3
398,2015-04-17,1,0,5,0,1,5
399,2015-04-18,1,0,4,0,0,4
400,2015-04-20,0,1,1,0,0,2
401,2015-04-21,2,4,7,0,0,11
402,2015-04-22,0,0,2,0,4,5
403,2015-04-23,1,1,0,0,0,2
404,2015-04-24,4,0,2,0,0,5
405,2015-04-27,0,2,0,0,0,0
406,2015-04-28,2,0,1,0,1,4
407,2015-04-29,2,0,1,0,4,7
408,2015-04-30,2,1,2,0,0,4
409,2015-05-01,3,0,3,0,0,4
410,2015-05-02,3,0,1,0,0,3
411,2015-05-04,0,0,0,1,0,1
412,2015-05-05,8,2,2,0,1,11
413,2015-05-06,0,0,3,0,0,3
414,2015-05-07,0,0,4,0,0,4
415,2015-05-08,2,0,6,0,0,7
416,2015-05-09,2,0,2,0,0,3
417,2015-05-12,1,1,4,0,0,5
418,2015-05-13,0,0,2,0,3,4
419,2015-05-14,1,0,2,0,0,3
420,2015-05-15,4,0,2,0,0,6
421,2015-05-16,2,0,2,0,0,3
422,2015-05-19,4,0,5,0,0,3
423,2015-05-20,1,0,0,0,1,1
424,2015-05-21,1,1,4,0,0,5
425,2015-05-22,5,1,2,0,0,5
426,2015-05-23,5,1,4,0,0,7
427,2015-05-24,3,0,0,0,0,2
428,2015-05-26,0,0,2,0,0,1
429,2015-05-27,2,1,0,0,0,1
430,2015-05-28,2,2,0,0,0,2
431,2015-05-29,0,0,1,0,0,1
432,2015-05-30,0,0,1,0,1,2
433,2015-06-01,0,4,0,0,0,4
434,2015-06-02,3,1,4,0,0,4
435,2015-06-03,1,0,1,0,5,3
436,2015-06-04,0,1,2,0,4,6
437,2015-06-05,2,0,3,0,0,2
438,2015-06-06,1,0,0,0,2,1
439,2015-06-08,0,0,0,0,1,0
440,2015-06-09,0,0,1,0,0,1
441,2015-06-10,1,0,1,0,0,2
442,2015-06-11,1,3,1,0,2,3
443,2015-06-12,2,0,5,0,0,5
444,2015-06-13,2,0,1,0,0,2
445,2015-06-16,5,0,5,0,0,9
446,2015-06-17,0,2,3,0,0,4
447,2015-06-18,2,0,3,0,0,4
448,2015-06-19,3,2,3,0,3,8
449,2015-06-20,3,2,0,0,0,4
450,2015-06-23,1,0,4,0,0,5
451,2015-06-24,0,2,1,0,1,4
452,2015-06-25,4,0,2,0,0,4
453,2015-06-26,3,0,1,0,0,4
454,2015-06-27,2,0,4,0,0,4
455,2015-06-28,0,3,0,0,0,3
456,2015-06-30,2,1,5,0,0,6
457,2015-07-01,0,0,2,0,0,2
458,2015-07-02,3,7,2,0,0,11
459,2015-07-03,0,0,1,0,0,1
460,2015-07-04,2,0,3,0,0,3
461,2015-07-05,0,1,0,0,0,1
462,2015-07-07,2,0,15,0,2,12
463,2015-07-08,2,0,5,0,0,5
464,2015-07-09,3,1,3,0,0,3
465,2015-07-10,1,1,5,0,0,6
466,2015-07-11,2,2,5,0,0,6
467,2015-07-14,3,0,1,0,0,4
468,2015-07-15,0,0,2,1,1,3
469,2015-07-16,0,2,0,0,0,1
470,2015-07-17,2,0,2,0,0,4
471,2015-07-18,2,5,3,0,0,7
472,2015-07-21,1,2,3,0,0,3
473,2015-07-22,3,0,4,0,0,5
474,2015-07-23,2,0,0,0,0,1
475,2015-07-24,1,0,2,0,0,2
476,2015-07-25,7,0,0,0,0,6
477,2015-07-28,4,0,4,0,0,5
478,2015-07-29,2,0,3,0,0,4
479,2015-07-30,7,0,0,0,0,6
480,2015-07-31,2,0,5,0,7,8
481,2015-08-01,4,0,2,0,2,5
482,2015-08-04,3,0,4,0,0,5
483,2015-08-05,3,1,2,0,3,8
484,2015-08-06,2,3,2,0,0,7
485,2015-08-07,0,1,4,0,1,4
486,2015-08-08,6,0,1,0,0,5
487,2015-08-10,0,0,1,0,0,1
488,2015-08-11,2,0,7,0,5,9
489,2015-08-12,2,2,5,0,0,5
490,2015-08-13,6,2,3,0,1,9
491,2015-08-14,2,0,5,0,0,7
492,2015-08-15,10,1,4,0,1,12
493,2015-08-16,0,0,1,0,0,1
494,2015-08-18,0,0,8,0,1,9
495,2015-08-19,2,0,6,0,0,6
496,2015-08-20,1,1,6,0,1,6
497,2015-08-21,5,2,3,0,0,6
498,2015-08-22,4,0,8,0,0,8
499,2015-08-25,0,0,6,0,0,6
500,2015-08-26,1,2,1,0,0,1
501,2015-08-27,2,0,8,0,1,4
502,2015-08-28,3,2,0,0,0,1
503,2015-08-29,7,0,1,0,0,6
504,2015-08-31,0,0,0,0,1,1
505,2015-09-01,1,1,6,0,0,6
506,2015-09-02,1,0,0,0,3,4
507,2015-09-03,0,1,11,0,2,3
508,2015-09-04,2,1,9,0,0,7
509,2015-09-05,1,0,3,0,0,4
510,2015-09-08,2,0,2,0,0,3
511,2015-09-09,2,7,1,0,1,9
512,2015-09-10,1,3,4,0,0,7
513,2015-09-11,1,1,4,0,7,10
514,2015-09-12,4,1,1,0,3,9
515,2015-09-14,0,0,2,0,0,2
516,2015-09-15,1,0,6,0,0,7
517,2015-09-16,1,0,3,0,0,1
518,2015-09-17,1,0,0,0,1,1
519,2015-09-18,1,0,3,0,0,4
520,2015-09-19,6,1,3,0,0,9
521,2015-09-20,0,0,0,0,1,1
522,2015-09-21,0,0,0,0,2,2
523,2015-09-22,3,1,7,0,0,7
524,2015-09-23,1,1,6,0,0,8
525,2015-09-24,0,2,4,0,0,5
526,2015-09-25,2,2,5,0,0,9
527,2015-09-26,1,0,2,0,1,3
528,2015-09-28,0,0,0,1,0,1
529,2015-09-29,2,5,7,0,0,10
530,2015-09-30,1,0,2,0,0,2
531,2015-10-01,3,1,2,1,0,6
532,2015-10-02,2,2,4,0,0,8
533,2015-10-03,1,0,2,0,0,2
534,2015-10-06,3,0,3,0,0,6
535,2015-10-07,2,2,3,0,0,6
536,2015-10-08,5,0,9,0,1,10
537,2015-10-09,2,0,5,0,2,6
538,2015-10-10,5,0,3,0,0,5
539,2015-10-11,4,0,0,0,0,2
540,2015-10-13,5,0,4,0,0,8
541,2015-10-14,1,3,5,0,2,8
542,2015-10-15,1,0,4,0,2,3
543,2015-10-16,3,1,4,0,1,9
544,2015-10-17,3,0,3,0,0,5
545,2015-10-20,2,2,2,0,1,6
546,2015-10-21,1,0,1,0,0,1
547,2015-10-22,1,2,2,0,3,3
548,2015-10-23,2,0,2,0,0,4
549,2015-10-24,2,1,5,0,2,7
550,2015-10-26,0,0,1,0,0,1
551,2015-10-27,0,0,4,0,0,4
552,2015-10-28,1,0,3,0,6,5
553,2015-10-29,1,2,2,0,0,4
554,2015-10-30,1,0,0,0,0,1
555,2015-10-31,3,0,3,0,0,6
556,2015-11-03,2,0,14,0,0,8
557,2015-11-04,4,0,6,0,0,7
558,2015-11-05,3,0,4,0,1,7
559,2015-11-06,0,0,2,0,0,1
560,2015-11-07,3,0,2,0,0,4
561,2015-11-08,0,0,0,0,2,1
562,2015-11-09,0,0,0,1,0,1
563,2015-11-10,2,0,3,0,0,5
564,2015-11-12,0,0,6,0,4,10
565,2015-11-13,3,8,2,0,0,7
566,2015-11-14,2,0,2,0,0,2
567,2015-11-16,0,1,0,0,0,0
568,2015-11-17,0,0,6,0,1,6
569,2015-11-18,3,0,0,0,6,4
570,2015-11-19,4,3,3,0,0,8
571,2015-11-20,2,0,1,0,0,2
572,2015-11-21,4,0,4,0,0,4
573,2015-11-24,4,0,6,0,0,8
574,2015-11-25,1,3,3,0,0,7
575,2015-11-28,9,1,3,0,1,11
576,2015-11-30,0,0,0,1,0,1
577,2015-12-01,1,4,3,0,2,8
578,2015-12-02,2,1,6,0,0,7
579,2015-12-03,2,0,4,0,0,4
580,2015-12-04,3,2,4,0,0,8
581,2015-12-05,4,2,3,0,0,7
582,2015-12-08,0,0,5,0,0,5
583,2015-12-09,1,0,2,0,3,5
584,2015-12-10,0,1,5,0,1,4
585,2015-12-11,2,2,9,0,1,10
586,2015-12-12,4,1,6,0,0,8
587,2015-12-14,0,0,2,0,0,2
588,2015-12-15,2,1,4,0,0,5
589,2015-12-16,0,1,2,0,0,2
590,2015-12-17,2,2,3,0,3,7
591,2015-12-18,5,3,2,0,0,5
592,2015-12-19,4,1,5,0,0,8
593,2015-12-22,1,0,9,0,0,9
594,2015-12-23,3,1,3,0,0,7
595,2015-12-24,3,0,3,0,0,4
596,2015-12-26,0,0,1,0,0,1
597,2015-12-28,0,0,2,0,0,2
598,2015-12-29,2,0,1,0,1,3
599,2015-12-30,2,3,0,0,4,5
600,2015-12-31,3,2,3,0,0,6
601,2016-01-02,3,0,6,0,0,8
602,2016-01-04,0,0,0,0,1,1
603,2016-01-05,0,0,5,0,0,3
604,2016-01-06,0,6,4,0,0,9
605,2016-01-07,0,0,11,0,0,10
606,2016-01-08,2,0,7,0,1,9
607,2016-01-09,2,0,2,0,4,6
608,2016-01-11,0,1,0,0,0,1
609,2016-01-12,3,0,5,0,0,6
610,2016-01-13,1,2,6,0,4,12
611,2016-01-14,3,0,6,0,3,8
612,2016-01-15,0,0,2,0,1,1
613,2016-01-16,2,0,1,0,0,3
614,2016-01-18,0,1,0,0,0,1
615,2016-01-19,1,0,3,0,0,3
616,2016-01-20,2,5,5,0,1,11
617,2016-01-21,0,0,3,0,0,2
618,2016-01-22,4,3,0,0,1,5
619,2016-01-23,4,0,1,0,1,6
620,2016-01-26,2,0,13,0,0,13
621,2016-01-27,3,2,5,0,0,8
622,2016-01-28,2,0,0,0,1,3
623,2016-01-29,1,0,3,0,0,4
624,2016-01-30,2,0,4,0,0,5
625,2016-02-02,7,3,4,0,0,9
626,2016-02-03,2,0,1,0,0,2
627,2016-02-04,1,1,2,0,0,3
628,2016-02-05,0,0,3,0,0,3
629,2016-02-06,5,0,1,0,0,3
630,2016-02-08,0,0,0,0,1,1
631,2016-02-09,2,4,6,0,0,9
632,2016-02-10,0,2,2,0,0,4
633,2016-02-11,2,0,3,0,0,3
634,2016-02-13,4,5,4,0,0,7
635,2016-02-15,0,0,0,0,1,1
636,2016-02-16,2,0,5,0,0,5
637,2016-02-17,2,3,10,0,0,15
638,2016-02-18,0,0,2,0,0,2
639,2016-02-19,2,4,1,0,0,6
640,2016-02-20,3,2,1,0,2,6
641,2016-02-22,0,0,1,0,0,1
642,2016-02-23,3,1,11,0,1,15
643,2016-02-24,3,0,7,0,0,6
644,2016-02-25,3,1,7,0,0,8
645,2016-02-26,2,0,5,0,0,7
646,2016-02-27,4,1,4,0,0,8
647,2016-02-29,0,0,1,0,0,1
648,2016-03-01,3,0,9,0,0,9
649,2016-03-02,2,0,2,0,0,3
650,2016-03-03,0,2,1,0,0,2
651,2016-03-04,1,3,2,0,0,4
652,2016-03-05,3,3,0,0,0,4
653,2016-03-06,0,0,2,0,0,0
654,2016-03-08,0,0,6,0,1,5
655,2016-03-09,0,1,3,0,0,4
656,2016-03-10,0,3,0,0,0,1
657,2016-03-11,1,0,0,0,0,1
658,2016-03-12,5,0,4,0,0,7
659,2016-03-14,0,0,0,1,3,1
660,2016-03-15,2,0,2,0,0,3
661,2016-03-16,2,2,1,0,0,3
662,2016-03-17,0,2,3,0,0,4
663,2016-03-18,3,0,1,0,0,2
664,2016-03-19,9,0,4,0,0,7
665,2016-03-20,1,0,0,0,0,0
666,2016-03-22,7,0,5,0,0,9
667,2016-03-23,0,1,5,0,0,4
668,2016-03-24,1,0,4,0,0,4
669,2016-03-25,1,3,7,0,0,9
670,2016-03-26,4,0,1,0,0,5
671,2016-03-27,0,0,1,0,0,1
672,2016-03-28,0,1,0,0,0,1
673,2016-03-29,2,1,4,0,0,5
674,2016-03-30,1,0,3,0,0,4
675,2016-03-31,0,3,4,0,1,5
676,2016-04-01,0,0,2,0,1,0
677,2016-04-02,1,0,5,0,0,5
678,2016-04-04,0,0,1,0,0,0
679,2016-04-05,0,3,5,0,1,8
680,2016-04-06,1,0,1,0,0,2
681,2016-04-07,1,0,6,0,0,6
682,2016-04-08,1,3,2,0,0,4
683,2016-04-09,3,0,5,0,1,7
684,2016-04-11,0,1,0,0,1,1
685,2016-04-12,2,4,4,0,0,6
686,2016-04-13,4,2,4,0,0,7
687,2016-04-14,2,0,4,0,0,3
688,2016-04-15,4,0,5,0,0,7
689,2016-04-16,6,1,4,0,0,8
690,2016-04-19,1,0,4,0,0,4
691,2016-04-20,1,2,2,0,0,4
692,2016-04-21,5,0,2,0,0,5
693,2016-04-22,3,0,2,0,0,3
694,2016-04-23,3,0,6,0,0,7
695,2016-04-25,0,0,2,0,0,2
696,2016-04-26,1,1,6,0,1,6
697,2016-04-27,2,0,3,0,0,4
698,2016-04-28,1,4,1,0,2,4
699,2016-04-29,3,0,3,0,2,5
700,2016-04-30,5,1,3,0,0,6
701,2016-05-03,0,0,8,0,0,6
702,2016-05-04,1,0,2,0,0,3
703,2016-05-05,2,0,2,0,1,2
704,2016-05-06,3,1,5,0,0,8
705,2016-05-07,0,1,3,0,1,5
706,2016-05-10,1,4,6,0,0,9
707,2016-05-11,1,5,5,0,0,5
708,2016-05-12,0,0,2,0,0,2
709,2016-05-13,3,2,2,0,6,7
710,2016-05-14,3,1,0,0,0,2
711,2016-05-16,0,0,0,0,1,1
712,2016-05-17,0,0,4,0,6,7
713,2016-05-18,0,0,3,0,1,2
714,2016-05-19,0,0,2,0,1,3
715,2016-05-20,1,0,1,0,0,2
716,2016-05-21,1,1,4,0,0,5
717,2016-05-24,2,1,3,0,2,5
718,2016-05-25,0,0,2,0,0,2
719,2016-05-26,1,2,6,0,1,9
720,2016-05-27,2,1,4,0,3,9
721,2016-05-28,1,0,0,0,0,1
722,2016-05-31,2,0,1,0,0,2
723,2016-06-01,1,2,2,1,0,4
724,2016-06-02,0,2,4,0,0,4
725,2016-06-03,0,0,1,0,0,1
726,2016-06-04,2,1,0,0,0,1
727,2016-06-06,0,0,2,0,0,2
728,2016-06-07,2,0,4,0,0,5
729,2016-06-08,4,0,3,0,0,5
730,2016-06-09,3,3,5,0,1,10
731,2016-06-10,1,1,5,0,0,6
732,2016-06-11,2,0,2,0,1,4
733,2016-06-14,2,0,3,0,1,6
734,2016-06-15,2,0,4,0,1,5
735,2016-06-16,3,0,3,0,1,6
736,2016-06-17,1,1,1,0,0,0
737,2016-06-18,3,0,0,0,0,2
738,2016-06-21,6,0,8,0,0,11
739,2016-06-22,1,1,1,0,0,3
740,2016-06-23,1,1,4,0,0,6
741,2016-06-24,3,1,0,0,1,4
742,2016-06-25,2,0,1,0,1,3
743,2016-06-26,0,0,0,0,7,5
744,2016-06-28,1,0,6,0,0,5
745,2016-06-29,3,3,4,0,0,7
746,2016-06-30,2,1,2,0,1,5
747,2016-07-01,4,0,6,0,1,8
748,2016-07-02,1,0,3,0,0,1
749,2016-07-03,0,0,1,0,0,1
750,2016-07-05,2,0,16,0,0,15
751,2016-07-06,0,1,10,0,0,10
752,2016-07-07,0,3,7,0,0,9
753,2016-07-08,2,1,4,0,9,13
754,2016-07-09,3,2,4,0,0,7
755,2016-07-11,0,0,2,0,0,2
756,2016-07-12,3,0,8,0,0,10
757,2016-07-13,3,0,3,0,0,6
758,2016-07-14,0,4,1,0,0,2
759,2016-07-15,2,1,1,0,0,2
760,2016-07-16,1,1,0,0,1,3
761,2016-07-17,0,0,1,0,2,2
762,2016-07-18,0,0,1,0,1,2
763,2016-07-19,1,5,6,0,0,10
764,2016-07-20,2,0,4,0,0,4
765,2016-07-21,2,0,2,0,0,4
766,2016-07-22,3,0,2,0,0,3
767,2016-07-23,8,1,1,0,0,8
768,2016-07-24,3,0,0,0,0,2
769,2016-07-26,0,0,4,0,1,4
770,2016-07-27,2,3,0,0,0,4
771,2016-07-28,3,0,1,0,0,4
772,2016-07-29,1,0,2,0,0,2
773,2016-07-30,2,0,0,0,1,3
774,2016-08-01,0,0,0,0,1,1
775,2016-08-02,2,3,9,0,0,8
776,2016-08-03,1,0,3,0,0,3
777,2016-08-04,1,6,2,0,0,7
778,2016-08-05,4,0,5,0,0,9
779,2016-08-06,3,0,1,0,0,3
780,2016-08-07,1,0,0,0,0,1
781,2016-08-09,1,0,4,0,0,4
782,2016-08-10,0,0,2,0,0,2
783,2016-08-11,2,2,4,0,0,6
784,2016-08-12,0,0,2,0,1,3
785,2016-08-13,2,0,2,0,0,3
786,2016-08-16,3,0,3,0,3,8
787,2016-08-17,1,0,2,0,0,2
788,2016-08-18,1,3,3,0,1,7
789,2016-08-19,3,1,2,0,1,6
790,2016-08-20,3,0,5,0,0,7
791,2016-08-23,4,0,2,0,1,5
792,2016-08-24,1,0,2,0,0,2
793,2016-08-25,1,3,1,0,0,4
794,2016-08-26,4,0,0,0,0,4
795,2016-08-27,1,0,3,0,0,4
796,2016-08-28,0,0,1,0,0,1
797,2016-08-30,0,5,5,0,0,7
798,2016-08-31,2,0,2,0,0,2
799,2016-09-01,4,0,2,0,0,5
800,2016-09-02,2,0,3,0,0,4
801,2016-09-03,4,1,3,0,0,7
802,2016-09-06,0,0,3,0,0,3
803,2016-09-07,0,0,4,0,1,4
804,2016-09-08,0,1,7,0,0,6
805,2016-09-09,2,0,9,0,1,10
806,2016-09-10,3,0,3,0,1,4
807,2016-09-11,0,0,2,0,0,2
808,2016-09-13,4,0,5,0,1,7
809,2016-09-15,1,1,4,0,0,3
810,2016-09-16,1,0,3,0,0,2
811,2016-09-17,5,1,3,0,0,6
812,2016-09-18,1,0,0,0,0,0
813,2016-09-20,3,0,4,0,0,4
814,2016-09-21,0,3,3,0,4,8
815,2016-09-22,7,4,2,0,1,7
816,2016-09-23,1,0,8,0,1,6
817,2016-09-24,3,2,1,0,0,5
818,2016-09-27,1,0,11,0,0,6
819,2016-09-28,0,0,4,0,0,4
820,2016-09-29,1,1,1,0,1,4
821,2016-09-30,1,0,1,0,0,2
822,2016-10-01,3,0,3,0,0,4
823,2016-10-04,2,1,2,0,0,4
824,2016-10-05,3,0,9,0,0,12
825,2016-10-06,1,0,5,0,0,4
826,2016-10-07,1,1,3,0,0,4
827,2016-10-08,1,1,4,0,0,6
828,2016-10-11,1,0,6,0,0,6
829,2016-10-12,2,3,0,0,0,4
830,2016-10-13,1,0,1,0,0,2
831,2016-10-14,1,0,4,0,0,5
832,2016-10-15,2,0,1,0,0,3
833,2016-10-16,3,0,0,0,0,3
834,2016-10-18,1,0,7,0,0,4
835,2016-10-19,1,0,2,0,0,2
836,2016-10-20,0,0,5,0,0,4
837,2016-10-21,0,0,3,0,0,2
838,2016-10-22,4,1,4,0,0,5
839,2016-10-24,0,0,1,0,0,1
840,2016-10-25,0,0,5,0,0,4
841,2016-10-26,1,3,3,0,0,3
842,2016-10-27,3,0,4,0,1,8
843,2016-10-28,1,0,2,0,0,3
844,2016-10-29,1,0,4,0,0,4
845,2016-11-01,4,0,6,0,0,7
846,2016-11-02,5,1,3,0,0,7
847,2016-11-03,2,0,1,0,0,3
848,2016-11-04,0,1,4,0,2,7
849,2016-11-05,4,1,7,0,0,8
850,2016-11-08,0,0,5,0,0,5
851,2016-11-09,1,3,7,0,0,6
852,2016-11-10,3,1,2,0,1,6
853,2016-11-12,5,0,2,0,0,6
854,2016-11-15,3,0,2,0,1,5
855,2016-11-16,1,0,6,0,3,8
856,2016-11-17,3,3,7,0,0,11
857,2016-11-18,1,0,3,0,1,3
858,2016-11-19,5,1,1,0,1,2
859,2016-11-22,1,0,6,0,0,6
860,2016-11-23,4,1,3,0,0,5
861,2016-11-25,0,0,1,0,0,1
862,2016-11-26,7,1,4,0,1,8
863,2016-11-28,0,0,1,0,0,1
864,2016-11-29,3,1,3,0,0,5
865,2016-11-30,2,2,3,1,0,7
866,2016-12-01,4,0,1,0,1,3
867,2016-12-02,1,1,1,0,0,2
868,2016-12-03,2,0,6,0,0,7
869,2016-12-05,0,1,1,0,1,2
870,2016-12-06,1,0,3,0,0,1
871,2016-12-07,2,0,4,0,0,6
872,2016-12-08,0,0,4,0,0,4
873,2016-12-09,2,0,4,0,0,6
874,2016-12-10,0,0,3,0,0,3
875,2016-12-11,0,0,1,0,0,1
876,2016-12-13,5,1,6,0,0,11
877,2016-12-14,0,0,1,0,0,0
878,2016-12-15,1,2,4,0,0,7
879,2016-12-16,2,3,5,0,0,8
880,2016-12-17,2,0,5,0,2,7
881,2016-12-18,0,0,0,0,1,1
882,2016-12-19,0,0,2,0,3,4
883,2016-12-20,1,3,7,0,0,9
884,2016-12-21,2,0,4,0,0,5
885,2016-12-22,0,0,2,0,0,1
886,2016-12-23,5,0,2,0,0,7
887,2016-12-24,0,0,0,0,1,1
888,2016-12-27,2,0,4,0,0,4
889,2016-12-28,3,0,3,0,1,6
890,2016-12-29,3,5,1,0,1,8
891,2016-12-30,0,2,2,0,0,4
892,2016-12-31,4,1,1,0,0,4
893,2017-01-03,6,0,7,0,0,12
894,2017-01-04,4,2,2,0,0,8
895,2017-01-05,1,0,2,0,0,3
896,2017-01-06,5,0,5,0,0,8
897,2017-01-07,1,1,3,0,0,5
898,2017-01-10,1,2,5,0,0,6
899,2017-01-11,5,1,3,0,0,7
900,2017-01-12,3,1,2,0,1,7
901,2017-01-13,3,0,2,0,0,3
902,2017-01-14,0,0,7,0,1,8
903,2017-01-17,3,2,5,0,0,8
904,2017-01-18,1,3,1,0,0,3
905,2017-01-19,2,0,1,0,0,3
906,2017-01-20,1,0,5,0,0,4
907,2017-01-21,10,0,3,0,0,6
908,2017-01-23,0,1,0,0,0,1
909,2017-01-24,0,0,7,1,0,8
910,2017-01-25,0,8,5,0,0,8
911,2017-01-26,2,0,2,0,0,3
912,2017-01-27,1,0,4,0,0,5
913,2017-01-28,1,0,4,0,0,5
914,2017-01-31,0,0,6,0,0,6
915,2017-02-02,1,0,2,0,0,3
916,2017-02-03,3,1,6,0,0,8
917,2017-02-04,0,1,2,0,0,3
918,2017-02-05,0,0,2,0,0,2
919,2017-02-07,1,1,6,0,0,7
920,2017-02-08,1,0,2,0,0,2
921,2017-02-09,1,3,1,0,2,5
922,2017-02-10,3,1,4,0,2,9
923,2017-02-11,2,0,4,0,4,9
924,2017-02-14,2,0,4,0,1,7
925,2017-02-15,3,0,4,0,1,6
926,2017-02-16,2,2,1,0,0,4
927,2017-02-17,2,0,5,0,0,7
928,2017-02-18,3,0,3,0,3,8
929,2017-02-21,1,0,2,0,0,3
930,2017-02-22,0,0,4,0,0,4
931,2017-02-23,1,6,0,0,0,4
932,2017-02-24,3,0,2,0,0,4
933,2017-02-25,1,0,1,0,0,1
934,2017-02-26,0,0,1,0,0,1
935,2017-02-28,2,2,7,0,0,11
936,2017-03-01,4,2,0,0,0,5
937,2017-03-02,2,0,4,0,0,5
938,2017-03-03,1,2,2,0,3,3
939,2017-03-04,2,1,1,0,0,4
940,2017-03-07,1,0,4,0,1,6
941,2017-03-08,5,3,4,0,4,14
942,2017-03-09,4,0,1,0,1,6
943,2017-03-10,1,1,5,0,0,7
944,2017-03-11,1,3,4,0,0,6
945,2017-03-14,1,1,3,0,0,4
946,2017-03-15,5,1,2,0,0,4
947,2017-03-16,0,1,3,0,0,3
948,2017-03-17,3,0,2,0,1,5
949,2017-03-18,6,1,0,0,1,7
950,2017-03-21,0,0,3,0,0,2
951,2017-03-22,1,0,5,0,0,4
952,2017-03-23,0,1,1,0,0,1
953,2017-03-24,0,0,1,0,1,2
954,2017-03-25,4,0,1,0,0,4
955,2017-03-27,0,0,1,0,0,1
956,2017-03-28,1,0,7,0,0,6
957,2017-03-29,2,2,2,0,0,3
958,2017-03-30,2,1,0,0,1,2
959,2017-03-31,4,2,4,0,1,8
960,2017-04-01,2,2,2,0,0,2
961,2017-04-02,0,0,1,0,0,1
962,2017-04-03,0,1,0,0,0,0
963,2017-04-04,1,0,3,0,0,1
964,2017-04-05,3,0,3,0,2,7
965,2017-04-06,0,2,1,0,0,3
966,2017-04-07,1,4,3,0,1,8
967,2017-04-08,4,0,1,0,0,2
968,2017-04-09,0,0,1,0,0,1
969,2017-04-11,3,0,3,0,0,4
970,2017-04-12,0,0,4,0,0,3
971,2017-04-13,1,0,4,0,0,5
972,2017-04-14,4,1,3,0,0,3
973,2017-04-15,1,0,1,0,0,1
974,2017-04-17,0,0,2,0,0,2
975,2017-04-18,1,1,6,0,0,6
976,2017-04-19,1,0,4,0,0,4
977,2017-04-20,0,0,2,0,0,0
978,2017-04-21,3,3,2,0,0,5
979,2017-04-22,1,0,3,0,1,2
980,2017-04-24,0,0,1,0,0,1
981,2017-04-25,1,0,4,0,0,1
982,2017-04-26,2,1,1,0,2,3
983,2017-04-27,1,0,3,0,0,4
984,2017-04-28,4,0,7,0,4,10
985,2017-04-29,0,0,4,0,0,3
986,2017-05-01,0,0,1,0,0,1
987,2017-05-02,4,1,8,0,0,8
988,2017-05-03,3,4,5,0,2,11
989,2017-05-04,1,0,3,0,0,2
990,2017-05-05,1,1,4,0,0,3
991,2017-05-06,3,1,4,0,0,5
992,2017-05-09,3,0,2,0,0,3
993,2017-05-10,2,1,7,0,0,3
994,2017-05-11,2,0,3,0,0,4
995,2017-05-12,1,0,4,0,0,3
996,2017-05-13,2,1,1,0,0,2
997,2017-05-16,0,0,4,0,0,4
998,2017-05-17,1,0,4,0,4,9
999,2017-05-18,2,1,0,0,1,1
1000,2017-05-19,0,1,0,0,0,1
1001,2017-05-20,1,0,5,0,0,4
1002,2017-05-22,0,0,1,0,0,1
1003,2017-05-23,0,0,6,0,0,4
1004,2017-05-24,1,1,5,0,0,4
1005,2017-05-25,3,2,6,0,0,8
1006,2017-05-26,2,1,2,0,0,4
1007,2017-05-27,3,0,2,0,0,4
1008,2017-05-28,0,0,0,1,0,1
1009,2017-05-30,3,2,2,0,0,5
1010,2017-05-31,2,1,3,0,0,5
1011,2017-06-01,0,0,4,0,0,4
1012,2017-06-02,1,0,2,0,0,3
1013,2017-06-03,4,0,4,0,0,4
1014,2017-06-06,4,0,4,0,0,7
1015,2017-06-07,1,4,0,0,0,3
1016,2017-06-08,2,0,1,0,0,2
1017,2017-06-09,3,3,4,0,0,7
1018,2017-06-10,0,1,1,0,1,3
1019,2017-06-13,2,1,6,0,0,8
1020,2017-06-14,3,0,1,0,0,4
1021,2017-06-15,1,0,4,0,2,3
1022,2017-06-16,3,0,5,0,0,6
1023,2017-06-17,2,1,8,0,0,6
1024,2017-06-20,5,0,6,0,0,9
1025,2017-06-21,3,0,5,0,0,6
1026,2017-06-22,1,0,5,0,3,3
1027,2017-06-23,2,3,6,0,0,9
1028,2017-06-24,0,0,7,0,0,7
1029,2017-06-27,1,0,1,0,1,2
1030,2017-06-28,1,0,5,0,0,5
1031,2017-06-29,2,0,4,0,1,5
1032,2017-06-30,2,2,5,0,3,8
1033,2017-07-01,3,3,1,0,1,4
1034,2017-07-05,6,0,8,0,0,12
1035,2017-07-06,1,1,11,0,4,15
1036,2017-07-07,3,1,2,0,1,7
1037,2017-07-08,3,0,1,0,2,6
1038,2017-07-09,0,0,1,0,0,1
1039,2017-07-11,2,0,4,0,0,4
1040,2017-07-12,2,0,4,0,1,4
1041,2017-07-13,4,0,1,0,0,2
1042,2017-07-14,4,4,3,0,0,8
1043,2017-07-15,4,0,2,0,0,5
1044,2017-07-18,2,0,5,0,0,7
1045,2017-07-19,1,0,3,0,0,4
1046,2017-07-20,1,3,1,0,0,4
1047,2017-07-21,2,1,1,0,7,5
1048,2017-07-22,1,0,3,0,6,6
1049,2017-07-24,0,1,1,0,0,2
1050,2017-07-25,1,0,5,0,1,4
1051,2017-07-26,3,2,3,0,0,7
1052,2017-07-27,1,3,1,0,0,5
1053,2017-07-28,3,0,1,0,0,4
1054,2017-07-29,1,2,2,0,1,4
1055,2017-07-31,0,0,0,0,1,0
1056,2017-08-01,2,0,3,0,0,3
1057,2017-08-02,1,4,6,0,0,8
1058,2017-08-03,3,4,4,0,0,11
1059,2017-08-04,2,0,6,0,3,10
1060,2017-08-05,5,0,9,0,0,11
1061,2017-08-06,1,0,0,0,0,1
1062,2017-08-08,2,1,7,0,0,8
1063,2017-08-09,3,0,1,0,1,5
1064,2017-08-10,3,2,5,0,1,9
1065,2017-08-11,1,0,1,0,7,7
1066,2017-08-12,2,0,3,0,0,5
1067,2017-08-14,0,0,1,0,0,1
1068,2017-08-15,4,0,8,0,0,11
1069,2017-08-16,1,0,9,0,0,7
1070,2017-08-17,2,0,3,1,0,5
1071,2017-08-18,3,1,7,1,2,11
1072,2017-08-19,6,0,3,0,0,7
1073,2017-08-20,0,0,2,0,0,2
1074,2017-08-22,1,0,5,0,0,6
1075,2017-08-23,2,0,4,0,0,5
1076,2017-08-24,0,1,3,0,1,5
1077,2017-08-25,1,1,5,0,0,3
1078,2017-08-26,2,0,3,0,0,2
1079,2017-08-28,0,1,1,0,0,1
1080,2017-08-29,0,1,5,0,0,6
1081,2017-08-30,2,0,2,0,0,4
1082,2017-08-31,2,1,1,0,1,3
1083,2017-09-02,1,2,2,0,5,6
1084,2017-09-05,0,0,7,0,1,4
1085,2017-09-06,1,3,2,0,0,3
1086,2017-09-07,2,1,6,0,0,3
1087,2017-09-08,2,1,2,0,0,4
1088,2017-09-09,1,1,0,0,0,1
1089,2017-09-11,0,1,1,0,0,2
1090,2017-09-12,0,0,7,0,0,6
1091,2017-09-13,2,3,3,0,0,5
1092,2017-09-14,1,0,3,0,0,4
1093,2017-09-15,0,1,2,0,0,3
1094,2017-09-16,6,0,2,0,0,6
1095,2017-09-19,2,0,5,0,1,7
1096,2017-09-20,1,0,3,0,0,4
1097,2017-09-21,0,2,0,0,0,2
1098,2017-09-22,3,1,5,0,4,10
1099,2017-09-23,0,1,1,0,2,3
1100,2017-09-26,0,1,5,0,10,13
1101,2017-09-27,0,1,1,0,2,3
1102,2017-09-28,0,1,2,0,1,3
1103,2017-09-29,1,0,3,0,6,7
1104,2017-09-30,2,0,5,0,0,5
1105,2017-10-03,0,0,6,0,0,5
1106,2017-10-04,1,2,1,0,1,3
1107,2017-10-05,1,0,2,0,0,3
1108,2017-10-06,2,0,3,0,0,5
1109,2017-10-07,2,1,1,0,1,4
1110,2017-10-08,0,0,1,0,0,1
1111,2017-10-10,0,0,6,0,0,5
1112,2017-10-11,0,0,3,0,17,19
1113,2017-10-12,0,1,4,0,7,11
1114,2017-10-13,0,0,2,0,9,11
1115,2017-10-14,0,0,2,0,0,1
1116,2017-10-15,0,0,3,0,0,2
1117,2017-10-16,0,0,2,0,0,2
1118,2017-10-17,0,1,2,0,0,3
1119,2017-10-18,0,0,5,0,0,5
1120,2017-10-19,0,0,5,0,0,5
1121,2017-10-20,0,0,3,0,0,3
1122,2017-10-21,0,0,5,0,0,4
1123,2017-10-22,0,0,1,0,0,1
1124,2017-10-23,0,0,3,0,0,2
1125,2017-10-24,0,0,3,0,0,2
1126,2017-10-25,0,0,5,0,1,5
1127,2017-10-26,0,0,2,0,1,3
1128,2017-10-27,0,0,4,0,0,3
1129,2017-10-28,0,0,4,0,0,3
1130,2017-10-29,0,0,1,0,0,1
1131,2017-10-31,0,0,4,0,0,4
1132,2017-11-01,0,0,4,0,0,4
1133,2017-11-02,0,1,6,0,0,6
1134,2017-11-03,0,0,3,0,0,2
1135,2017-11-04,0,1,2,0,0,3
1136,2017-11-09,1,0,0,0,0,1
1137,2017-11-11,0,0,2,0,0,2
1138,2017-11-12,0,0,0,1,0,1
1139,2017-11-14,0,0,4,0,0,0
1140,2017-11-16,1,0,4,0,0,5
1141,2017-11-17,8,1,1,0,0,9
1142,2017-11-18,3,0,5,0,0,5
1143,2017-11-20,0,0,0,1,0,0
1144,2017-11-21,2,1,6,0,0,8
1145,2017-11-22,3,1,4,0,4,11
1146,2017-11-25,6,0,5,0,0,5
1147,2017-11-26,0,1,0,0,0,0
1148,2017-11-27,0,0,0,0,1,1
1149,2017-11-28,1,1,7,0,3,10
1150,2017-11-29,7,2,2,0,0,7
1151,2017-11-30,2,0,3,0,0,5
1152,2017-12-01,3,2,0,0,11,10
1153,2017-12-02,3,0,3,0,0,4
1154,2017-12-04,0,0,2,0,0,2
1155,2017-12-05,0,0,6,0,0,5
1156,2017-12-06,1,0,0,0,0,1
1157,2017-12-07,0,1,0,0,0,1
1158,2017-12-08,0,1,2,0,0,3
1159,2017-12-09,2,1,1,0,0,4
1160,2017-12-11,0,0,0,0,6,6
1161,2017-12-12,1,1,4,0,8,12
1162,2017-12-13,1,1,2,0,2,5
1163,2017-12-14,0,0,6,0,0,5
1164,2017-12-15,1,2,3,0,0,4
1165,2017-12-16,0,1,1,0,1,2
1166,2017-12-18,0,0,0,0,2,1
1167,2017-12-19,2,3,4,0,1,9
1168,2017-12-20,3,2,3,0,0,6
1169,2017-12-21,0,0,1,0,0,0
1170,2017-12-22,0,1,2,0,1,4
1171,2017-12-23,2,1,1,0,0,3
1172,2017-12-26,2,0,3,1,0,5
1173,2017-12-27,2,1,3,0,1,6
1174,2017-12-28,0,0,1,0,1,2
1175,2017-12-29,2,2,3,0,0,4
1176,2017-12-30,3,0,2,0,1,6
1177,2018-01-02,0,0,10,0,0,10
1178,2018-01-03,1,0,1,0,0,2
1179,2018-01-04,3,0,4,0,0,6
1180,2018-01-05,0,1,3,0,0,3
1181,2018-01-07,0,0,1,0,0,1
1182,2018-01-09,0,1,4,0,1,4
1183,2018-01-10,4,1,3,0,0,7
1184,2018-01-11,1,1,5,0,0,6
1185,2018-01-12,1,0,3,0,0,2
1186,2018-01-13,2,2,3,0,0,6
1187,2018-01-14,0,0,1,0,0,1
1188,2018-01-16,3,0,3,0,0,6
1189,2018-01-17,1,0,1,0,1,3
1190,2018-01-18,1,4,4,0,3,9
1191,2018-01-19,1,2,0,0,1,3
1192,2018-01-20,2,0,2,0,1,5
1193,2018-01-21,0,0,1,0,0,1
1194,2018-01-23,4,1,3,0,0,8
1195,2018-01-24,2,2,3,0,0,5
1196,2018-01-25,2,3,2,0,0,3
1197,2018-01-26,0,0,5,0,1,6
1198,2018-01-27,1,0,1,0,0,2
1199,2018-01-29,0,0,1,0,0,0
1200,2018-01-30,1,0,5,0,0,6
1201,2018-01-31,0,1,3,1,0,4
1202,2018-02-01,0,2,4,0,1,4
1203,2018-02-02,0,1,2,0,1,3
1204,2018-02-03,0,1,2,0,0,3
1205,2018-02-06,1,1,10,0,0,10
1206,2018-02-07,2,0,3,0,0,5
1207,2018-02-08,1,2,4,0,0,6
1208,2018-02-09,0,1,0,0,0,1
1209,2018-02-10,4,1,5,0,0,9
1210,2018-02-11,0,0,2,0,0,2
1211,2018-02-13,2,1,2,0,0,5
1212,2018-02-14,0,3,0,0,0,1
1213,2018-02-15,2,0,3,0,0,5
1214,2018-02-16,4,2,1,0,4,10
1215,2018-02-17,2,0,2,0,0,4
1216,2018-02-20,0,0,3,1,7,8
1217,2018-02-21,3,0,3,0,1,6
1218,2018-02-22,2,3,1,0,0,5
1219,2018-02-23,1,1,1,0,0,2
1220,2018-02-24,5,1,1,0,0,6
1221,2018-02-27,2,0,2,0,1,4
1222,2018-02-28,0,1,5,0,2,8
1223,2018-03-01,1,0,5,0,13,8
1224,2018-03-02,3,2,1,0,1,4
1225,2018-03-03,0,3,2,0,1,4
1226,2018-03-06,0,0,5,0,0,4
1227,2018-03-07,2,1,3,0,1,5
1228,2018-03-08,0,0,1,0,1,1
1229,2018-03-09,1,1,2,0,0,4
1230,2018-03-10,0,4,4,0,0,6
1231,2018-03-13,1,0,4,0,0,5
1232,2018-03-14,0,1,2,0,1,4
1233,2018-03-15,1,0,1,0,2,2
1234,2018-03-16,1,2,2,0,1,5
1235,2018-03-17,1,2,2,0,0,3
1236,2018-03-18,0,0,1,0,0,1
1237,2018-03-19,0,0,1,2,0,3
1238,2018-03-20,0,1,2,0,11,14
1239,2018-03-21,1,1,4,0,0,4
1240,2018-03-22,1,0,2,0,0,1
1241,2018-03-23,2,0,1,0,1,2
1242,2018-03-24,0,0,3,0,0,1
1243,2018-03-25,0,0,1,0,0,1
1244,2018-03-27,3,0,4,0,0,5
1245,2018-03-28,2,0,2,0,1,4
1246,2018-03-29,1,0,2,0,0,2
1247,2018-03-30,0,3,0,0,0,1
1248,2018-03-31,2,0,3,0,0,5
1249,2018-04-01,0,0,0,0,1,1
1250,2018-04-03,3,0,4,0,0,6
1251,2018-04-04,1,0,6,0,0,7
1252,2018-04-05,2,0,1,0,0,2
1253,2018-04-06,2,2,1,0,8,9
1254,2018-04-07,0,0,5,0,0,4
1255,2018-04-10,1,0,4,0,1,3
1256,2018-04-11,0,0,5,0,1,4
1257,2018-04-12,1,3,3,0,0,5
1258,2018-04-13,1,0,7,0,0,5
1259,2018-04-14,4,1,1,0,0,3
1260,2018-04-17,5,1,3,0,0,6
1261,2018-04-18,1,0,5,0,0,6
1262,2018-04-19,0,0,3,0,0,2
1263,2018-04-20,0,0,3,0,2,4
1264,2018-04-21,2,0,2,0,0,2
1265,2018-04-23,0,0,1,0,0,1
1266,2018-04-24,1,1,4,0,0,4
1267,2018-04-25,3,0,2,0,0,3
1268,2018-04-26,0,3,2,0,0,3
1269,2018-04-27,0,0,4,0,1,2
1270,2018-04-28,6,0,7,0,1,7
1271,2018-05-01,2,0,1,0,0,3
1272,2018-05-02,1,0,5,0,0,5
1273,2018-05-03,0,1,3,0,1,5
1274,2018-05-04,1,0,4,0,1,4
1275,2018-05-05,6,1,2,0,0,6
1276,2018-05-08,1,1,2,0,0,2
1277,2018-05-09,0,1,2,0,1,3
1278,2018-05-10,0,2,4,0,0,2
1279,2018-05-11,0,2,4,0,8,8
1280,2018-05-12,1,4,2,0,0,4
1281,2018-05-15,0,0,6,0,0,3
1282,2018-05-16,0,0,1,0,0,0
1283,2018-05-17,1,0,4,0,0,4
1284,2018-05-18,2,4,3,0,0,7
1285,2018-05-19,5,2,3,0,6,10
1286,2018-05-20,0,0,1,0,0,1
1287,2018-05-22,1,0,8,0,0,8
1288,2018-05-23,0,1,4,0,0,4
1289,2018-05-24,1,2,3,0,0,6
1290,2018-05-25,0,0,4,0,0,3
1291,2018-05-26,4,2,4,0,0,8
1292,2018-05-29,2,0,3,0,0,4
1293,2018-05-30,0,0,1,0,0,0
1294,2018-05-31,1,0,2,0,8,9
1295,2018-06-01,1,0,4,0,1,5
1296,2018-06-02,0,2,1,0,0,2
1297,2018-06-04,0,0,2,0,0,2
1298,2018-06-05,1,0,1,0,1,2
1299,2018-06-06,0,1,1,0,0,2
1300,2018-06-07,3,0,1,0,0,4
1301,2018-06-08,3,1,1,0,0,3
1302,2018-06-09,2,0,0,0,0,1
1303,2018-06-12,1,0,6,0,1,7
1304,2018-06-13,3,0,7,0,0,7
1305,2018-06-15,3,0,5,1,3,11
1306,2018-06-16,4,0,2,0,3,5
1307,2018-06-19,1,2,2,0,0,5
1308,2018-06-20,3,0,1,0,0,4
1309,2018-06-22,0,1,2,0,0,3
1310,2018-06-23,1,2,2,0,0,3
1311,2018-06-24,0,0,0,0,1,1
1312,2018-06-25,0,0,0,0,3,1
1313,2018-06-26,4,0,2,0,0,6
1314,2018-06-27,3,2,0,0,1,4
1315,2018-06-28,0,1,7,0,0,4
1316,2018-06-29,0,1,3,0,1,5
1317,2018-06-30,0,0,4,0,0,2
1318,2018-07-01,0,0,0,0,1,1
1319,2018-07-03,1,0,4,0,0,4
1320,2018-07-05,2,0,6,0,1,8
1321,2018-07-06,3,0,3,0,0,3
1322,2018-07-07,3,1,6,0,0,7
1323,2018-07-10,2,0,14,0,1,10
1324,2018-07-11,1,0,3,0,0,4
1325,2018-07-12,1,0,0,0,8,7
1326,2018-07-13,0,0,5,0,1,5
1327,2018-07-14,2,0,1,0,1,3
1328,2018-07-15,0,0,1,0,0,0
1329,2018-07-17,1,0,6,0,0,6
1330,2018-07-18,0,0,1,0,0,0
1331,2018-07-19,1,3,1,0,0,5
1332,2018-07-20,1,1,0,0,1,2
1333,2018-07-21,4,1,4,0,0,8
1334,2018-07-23,0,0,2,0,0,2
1335,2018-07-24,1,2,4,0,1,8
1336,2018-07-25,2,1,3,0,3,7
1337,2018-07-27,0,0,1,0,0,0
1338,2018-07-28,2,0,4,0,0,2
1339,2018-07-30,0,0,1,0,1,0
1340,2018-07-31,1,0,5,0,0,4
1341,2018-08-01,1,0,3,0,1,3
1342,2018-08-02,1,0,2,0,0,3
1343,2018-08-03,0,0,1,0,0,1
1344,2018-08-04,1,1,1,0,0,3
1345,2018-08-07,0,0,7,0,0,4
1346,2018-08-08,0,2,4,0,0,3
1347,2018-08-09,1,0,3,0,14,13
1348,2018-08-10,2,3,1,0,0,0
1349,2018-08-11,1,0,1,1,0,1
1350,2018-08-13,0,0,1,0,0,1
1351,2018-08-14,2,1,4,0,0,6
1352,2018-08-15,0,2,1,0,0,3
1353,2018-08-16,1,2,6,0,1,4
1354,2018-08-17,1,3,1,0,0,4
1355,2018-08-18,4,0,2,0,0,5
1356,2018-08-21,3,0,2,0,0,5
1357,2018-08-22,1,0,3,0,0,1
1358,2018-08-23,1,1,7,0,0,8
1359,2018-08-24,3,1,2,0,0,4
1360,2018-08-25,3,1,2,0,0,3
1361,2018-08-27,0,0,0,0,1,0
1362,2018-08-28,1,0,6,0,1,5
1363,2018-08-29,0,0,1,0,0,1
1364,2018-08-30,1,2,2,0,0,3
1365,2018-08-31,1,0,4,0,2,5
1366,2018-09-01,4,0,1,0,1,4
1367,2018-09-02,0,0,1,0,0,1
1368,2018-09-04,3,0,3,0,2,3
1369,2018-09-05,0,2,0,0,0,1
1370,2018-09-06,0,0,3,0,0,1
1371,2018-09-07,1,0,3,0,0,4
1372,2018-09-08,1,1,2,0,1,4
1373,2018-09-10,0,1,0,0,0,0
1374,2018-09-11,0,0,5,0,12,15
1375,2018-09-12,0,3,2,0,0,4
1376,2018-09-13,0,0,2,0,0,1
1377,2018-09-14,0,0,1,0,0,0
1378,2018-09-15,2,0,3,0,1,5
1379,2018-09-17,0,0,0,0,1,1
1380,2018-09-18,1,0,5,0,1,6
1381,2018-09-19,0,0,3,0,0,3
1382,2018-09-20,0,0,0,0,1,1
1383,2018-09-21,4,1,7,0,15,23
1384,2018-09-22,0,0,1,0,1,2
1385,2018-09-24,0,0,1,0,0,1
1386,2018-09-25,1,0,3,0,0,3
1387,2018-09-26,0,2,4,0,3,8
1388,2018-09-27,2,0,4,0,0,6
1389,2018-09-28,1,0,2,0,0,1
1390,2018-09-29,3,0,1,0,0,4
1391,2018-09-30,0,0,1,0,2,1
1392,2018-10-02,0,1,11,0,0,12
1393,2018-10-03,0,0,2,0,0,2
1394,2018-10-04,0,4,1,0,9,10
1395,2018-10-05,2,0,2,0,1,3
1396,2018-10-06,1,0,4,0,1,4
1397,2018-10-07,0,0,1,0,0,1
1398,2018-10-08,0,0,1,0,0,0
1399,2018-10-09,1,0,2,0,0,3
1400,2018-10-10,0,2,1,0,1,4
1401,2018-10-11,1,1,5,0,4,8
1402,2018-10-12,3,0,2,0,4,8
1403,2018-10-13,2,0,2,0,0,3
1404,2018-10-14,0,0,1,0,0,1
1405,2018-10-16,0,0,5,0,0,5
1406,2018-10-17,0,0,5,0,0,4
1407,2018-10-18,0,3,1,0,0,3
1408,2018-10-19,0,0,5,0,0,3
1409,2018-10-20,1,0,3,0,0,2
1410,2018-10-21,0,0,1,0,0,1
1411,2018-10-22,0,0,0,0,9,9
1412,2018-10-23,0,2,10,0,1,12
1413,2018-10-24,0,2,3,0,0,3
1414,2018-10-25,0,0,1,0,0,1
1415,2018-10-26,0,0,3,0,0,3
1416,2018-10-27,1,1,3,0,13,16
1417,2018-10-30,1,1,5,0,1,4
1418,2018-10-31,2,0,2,0,0,3
1419,2018-11-01,0,0,1,1,0,1
1420,2018-11-02,1,3,1,0,0,4
1421,2018-11-03,0,0,2,0,0,2
1422,2018-11-04,0,0,0,0,2,2
1423,2018-11-06,0,0,3,0,1,2
1424,2018-11-07,0,0,5,0,5,7
1425,2018-11-08,0,2,3,0,0,3
1426,2018-11-09,1,0,6,0,0,5
1427,2018-11-10,1,0,2,0,0,2
1428,2018-11-13,0,0,6,0,0,6
1429,2018-11-14,0,0,2,0,0,2
1430,2018-11-15,0,1,2,0,1,2
1431,2018-11-16,2,0,7,0,1,10
1432,2018-11-17,1,0,3,0,0,2
1433,2018-11-19,0,0,2,0,0,2
1434,2018-11-20,1,0,5,0,0,6
1435,2018-11-21,2,0,4,0,1,6
1436,2018-11-24,2,0,4,0,3,5
1437,2018-11-26,0,0,2,0,0,2
1438,2018-11-27,1,0,3,0,0,3
1439,2018-11-28,2,0,1,0,0,2
1440,2018-11-29,5,1,3,0,0,7
1441,2018-11-30,4,3,3,0,2,11
1442,2018-12-01,5,0,6,0,1,10
1443,2018-12-02,0,0,1,0,0,1
1444,2018-12-04,0,2,2,0,3,7
1445,2018-12-05,1,1,5,0,12,17
1446,2018-12-06,0,0,5,0,0,4
1447,2018-12-07,0,2,4,0,0,6
1448,2018-12-08,3,0,2,0,0,4
1449,2018-12-11,3,0,3,0,0,4
1450,2018-12-12,1,0,3,0,0,3
1451,2018-12-13,0,0,1,0,0,1
1452,2018-12-14,2,0,3,0,0,5
1453,2018-12-15,2,0,1,0,0,3
1454,2018-12-17,0,1,1,0,3,2
1455,2018-12-18,1,0,1,0,1,2
1456,2018-12-19,0,0,3,0,1,3
1457,2018-12-20,0,0,1,0,0,0
1458,2018-12-21,0,0,5,0,0,3
1459,2018-12-22,1,1,0,0,0,2
1460,2018-12-26,1,0,3,0,0,4
1461,2018-12-27,0,0,1,0,1,2
1462,2018-12-28,4,2,3,0,0,5
1463,2018-12-29,3,0,6,1,0,8
1464,2018-12-30,0,0,1,0,0,1
1465,2019-01-02,5,0,9,0,2,12
1466,2019-01-03,2,0,3,0,8,9
1467,2019-01-04,1,0,3,0,6,7
1468,2019-01-05,0,2,6,0,7,10
1469,2019-01-07,0,0,1,0,0,1
1470,2019-01-08,1,0,4,0,1,5
1471,2019-01-09,1,0,1,0,1,3
1472,2019-01-10,3,0,1,0,7,9
1473,2019-01-11,1,0,3,0,1,3
1474,2019-01-12,3,0,6,0,0,9
1475,2019-01-13,0,0,1,0,0,1
1476,2019-01-14,0,0,2,0,0,2
1477,2019-01-15,4,0,3,0,1,6
1478,2019-01-16,0,2,3,0,0,2
1479,2019-01-17,1,0,1,0,4,6
1480,2019-01-18,0,0,1,0,0,1
1481,2019-01-19,2,0,5,0,0,6
1482,2019-01-20,0,0,1,0,0,1
1483,2019-01-22,0,0,3,0,4,2
1484,2019-01-23,2,0,4,0,4,8
1485,2019-01-24,2,0,1,0,3,6
1486,2019-01-25,0,1,2,0,2,3
1487,2019-01-26,1,0,4,0,0,4
1488,2019-01-27,0,0,1,0,0,1
1489,2019-01-28,0,0,1,0,0,1
1490,2019-01-29,1,0,6,0,2,6
1491,2019-01-30,0,0,2,0,1,3
1492,2019-01-31,2,2,1,0,1,6
1493,2019-02-01,1,0,1,0,0,2
1494,2019-02-02,2,0,2,0,0,3
1495,2019-02-04,0,0,0,0,15,12
1496,2019-02-05,1,0,4,0,0,4
1497,2019-02-06,0,0,4,0,0,3
1498,2019-02-07,1,0,5,0,1,2
1499,2019-02-08,1,0,0,0,0,1
1500,2019-02-09,0,1,4,0,0,3
1501,2019-02-11,0,1,0,0,0,1
1502,2019-02-13,0,0,4,0,0,2
1503,2019-02-14,2,0,0,0,1,1
1504,2019-02-15,0,2,4,0,0,5
1505,2019-02-16,1,0,10,0,0,8
1506,2019-02-19,1,0,6,1,0,3
1507,2019-02-20,1,0,0,0,0,0
1508,2019-02-21,0,0,2,0,1,2
1509,2019-02-22,0,1,6,0,0,6
1510,2019-02-23,2,1,0,0,1,4
1511,2019-02-26,0,0,2,0,0,1
1512,2019-02-27,0,0,0,0,1,1
1513,2019-02-28,1,1,0,0,3,5
1514,2019-03-01,2,2,6,0,0,9
1515,2019-03-02,1,1,3,0,1,4
1516,2019-03-04,0,0,0,0,13,11
1517,2019-03-05,1,0,7,0,1,7
1518,2019-03-06,1,0,4,0,0,5
1519,2019-03-07,2,0,0,0,0,2
1520,2019-03-08,1,1,6,0,0,5
1521,2019-03-09,4,0,6,0,1,8
1522,2019-03-11,0,0,1,0,1,2
1523,2019-03-12,1,0,5,0,0,5
1524,2019-03-13,1,3,2,1,0,6
1525,2019-03-14,1,0,6,0,6,9
1526,2019-03-15,1,0,1,0,0,1
1527,2019-03-16,1,1,1,0,0,3
1528,2019-03-18,0,0,1,0,0,1
1529,2019-03-19,2,0,7,0,0,7
1530,2019-03-20,1,1,1,0,0,2
1531,2019-03-21,1,0,1,0,0,1
1532,2019-03-22,0,0,2,0,0,2
1533,2019-03-23,3,0,2,0,1,4
1534,2019-03-26,2,0,5,0,0,7
1535,2019-03-27,0,0,2,0,0,2
1536,2019-03-28,1,1,4,0,0,4
1537,2019-03-29,0,0,5,0,0,4
1538,2019-03-30,3,0,4,0,0,5
1539,2019-04-02,0,0,2,0,0,2
1540,2019-04-03,0,0,3,0,0,2
1541,2019-04-04,1,2,2,0,0,3
1542,2019-04-05,2,0,11,0,0,5
1543,2019-04-06,1,1,4,0,1,7
1544,2019-04-09,0,0,7,0,0,7
1545,2019-04-10,1,0,3,0,7,7
1546,2019-04-11,2,1,2,0,0,3
1547,2019-04-12,2,0,0,0,0,0
1548,2019-04-13,0,0,2,0,0,2
1549,2019-04-15,0,0,1,0,0,1
1550,2019-04-16,2,0,6,0,0,6
1551,2019-04-17,1,0,1,0,0,1
1552,2019-04-18,1,0,1,0,0,1
1553,2019-04-19,1,0,1,0,0,2
1554,2019-04-20,4,2,5,0,0,8
1555,2019-04-21,0,0,2,0,0,2
1556,2019-04-23,1,0,5,0,2,5
1557,2019-04-24,0,0,3,0,0,3
1558,2019-04-25,1,1,1,0,0,1
1559,2019-04-26,2,0,1,0,13,15
1560,2019-04-27,6,0,1,0,0,6
1561,2019-04-29,0,0,2,0,16,11
1562,2019-04-30,0,0,3,0,0,1
1563,2019-05-01,0,0,3,0,0,3
1564,2019-05-02,0,1,1,0,0,2
1565,2019-05-03,0,2,0,0,0,2
1566,2019-05-04,0,0,2,0,0,2
1567,2019-05-06,0,0,4,0,0,3
1568,2019-05-07,1,0,5,0,0,6
1569,2019-05-08,0,1,2,0,3,5
1570,2019-05-09,1,1,1,0,0,3
1571,2019-05-10,1,0,3,0,3,6
1572,2019-05-11,0,1,2,0,0,2
1573,2019-05-13,0,0,0,0,2,2
1574,2019-05-14,1,0,2,0,0,2
1575,2019-05-15,0,1,3,0,0,3
1576,2019-05-16,3,1,2,0,0,2
1577,2019-05-17,0,0,4,0,1,4
1578,2019-05-18,0,1,1,0,0,1
1579,2019-05-21,2,0,3,0,0,4
1580,2019-05-22,0,1,1,0,0,1
1581,2019-05-23,1,1,6,0,0,7
1582,2019-05-24,0,2,2,0,0,2
1583,2019-05-25,1,0,1,0,0,2
1584,2019-05-28,0,2,2,0,1,3
1585,2019-05-29,1,1,5,0,1,3
1586,2019-05-31,0,0,1,0,1,2
1587,2019-06-01,2,0,2,0,0,3
1588,2019-06-03,0,0,1,0,0,1
1589,2019-06-04,0,0,4,0,3,3
1590,2019-06-05,1,2,4,0,0,5
1591,2019-06-06,0,0,3,0,7,5
1592,2019-06-07,0,2,4,0,3,6
1593,2019-06-08,3,0,4,0,1,7
1594,2019-06-10,0,0,1,0,0,1
1595,2019-06-11,1,1,2,0,0,3
1596,2019-06-12,1,0,9,0,0,4
1597,2019-06-13,1,3,4,1,0,6
1598,2019-06-14,1,0,8,0,4,6
1599,2019-06-15,1,0,2,0,0,2
1600,2019-06-16,0,1,0,0,0,1
1601,2019-06-17,0,0,1,0,0,1
1602,2019-06-18,1,1,1,0,0,2
1603,2019-06-19,1,0,1,0,1,1
1604,2019-06-20,1,2,1,0,0,3
1605,2019-06-21,2,0,5,0,0,5
1606,2019-06-22,2,1,5,0,2,9
1607,2019-06-23,0,0,0,0,1,0
1608,2019-06-24,0,1,0,0,5,4
1609,2019-06-25,0,0,5,0,0,4
1610,2019-06-26,3,0,3,0,0,5
1611,2019-06-27,0,2,2,0,0,3
1612,2019-06-28,0,0,2,0,1,1
1613,2019-06-29,2,0,3,0,2,3
1614,2019-07-02,0,0,9,0,0,5
1615,2019-07-03,1,2,4,0,1,6
1616,2019-07-05,4,1,4,0,1,8
1617,2019-07-06,5,0,8,0,0,10
1618,2019-07-08,0,0,1,0,6,6
1619,2019-07-09,2,0,8,0,0,9
1620,2019-07-10,1,0,3,0,0,4
1621,2019-07-11,0,0,3,0,0,1
1622,2019-07-12,0,0,1,0,0,0
1623,2019-07-13,3,0,0,0,0,3
1624,2019-07-15,0,0,1,0,0,1
1625,2019-07-16,0,0,3,0,0,2
1626,2019-07-17,1,2,2,0,1,6
1627,2019-07-18,2,0,5,0,1,6
1628,2019-07-19,0,0,2,0,0,2
1629,2019-07-20,2,0,3,0,5,8
1630,2019-07-21,0,0,1,0,0,1
1631,2019-07-23,2,0,1,0,2,4
1632,2019-07-24,0,0,1,0,1,2
1633,2019-07-25,1,1,3,0,1,6
1634,2019-07-26,1,1,2,0,1,4
1635,2019-07-27,2,0,1,0,0,1
1636,2019-07-29,0,0,1,0,2,3
1637,2019-07-30,1,0,5,0,0,2
1638,2019-07-31,0,0,1,0,2,2
1639,2019-08-01,0,0,3,0,0,2
1640,2019-08-02,1,0,0,0,0,1
1641,2019-08-03,2,0,0,0,0,1
1642,2019-08-05,0,0,0,0,1,1
1643,2019-08-06,2,0,3,0,0,5
1644,2019-08-07,1,0,1,0,0,1
1645,2019-08-08,2,1,0,0,8,9
1646,2019-08-09,1,2,4,0,0,2
1647,2019-08-10,4,0,4,0,0,8
1648,2019-08-12,0,0,0,0,2,2
1649,2019-08-13,0,5,0,0,0,3
1650,2019-08-14,2,0,6,0,0,6
1651,2019-08-15,0,1,1,0,0,2
1652,2019-08-16,2,0,3,0,0,5
1653,2019-08-17,4,0,4,0,0,5
1654,2019-08-20,1,0,8,0,0,8
1655,2019-08-21,0,2,2,0,0,3
1656,2019-08-22,2,0,2,0,2,4
1657,2019-08-23,1,0,1,0,0,1
1658,2019-08-24,2,0,0,0,0,1
1659,2019-08-26,0,0,1,0,0,0
1660,2019-08-27,3,0,5,0,0,5
1661,2019-08-28,1,1,1,0,0,3
1662,2019-08-29,0,0,4,0,0,2
1663,2019-08-30,0,0,2,0,5,6
1664,2019-08-31,2,0,1,0,3,4
1665,2019-09-03,2,0,6,0,1,7
1666,2019-09-04,0,0,2,0,4,4
1667,2019-09-05,0,0,3,0,1,3
1668,2019-09-06,4,2,7,0,1,10
1669,2019-09-07,1,0,1,0,0,2
1670,2019-09-09,0,1,0,0,1,1
1671,2019-09-10,0,0,3,0,0,2
1672,2019-09-11,1,0,2,0,1,4
1673,2019-09-12,0,1,1,0,3,4
1674,2019-09-13,1,0,1,1,0,3
1675,2019-09-14,3,0,3,0,0,4
1676,2019-09-16,0,1,0,0,2,3
1677,2019-09-17,0,0,5,0,1,5
1678,2019-09-18,1,2,4,0,2,7
1679,2019-09-19,0,2,4,0,0,4
1680,2019-09-20,1,0,0,0,7,7
1681,2019-09-21,1,1,2,0,0,3
1682,2019-09-24,0,0,5,0,0,4
1683,2019-09-25,1,0,7,0,0,4
1684,2019-09-27,0,0,4,1,1,4
1685,2019-09-28,1,0,3,0,0,3
1686,2019-09-29,0,0,2,0,0,2
1687,2019-09-30,0,0,1,0,0,1
1688,2019-10-01,2,0,1,0,0,2
1689,2019-10-02,3,0,7,0,0,8
1690,2019-10-03,3,0,3,0,1,4
1691,2019-10-04,1,0,12,0,6,14
1692,2019-10-05,5,0,5,0,0,9
1693,2019-10-07,0,0,0,0,10,7
1694,2019-10-08,0,0,3,0,0,3
1695,2019-10-09,1,0,6,0,0,7
1696,2019-10-10,0,0,2,0,9,9
1697,2019-10-11,2,0,3,0,0,5
1698,2019-10-12,2,1,5,0,1,6
1699,2019-10-15,5,0,2,0,0,1
1700,2019-10-16,0,1,2,0,0,1
1701,2019-10-17,2,0,7,0,0,8
1702,2019-10-18,3,0,2,0,6,9
1703,2019-10-19,1,0,6,0,0,5
1704,2019-10-21,0,0,1,0,0,1
1705,2019-10-22,1,1,4,0,5,8
1706,2019-10-23,1,2,5,0,1,8
1707,2019-10-24,0,0,2,0,0,2
1708,2019-10-25,0,0,2,0,0,2
1709,2019-10-26,0,0,2,0,28,19
1710,2019-10-29,0,0,1,0,0,0
1711,2019-10-30,0,0,2,0,0,2
1712,2019-10-31,0,0,1,0,0,1
1713,2019-11-01,0,0,4,0,0,4
1714,2019-11-02,0,2,3,0,0,4
1715,2019-11-03,0,0,2,0,0,1
1716,2019-11-04,0,0,0,0,1,1
1717,2019-11-05,0,1,9,0,0,9
1718,2019-11-06,0,1,6,0,1,7
1719,2019-11-07,0,0,2,0,0,1
1720,2019-11-08,0,0,0,0,7,5
1721,2019-11-09,0,0,2,0,1,1
1722,2019-11-12,1,0,6,0,0,4
1723,2019-11-13,0,0,3,0,0,2
1724,2019-11-14,0,0,1,0,2,3
1725,2019-11-15,0,0,4,0,0,3
1726,2019-11-16,1,0,1,0,0,2
1727,2019-11-19,0,0,6,0,0,6
1728,2019-11-20,1,2,3,0,2,6
1729,2019-11-21,1,1,3,0,0,4
1730,2019-11-22,0,2,7,0,0,8
1731,2019-11-23,1,1,4,0,0,2
1732,2019-11-25,0,0,0,1,0,1
1733,2019-11-26,0,0,2,0,1,2
1734,2019-11-27,2,0,2,0,0,4
1735,2019-11-30,2,0,2,0,0,4
1736,2019-12-02,0,1,0,0,0,1
1737,2019-12-03,3,0,0,0,1,3
1738,2019-12-04,3,0,2,0,6,10
1739,2019-12-05,0,0,6,0,0,6
1740,2019-12-06,2,0,3,0,0,5
1741,2019-12-07,0,0,4,0,0,4
1742,2019-12-10,5,0,8,0,1,10
1743,2019-12-11,0,0,2,0,7,6
1744,2019-12-12,1,0,3,0,0,4
1745,2019-12-13,2,0,3,0,0,4
1746,2019-12-14,1,0,4,0,0,4
1747,2019-12-15,0,0,1,0,0,1
1748,2019-12-16,0,0,1,0,1,2
1749,2019-12-17,2,0,2,0,0,4
1750,2019-12-18,1,0,0,0,4,3
1751,2019-12-19,1,1,0,0,6,7
1752,2019-12-20,2,0,1,0,1,2
1753,2019-12-21,4,0,2,0,5,6
1754,2019-12-22,0,0,1,0,0,1
1755,2019-12-24,0,0,2,0,2,2
1756,2019-12-26,0,0,8,0,0,8
1757,2019-12-27,3,0,5,0,0,8
1758,2019-12-28,3,0,3,0,0,6
1759,2019-12-30,0,0,1,0,0,1
1760,2019-12-31,0,0,2,0,0,2
1761,2020-01-02,4,0,3,0,2,7
1762,2020-01-03,2,0,5,0,0,5
1763,2020-01-04,1,0,4,0,0,5
1764,2020-01-06,0,0,0,0,3,2
1765,2020-01-07,0,0,7,0,1,6
1766,2020-01-08,1,0,1,0,0,2
1767,2020-01-09,2,0,3,0,0,5
1768,2020-01-10,1,0,4,0,0,3
1769,2020-01-11,2,0,3,0,0,3
1770,2020-01-14,0,0,1,0,5,3
1771,2020-01-15,1,0,1,0,5,4
1772,2020-01-16,1,1,3,0,3,5
1773,2020-01-17,2,0,2,0,0,4
1774,2020-01-18,1,0,3,0,3,5
1775,2020-01-21,0,0,5,0,0,3
1776,2020-01-22,0,0,1,0,0,1
1777,2020-01-23,0,0,2,0,0,2
1778,2020-01-24,1,0,1,0,0,2
1779,2020-01-25,5,0,5,0,6,13
1780,2020-01-28,0,0,9,0,0,7
1781,2020-01-29,1,0,3,0,0,3
1782,2020-01-30,0,1,5,0,4,8
1783,2020-01-31,0,1,0,0,0,0
1784,2020-02-01,2,1,2,0,0,3
1785,2020-02-02,0,0,1,0,0,1
1786,2020-02-04,1,0,5,0,0,6
1787,2020-02-05,1,0,5,0,4,6
1788,2020-02-06,0,0,2,0,0,2
1789,2020-02-07,0,0,1,0,0,1
1790,2020-02-08,3,1,3,0,0,3
1791,2020-02-09,0,0,1,0,0,1
1792,2020-02-11,5,1,7,0,0,8
1793,2020-02-13,0,0,3,0,5,6
1794,2020-02-14,5,1,1,0,5,6
1795,2020-02-15,5,1,3,0,0,5
1796,2020-02-16,0,0,1,0,0,1
1797,2020-02-18,1,1,2,0,1,3
1798,2020-02-19,0,0,2,0,6,5
1799,2020-02-20,0,0,7,0,3,6
1800,2020-02-21,0,0,3,0,10,9
1801,2020-02-22,1,1,2,0,0,2
1802,2020-02-24,0,0,1,0,0,1
1803,2020-02-25,1,0,3,1,0,1
1804,2020-02-26,2,1,0,0,1,1
1805,2020-02-27,1,1,5,0,0,5
1806,2020-02-29,3,0,3,0,0,5
1807,2020-03-03,0,0,1,0,1,2
1808,2020-03-04,2,0,3,0,3,7
1809,2020-03-05,2,0,1,0,0,3
1810,2020-03-06,1,0,3,0,0,4
1811,2020-03-07,5,0,7,0,0,10
1812,2020-03-09,0,0,1,0,3,4
1813,2020-03-10,0,0,4,0,0,3
1814,2020-03-11,2,0,4,0,0,5
1815,2020-03-12,1,0,1,0,0,1
1816,2020-03-13,3,0,1,0,1,2
1817,2020-03-14,3,0,0,0,1,3
1818,2020-03-15,0,0,1,0,0,1
1819,2020-03-16,0,0,2,0,0,2
1820,2020-03-17,2,1,4,0,2,7
1821,2020-03-18,0,0,5,0,0,4
1822,2020-03-19,0,0,0,0,2,2
1823,2020-03-20,0,0,1,0,1,0
1824,2020-03-24,0,2,3,0,0,3
1825,2020-03-26,0,0,2,0,0,2
1826,2020-03-27,0,0,1,0,0,1
1827,2020-03-28,0,1,0,0,0,1
1828,2020-04-01,0,0,1,0,0,0
1829,2020-04-02,0,0,2,0,9,4
1830,2020-04-06,0,0,0,0,1,1
1831,2020-04-07,0,0,3,0,0,2
1832,2020-04-08,0,0,1,0,0,1
1833,2020-04-09,0,0,1,0,0,1
1834,2020-04-10,0,0,1,0,1,2
1835,2020-04-11,0,0,0,0,7,6
1836,2020-04-13,0,0,0,0,13,11
1837,2020-04-14,0,0,4,0,0,3
1838,2020-04-17,0,3,1,0,0,3
1839,2020-04-21,0,0,1,0,0,1
1840,2020-04-22,0,0,0,0,1,0
1841,2020-04-23,0,0,0,1,0,1
1842,2020-04-25,0,0,0,0,1,1
1843,2020-04-27,0,0,0,0,9,8
1844,2020-05-01,0,0,4,0,1,4
1845,2020-05-06,0,0,2,0,12,12
1846,2020-05-08,0,1,2,0,0,3
1847,2020-05-09,0,0,1,0,5,5
1848,2020-05-12,0,0,1,0,0,1
1849,2020-05-13,1,0,0,0,0,0
1850,2020-05-14,0,0,1,0,0,1
1851,2020-05-15,1,0,0,0,0,1
1852,2020-05-16,0,0,2,0,0,2
1853,2020-05-19,0,0,2,0,0,1
1854,2020-05-21,0,0,2,0,2,3
1855,2020-05-22,0,0,3,0,1,3
1856,2020-05-23,0,0,2,0,0,1
1857,2020-05-26,0,0,1,0,0,1
1858,2020-05-27,0,0,2,0,1,3
1859,2020-05-28,0,0,1,0,0,1
1860,2020-05-29,0,0,1,0,0,1
1861,2020-05-30,0,0,1,0,0,0
1862,2020-06-01,0,0,0,1,4,3
1863,2020-06-02,0,2,3,0,0,3
1864,2020-06-03,0,0,6,0,0,3
1865,2020-06-04,0,0,1,0,0,1
1866,2020-06-05,0,1,2,0,0,3
1867,2020-06-06,0,0,1,0,0,1
1868,2020-06-09,0,0,2,0,0,2
1869,2020-06-10,0,0,3,0,0,2
1870,2020-06-11,0,0,3,0,0,3
1871,2020-06-12,0,0,2,0,0,2
1872,2020-06-13,0,1,1,0,0,2
1873,2020-06-14,0,0,1,0,0,1
1874,2020-06-15,0,0,1,0,1,2
1875,2020-06-16,0,1,4,0,0,4
1876,2020-06-17,0,0,1,0,0,1
1877,2020-06-18,0,1,1,0,0,1
1878,2020-06-20,0,1,0,0,0,0
1879,2020-06-21,0,0,0,0,1,0
1880,2020-06-23,0,0,2,0,0,2
1881,2020-06-24,0,0,1,0,4,5
1882,2020-06-25,0,0,1,0,0,1
1883,2020-06-26,0,0,5,0,0,5
1884,2020-06-27,0,1,1,0,0,2
1885,2020-06-30,0,0,1,0,0,1
1886,2020-07-02,0,0,3,0,0,2
1887,2020-07-04,0,1,7,0,0,5
1888,2020-07-06,0,0,1,0,0,1
1889,2020-07-07,0,0,8,0,0,8
1890,2020-07-08,0,3,2,0,5,5
1891,2020-07-09,0,1,1,0,0,2
1892,2020-07-11,0,1,0,0,0,0
1893,2020-07-12,0,0,1,0,0,0
1894,2020-07-14,0,0,4,0,0,3
1895,2020-07-15,0,1,4,0,0,2
1896,2020-07-16,0,0,2,0,5,4
1897,2020-07-17,0,0,2,0,0,1
1898,2020-07-18,0,0,4,0,0,4
1899,2020-07-19,0,0,2,0,0,2
1900,2020-07-21,0,0,4,0,0,3
1901,2020-07-22,0,0,1,0,5,5
1902,2020-07-25,0,1,1,1,0,2
1903,2020-07-28,0,0,9,0,9,12
1904,2020-07-29,0,0,2,0,0,2
1905,2020-07-30,0,0,3,0,0,1
1906,2020-07-31,0,1,5,0,0,3
1907,2020-08-05,0,0,2,0,3,0
1908,2020-08-06,0,0,1,0,5,3
1909,2020-08-07,0,0,4,0,0,3
1910,2020-08-08,0,0,4,0,0,4
1911,2020-08-11,0,0,2,0,0,2
1912,2020-08-12,0,0,3,0,0,3
1913,2020-08-13,1,0,2,0,2,3
1914,2020-08-14,0,0,0,0,3,3
1915,2020-08-15,0,0,6,0,0,1
1916,2020-08-16,0,0,1,0,0,1
1917,2020-08-17,0,0,1,0,0,1
1918,2020-08-18,0,3,3,0,0,2
1919,2020-08-19,0,2,3,0,7,8
1920,2020-08-20,0,0,1,0,8,9
1921,2020-08-21,0,0,0,0,8,7
1922,2020-08-22,0,0,10,0,0,0
1923,2020-08-25,0,0,1,0,0,0
1924,2020-08-26,0,0,2,0,0,1
1925,2020-08-27,1,1,1,0,0,2
1926,2020-08-28,0,0,2,0,0,1
1927,2020-08-29,0,0,5,0,0,5
1928,2020-09-01,0,0,2,1,0,2
1929,2020-09-02,0,0,1,0,0,1
1930,2020-09-03,1,0,2,0,4,5
1931,2020-09-04,0,1,0,0,0,0
1932,2020-09-05,0,0,3,0,0,3
1933,2020-09-08,0,0,1,0,0,1
1934,2020-09-09,0,0,4,0,0,4
1935,2020-09-10,0,0,0,0,1,1
1936,2020-09-11,0,0,2,0,0,2
1937,2020-09-12,0,0,2,0,0,2
1938,2020-09-13,0,0,2,0,0,2
1939,2020-09-15,0,0,2,0,1,2
1940,2020-09-16,0,0,2,0,1,1
1941,2020-09-17,0,0,2,0,0,2
1942,2020-09-18,0,0,2,0,0,2
1943,2020-09-19,0,0,2,0,0,1
1944,2020-09-22,0,0,1,0,0,1
1945,2020-09-23,0,0,1,0,0,1
1946,2020-09-24,0,0,0,0,4,4
1947,2020-09-26,0,0,5,0,0,5
1948,2020-09-28,0,0,1,0,21,12
1949,2020-09-29,0,0,2,0,0,2
1950,2020-09-30,0,2,5,0,0,5
1951,2020-10-01,0,0,4,0,0,4
1952,2020-10-02,0,0,6,0,0,1
1953,2020-10-03,0,0,1,0,0,0
1954,2020-10-06,0,0,2,0,0,2
1955,2020-10-07,0,0,1,0,0,1
1956,2020-10-08,0,0,2,0,0,2
1957,2020-10-09,0,0,4,0,0,3
1958,2020-10-13,0,1,3,0,0,1
1959,2020-10-14,1,0,1,0,4,4
1960,2020-10-15,0,1,2,0,0,1
1961,2020-10-17,0,0,2,0,0,1
1962,2020-10-19,0,0,1,0,0,1
1963,2020-10-20,0,0,2,0,0,2
1964,2020-10-21,0,2,2,0,1,3
1965,2020-10-22,0,0,1,0,2,3
1966,2020-10-23,0,0,2,0,0,2
1967,2020-10-24,0,0,1,0,0,1
1968,2020-10-26,0,0,1,0,0,1
1969,2020-10-27,0,0,5,0,0,3
1970,2020-10-28,0,0,1,0,1,0
1971,2020-10-29,0,0,1,0,0,0
1972,2020-10-30,0,0,1,0,0,0
1973,2020-11-02,0,0,1,0,0,1
1974,2020-11-03,0,0,4,0,0,3
1975,2020-11-04,0,0,3,0,2,5
1976,2020-11-05,0,1,5,0,0,6
1977,2020-11-06,1,0,1,0,0,2
1978,2020-11-07,0,0,2,0,0,2
1979,2020-11-10,0,0,11,0,0,8
1980,2020-11-12,0,0,5,0,0,5
1981,2020-11-13,0,0,2,0,0,2
1982,2020-11-14,0,0,1,0,0,0
1983,2020-11-17,1,0,0,0,0,1
1984,2020-11-18,0,1,6,0,0,7
1985,2020-11-19,0,0,3,0,0,3
1986,2020-11-20,0,0,2,0,0,2
1987,2020-11-21,0,0,2,0,1,3
1988,2020-11-23,0,0,0,0,5,5
1989,2020-11-24,0,0,4,0,0,2
1990,2020-11-25,0,2,2,0,0,2
1991,2020-11-28,0,0,2,0,0,2
1992,2020-12-01,1,0,3,0,0,3
1993,2020-12-02,0,1,2,0,3,2
1994,2020-12-03,0,2,0,0,2,3
1995,2020-12-04,0,0,2,0,0,2
1996,2020-12-05,0,0,5,0,0,0
1997,2020-12-07,0,0,1,0,0,1
1998,2020-12-08,1,0,5,0,0,6
1999,2020-12-09,0,0,1,0,0,0
2000,2020-12-10,0,0,0,0,5,4
2001,2020-12-11,0,0,3,0,0,3
2002,2020-12-15,0,0,2,0,0,2
2003,2020-12-16,0,0,1,0,1,2
2004,2020-12-17,0,1,1,0,0,2
2005,2020-12-19,1,0,0,0,0,1
2006,2020-12-22,0,0,5,1,0,4
2007,2020-12-23,1,0,2,0,0,2
2008,2020-12-24,2,0,3,0,0,5
2009,2020-12-27,0,0,1,0,0,1
2010,2020-12-28,0,0,1,0,0,1
2011,2020-12-29,0,0,3,0,0,2
2012,2020-12-30,0,1,1,0,0,1
2013,2020-12-31,0,0,3,0,0,3
2014,2021-01-02,5,0,2,0,0,4
2015,2021-01-05,0,0,2,0,0,2
2016,2021-01-06,1,0,1,0,5,5
2017,2021-01-07,1,0,5,0,1,7
2018,2021-01-08,3,0,0,0,2,5
2019,2021-01-09,1,2,2,0,0,3
2020,2021-01-12,1,0,0,0,0,0
2021,2021-01-13,0,0,1,0,0,1
2022,2021-01-14,1,0,2,0,0,2
2023,2021-01-15,0,0,1,0,0,1
2024,2021-01-16,0,0,6,0,0,6
2025,2021-01-19,0,0,3,0,1,3
2026,2021-01-20,1,0,3,0,0,1
2027,2021-01-21,0,0,1,0,1,2
2028,2021-01-22,0,1,3,0,0,3
2029,2021-01-23,0,0,4,0,0,4
2030,2021-01-26,0,0,1,0,0,1
2031,2021-01-27,1,0,1,0,0,2
2032,2021-01-28,0,0,1,0,0,1
2033,2021-01-30,0,0,4,0,0,3
2034,2021-02-02,0,0,4,0,6,4
2035,2021-02-03,0,0,6,0,0,4
2036,2021-02-04,0,0,0,0,2,2
2037,2021-02-05,0,0,2,0,0,1
2038,2021-02-06,2,0,2,0,0,2
2039,2021-02-07,0,0,1,0,0,1
2040,2021-02-08,0,0,3,0,0,3
2041,2021-02-09,2,0,2,0,0,4
2042,2021-02-10,1,2,1,0,0,3
2043,2021-02-11,1,1,5,0,0,7
2044,2021-02-13,0,0,6,0,0,5
2045,2021-02-16,0,0,2,0,4,4
2046,2021-02-17,0,0,5,0,0,4
2047,2021-02-18,0,0,2,0,5,3
2048,2021-02-19,1,0,1,0,0,2
2049,2021-02-20,0,0,1,0,0,1
2050,2021-02-22,0,0,1,0,0,1
2051,2021-02-23,1,0,7,0,0,4
2052,2021-02-25,0,0,2,0,4,4
2053,2021-02-26,0,0,3,0,0,3
2054,2021-02-27,2,0,1,0,0,2
2055,2021-03-02,1,0,6,0,0,5
2056,2021-03-03,2,3,3,0,0,5
2057,2021-03-05,0,1,2,0,0,3
2058,2021-03-06,1,0,3,0,2,6
2059,2021-03-08,0,0,2,0,1,1
2060,2021-03-09,0,0,2,0,0,2
2061,2021-03-10,0,0,3,0,0,2
2062,2021-03-11,0,1,0,0,0,1
2063,2021-03-12,0,0,1,0,1,2
2064,2021-03-13,0,0,2,0,0,2
2065,2021-03-15,0,0,1,0,0,1
2066,2021-03-16,0,0,3,0,0,3
2067,2021-03-17,1,1,4,0,10,9
2068,2021-03-18,0,0,1,0,1,0
2069,2021-03-20,1,0,1,0,0,1
2070,2021-03-23,0,0,1,0,0,1
2071,2021-03-24,2,0,5,0,0,4
2072,2021-03-25,0,0,1,0,0,0
2073,2021-03-26,0,0,1,0,0,1
2074,2021-03-27,0,1,1,0,0,2
2075,2021-04-01,0,0,3,0,0,2
2076,2021-04-03,1,0,3,0,0,2
2077,2021-04-06,2,0,4,0,0,5
2078,2021-04-07,3,0,1,0,1,1
2079,2021-04-08,0,0,2,0,1,2
2080,2021-04-09,2,0,0,0,0,1
2081,2021-04-13,0,0,4,0,0,2
2082,2021-04-14,1,2,1,0,0,1
2083,2021-04-15,0,0,1,0,0,1
2084,2021-04-16,1,0,1,0,1,3
2085,2021-04-17,2,0,1,0,0,2
2086,2021-04-19,0,0,1,0,0,1
2087,2021-04-20,0,0,1,0,0,0
2088,2021-04-21,1,0,1,0,0,1
2089,2021-04-22,0,2,2,0,0,3
2090,2021-04-23,0,0,2,0,0,2
2091,2021-04-24,0,0,1,0,0,0
2092,2021-04-27,0,0,1,0,0,1
2093,2021-04-28,0,0,4,0,0,4
2094,2021-04-29,0,2,4,0,0,3
2095,2021-04-30,0,0,1,0,0,1
2096,2021-05-01,2,1,2,0,0,4
2097,2021-05-02,0,0,2,0,0,2
2098,2021-05-03,0,1,0,0,0,1
2099,2021-05-04,0,2,7,0,0,3
2100,2021-05-05,0,0,2,0,0,1
2101,2021-05-06,1,0,2,0,0,3
2102,2021-05-07,0,2,2,0,5,5
2103,2021-05-08,1,1,0,0,0,2
2104,2021-05-11,0,0,4,0,0,4
2105,2021-05-12,1,0,4,0,0,5
2106,2021-05-13,0,0,0,0,1,1
2107,2021-05-14,0,0,2,0,0,2
2108,2021-05-15,2,1,1,0,0,3
2109,2021-05-18,0,1,2,0,0,1
2110,2021-05-19,0,0,3,0,0,1
2111,2021-05-20,0,0,1,0,0,1
2112,2021-05-21,1,1,0,0,0,2
2113,2021-05-22,0,1,1,0,0,2
2114,2021-05-25,0,0,3,0,0,2
2115,2021-05-26,0,0,3,0,0,1
2116,2021-05-27,0,0,1,0,0,1
2117,2021-05-28,0,0,3,0,0,2
2118,2021-05-29,3,0,2,0,0,3
2119,2021-05-31,0,0,1,0,0,1
2120,2021-06-01,0,0,1,0,0,1
2121,2021-06-02,1,3,1,0,1,4
2122,2021-06-03,1,0,2,0,0,1
2123,2021-06-04,1,0,0,0,0,1
2124,2021-06-05,1,0,2,0,0,3
2125,2021-06-08,0,0,3,0,0,2
2126,2021-06-09,1,0,2,0,4,7
2127,2021-06-10,1,0,0,0,14,9
2128,2021-06-11,1,0,2,0,1,3
2129,2021-06-12,0,0,1,0,0,1
2130,2021-06-15,0,0,3,0,0,3
2131,2021-06-17,0,1,0,0,1,1
2132,2021-06-18,1,0,1,0,0,2
2133,2021-06-19,0,2,0,0,0,0
2134,2021-06-22,2,1,3,0,0,4
2135,2021-06-23,1,0,2,1,0,4
2136,2021-06-24,0,0,5,0,1,1
2137,2021-06-26,0,0,2,0,0,2
2138,2021-06-29,1,0,5,0,0,4
2139,2021-06-30,0,0,5,0,0,3
2140,2021-07-01,0,0,5,0,0,2
2141,2021-07-03,2,0,2,0,0,4
2142,2021-07-07,1,0,7,0,0,4
2143,2021-07-08,2,0,0,0,0,2
2144,2021-07-09,2,0,1,0,0,3
2145,2021-07-10,1,0,0,0,0,1
2146,2021-07-13,2,1,3,0,0,4
2147,2021-07-14,0,0,0,0,1,1
2148,2021-07-15,0,0,2,0,0,2
2149,2021-07-16,0,0,3,0,0,2
2150,2021-07-17,3,1,6,0,0,5
2151,2021-07-19,0,0,1,0,0,1
2152,2021-07-20,2,0,2,0,0,2
2153,2021-07-21,1,0,1,0,1,2
2154,2021-07-22,1,0,2,0,1,3
2155,2021-07-23,1,0,1,0,0,0
2156,2021-07-24,2,1,0,0,0,3
2157,2021-07-27,0,0,1,0,0,0
2158,2021-07-28,2,0,0,0,1,2
2159,2021-07-29,1,0,3,0,0,4
2160,2021-07-30,0,0,1,0,0,1
2161,2021-07-31,0,2,1,0,4,5
2162,2021-08-03,0,0,3,1,0,4
2163,2021-08-04,1,0,4,0,0,3
2164,2021-08-05,1,0,9,2,0,2
2165,2021-08-06,0,0,0,0,2,1
2166,2021-08-07,0,0,4,0,1,3
2167,2021-08-08,0,0,2,0,0,2
2168,2021-08-10,0,0,6,0,0,2
2169,2021-08-12,0,2,0,0,0,2
2170,2021-08-14,0,0,5,0,0,5
2171,2021-08-15,0,1,0,0,0,1
2172,2021-08-17,0,0,2,0,5,6
2173,2021-08-18,1,0,2,0,0,2
2174,2021-08-19,1,0,1,0,0,1
2175,2021-08-20,0,0,1,0,0,1
2176,2021-08-21,0,0,1,0,1,2
2177,2021-08-24,0,0,5,0,0,5
2178,2021-08-25,1,2,3,0,0,5
2179,2021-08-26,0,0,1,0,0,1
2180,2021-08-27,0,0,1,0,0,1
2181,2021-08-28,2,1,3,0,1,7
2182,2021-08-31,2,0,3,0,0,3
2183,2021-09-01,4,1,3,0,0,6
2184,2021-09-02,0,1,3,0,1,3
2185,2021-09-03,0,1,0,0,0,1
2186,2021-09-04,1,0,2,0,0,3
2187,2021-09-07,1,0,1,0,0,2
2188,2021-09-08,2,0,0,0,0,2
2189,2021-09-09,1,0,2,0,0,3
2190,2021-09-10,1,0,1,0,0,1
2191,2021-09-11,2,0,4,0,0,6
2192,2021-09-13,0,0,1,0,0,0
2193,2021-09-14,1,0,6,0,1,8
2194,2021-09-15,2,0,0,0,1,3
2195,2021-09-16,0,0,2,0,0,1
2196,2021-09-17,0,0,1,0,0,0
2197,2021-09-18,1,0,1,0,0,2
2198,2021-09-21,0,4,5,0,1,5
2199,2021-09-22,1,3,2,0,1,4
2200,2021-09-23,0,2,4,0,1,5
2201,2021-09-24,2,1,3,0,0,5
2202,2021-09-27,0,0,0,3,2,1
2203,2021-09-28,0,2,0,0,1,1
2204,2021-09-29,1,0,0,0,0,0
2205,2021-09-30,2,1,2,0,0,2
2206,2021-10-01,1,0,8,0,0,4
2207,2021-10-02,2,0,0,0,0,1
2208,2021-10-03,0,0,0,1,0,1
2209,2021-10-05,1,0,1,0,0,2
2210,2021-10-06,0,1,2,0,1,2
2211,2021-10-07,0,1,1,0,0,1
2212,2021-10-09,3,0,2,0,0,5
2213,2021-10-11,0,0,1,0,0,1
2214,2021-10-13,1,1,1,0,0,3
2215,2021-10-14,0,0,1,0,0,0
2216,2021-10-15,2,0,3,0,0,3
2217,2021-10-16,0,0,3,0,0,1
2218,2021-10-19,1,0,2,0,0,2
2219,2021-10-20,3,2,1,0,0,5
2220,2021-10-21,2,0,0,0,0,1
2221,2021-10-22,3,0,3,0,0,4
2222,2021-10-23,0,0,1,0,1,2
2223,2021-10-26,1,0,6,0,0,7
2224,2021-10-27,1,0,0,0,1,2
2225,2021-10-28,1,1,2,0,0,3
2226,2021-10-29,1,0,2,0,16,15
2227,2021-10-30,1,0,4,0,0,5
2228,2021-11-02,1,0,4,0,0,5
2229,2021-11-03,0,0,1,0,0,1
2230,2021-11-04,0,0,2,0,0,2
2231,2021-11-05,2,1,3,0,0,4
2232,2021-11-06,1,0,3,0,1,5
2233,2021-11-09,0,0,3,0,0,2
2234,2021-11-10,0,0,9,0,0,5
2235,2021-11-12,1,0,0,0,1,1
2236,2021-11-13,0,0,2,0,0,2
2237,2021-11-15,0,1,0,1,0,1
2238,2021-11-16,0,2,1,0,0,2
2239,2021-11-17,1,2,1,0,0,3
2240,2021-11-18,2,0,2,0,0,1
2241,2021-11-19,0,0,1,0,0,1
2242,2021-11-20,1,0,0,0,0,1
2243,2021-11-22,0,0,0,0,2,1
2244,2021-11-23,1,1,1,1,0,3
2245,2021-11-24,1,0,2,0,0,2
2246,2021-11-27,0,0,3,0,0,3
2247,2021-11-28,0,0,1,0,0,1
2248,2021-11-30,0,2,1,0,1,4
2249,2021-12-01,0,4,3,0,3,6
2250,2021-12-02,1,0,2,0,0,2
2251,2021-12-03,4,0,0,0,0,3
2252,2021-12-04,1,0,1,0,6,8
2253,2021-12-05,0,0,1,0,0,1
2254,2021-12-07,1,1,0,0,0,0
2255,2021-12-08,0,2,0,0,0,1
2256,2021-12-09,0,0,2,0,0,2
2257,2021-12-10,0,0,3,0,0,0
2258,2021-12-11,0,0,1,0,0,1
2259,2021-12-13,0,2,0,0,0,0
2260,2021-12-14,0,0,1,0,0,1
2261,2021-12-15,0,4,1,0,4,8
2262,2021-12-16,0,0,1,0,1,2
2263,2021-12-17,0,0,2,0,0,2
2264,2021-12-18,0,0,1,0,0,1
2265,2021-12-21,0,0,3,0,0,3
2266,2021-12-22,0,0,1,0,0,1
2267,2021-12-23,0,0,2,0,2,3
2268,2021-12-28,0,2,2,0,0,2
2269,2021-12-29,0,0,5,0,0,4
2270,2021-12-30,0,0,4,0,1,3
2271,2021-12-31,0,0,2,0,0,2
2272,2022-01-04,1,1,6,0,0,6
2273,2022-01-05,0,0,3,0,0,3
2274,2022-01-06,0,1,4,0,0,4
2275,2022-01-07,1,0,0,0,0,0
2276,2022-01-08,1,0,3,0,0,4
2277,2022-01-11,0,0,4,0,0,3
2278,2022-01-12,0,0,2,0,0,1
2279,2022-01-13,0,0,2,0,0,2
2280,2022-01-14,0,0,4,0,0,4
2281,2022-01-15,1,0,0,0,0,1
2282,2022-01-17,0,0,0,0,6,6
2283,2022-01-18,1,0,3,0,0,3
2284,2022-01-19,1,1,0,0,0,2
2285,2022-01-20,1,0,3,0,0,4
2286,2022-01-21,2,0,2,0,10,11
2287,2022-01-22,1,0,2,0,0,1
2288,2022-01-24,0,0,0,1,8,8
2289,2022-01-25,1,0,2,0,0,3
2290,2022-01-26,1,6,4,1,0,3
2291,2022-01-27,1,0,3,0,0,3
2292,2022-01-28,1,0,1,0,0,2
2293,2022-01-29,1,0,0,0,1,2
2294,2022-02-01,1,0,1,0,0,1
2295,2022-02-02,0,0,1,0,7,6
2296,2022-02-03,0,0,2,0,4,5
2297,2022-02-04,0,0,4,0,1,2
2298,2022-02-05,0,0,1,0,0,0
2299,2022-02-08,0,2,0,0,6,8
2300,2022-02-09,0,0,3,0,0,3
2301,2022-02-10,0,3,2,0,4,7
2302,2022-02-12,0,1,6,0,1,7
2303,2022-02-13,0,0,0,0,2,2
2304,2022-02-14,0,0,0,0,2,2
2305,2022-02-15,0,0,1,0,0,0
2306,2022-02-16,0,0,1,0,0,1
2307,2022-02-17,0,2,0,0,0,1
2308,2022-02-18,0,1,1,1,0,2
2309,2022-02-19,1,0,0,0,0,1
2310,2022-02-22,0,1,4,0,0,3
2311,2022-02-23,0,0,2,0,10,2
2312,2022-02-25,0,0,2,0,0,2
2313,2022-02-26,1,0,2,0,9,12
2314,2022-02-28,0,0,1,0,0,1
2315,2022-03-01,0,0,2,0,0,2
2316,2022-03-02,0,0,3,0,1,4
2317,2022-03-03,0,3,0,0,0,1
2318,2022-03-04,0,0,0,0,1,1
2319,2022-03-05,1,0,1,0,0,2
2320,2022-03-08,1,0,3,0,0,2
2321,2022-03-09,0,3,4,0,0,2
2322,2022-03-10,0,1,0,0,0,1
2323,2022-03-11,0,0,2,0,0,1
2324,2022-03-12,2,0,6,0,0,6
2325,2022-03-14,0,0,0,0,1,0
2326,2022-03-15,2,0,2,0,0,3
2327,2022-03-16,2,1,2,0,0,5
2328,2022-03-17,1,0,3,0,0,4
2329,2022-03-18,1,0,1,0,0,2
2330,2022-03-19,1,0,2,0,5,6
2331,2022-03-22,3,2,1,0,0,5
2332,2022-03-23,1,0,1,0,0,2
2333,2022-03-24,3,0,5,0,2,8
2334,2022-03-25,0,0,1,0,0,0
2335,2022-03-26,0,0,2,0,1,2
2336,2022-03-29,1,2,9,0,1,6
2337,2022-03-30,0,0,3,0,0,3
2338,2022-04-01,0,0,0,0,4,3
2339,2022-04-02,0,0,2,0,0,1
2340,2022-04-04,0,0,1,0,1,0
2341,2022-04-05,0,0,4,0,0,4
2342,2022-04-06,0,0,2,0,0,2
2343,2022-04-07,0,0,0,0,3,3
2344,2022-04-08,0,1,0,0,0,0
2345,2022-04-09,0,0,3,0,7,4
2346,2022-04-11,0,0,0,1,0,0
2347,2022-04-12,1,1,1,0,0,3
2348,2022-04-13,0,0,1,0,0,0
2349,2022-04-14,1,0,0,0,1,2
2350,2022-04-15,0,2,5,0,5,7
2351,2022-04-16,1,0,3,0,0,4
2352,2022-04-20,0,0,1,0,3,3
2353,2022-04-21,0,1,3,0,0,2
2354,2022-04-22,0,0,1,0,3,4
2355,2022-04-23,1,0,1,0,4,5
2356,2022-04-26,2,0,6,0,1,7
2357,2022-04-27,0,0,6,0,0,1
2358,2022-04-28,0,0,3,0,9,10
2359,2022-04-29,0,2,2,0,0,4
2360,2022-04-30,0,0,2,1,2,4
2361,2022-05-02,0,0,0,0,4,3
2362,2022-05-03,0,0,1,0,1,2
2363,2022-05-04,0,0,2,0,0,1
2364,2022-05-05,1,0,0,0,1,2
2365,2022-05-06,0,0,5,0,2,4
2366,2022-05-07,0,2,1,0,1,1
2367,2022-05-10,0,1,3,0,0,0
2368,2022-05-11,0,0,1,0,2,3
2369,2022-05-12,0,0,1,0,3,3
2370,2022-05-13,0,1,3,0,0,4
2371,2022-05-14,0,0,2,0,0,1
2372,2022-05-17,1,0,2,0,0,1
2373,2022-05-18,0,1,0,0,0,0
2374,2022-05-19,0,1,0,0,2,0
2375,2022-05-20,0,2,3,0,0,3
2376,2022-05-21,0,0,0,1,0,0
2377,2022-05-23,0,0,1,0,0,1
2378,2022-05-24,0,0,2,0,0,1
2379,2022-05-25,1,0,6,0,0,5
2380,2022-05-26,0,0,2,0,3,2
2381,2022-05-27,1,0,1,0,0,2
2382,2022-05-28,1,0,1,0,0,2
2383,2022-05-29,0,0,2,0,0,2
2384,2022-05-31,2,1,1,0,0,3
2385,2022-06-01,0,0,4,0,0,3
2386,2022-06-02,1,2,10,1,0,12
2387,2022-06-04,2,0,2,0,0,3
2388,2022-06-06,0,0,0,0,2,1
2389,2022-06-07,0,0,1,0,1,2
2390,2022-06-08,0,1,3,0,0,2
2391,2022-06-09,0,0,1,0,0,1
2392,2022-06-10,0,1,3,0,0,2
2393,2022-06-11,0,1,2,0,0,0
2394,2022-06-13,0,0,0,0,1,0
2395,2022-06-14,0,0,2,0,0,2
2396,2022-06-15,1,2,2,0,0,3
2397,2022-06-16,0,2,0,0,0,2
2398,2022-06-17,0,0,2,0,1,3
2399,2022-06-18,1,0,2,0,0,2
2400,2022-06-21,1,0,4,0,3,6
2401,2022-06-24,2,3,5,0,0,5
2402,2022-06-25,2,0,1,0,5,4
2403,2022-06-26,0,0,1,0,0,1
2404,2022-06-28,0,1,3,0,1,4
2405,2022-06-29,0,0,2,0,2,4
2406,2022-06-30,1,2,1,0,7,5
2407,2022-07-01,2,1,0,0,0,1
2408,2022-07-02,2,2,0,0,0,2
2409,2022-07-04,0,0,2,0,0,2
2410,2022-07-05,1,0,4,0,0,3
2411,2022-07-06,0,0,1,0,0,1
2412,2022-07-07,2,0,4,0,1,7
2413,2022-07-08,0,0,2,1,0,1
2414,2022-07-09,0,0,2,0,0,2
2415,2022-07-12,0,0,4,0,0,4
2416,2022-07-13,1,1,3,0,0,4
2417,2022-07-14,1,1,0,0,0,2
2418,2022-07-15,1,1,0,0,0,2
2419,2022-07-16,2,1,4,1,4,11
2420,2022-07-19,1,0,1,0,0,1
2421,2022-07-20,1,0,2,0,0,2
2422,2022-07-23,1,0,14,0,0,6
2423,2022-07-26,0,0,3,0,0,1
2424,2022-07-27,0,3,2,0,0,4
2425,2022-07-28,0,0,1,0,3,3
2426,2022-07-29,0,1,2,0,0,3
2427,2022-07-30,1,0,1,0,0,0
2428,2022-08-02,0,2,5,0,0,5
2429,2022-08-04,0,0,1,0,0,0
2430,2022-08-05,0,0,2,0,0,1
2431,2022-08-06,1,0,2,0,1,2
2432,2022-08-07,0,0,0,0,1,1
2433,2022-08-09,0,0,4,0,1,2
2434,2022-08-10,0,0,2,0,4,5
2435,2022-08-12,0,4,9,0,0,1
2436,2022-08-13,0,0,1,0,0,1
2437,2022-08-17,1,0,3,0,0,1
2438,2022-08-18,1,1,2,0,0,3
2439,2022-08-19,0,3,0,0,0,3
2440,2022-08-20,0,1,1,0,0,1
2441,2022-08-21,0,0,1,0,0,0
2442,2022-08-23,0,0,3,0,0,3
2443,2022-08-24,1,0,1,0,0,2
2444,2022-08-25,2,0,3,0,0,4
2445,2022-08-26,1,0,1,0,0,1
2446,2022-08-27,6,0,2,0,0,8
2447,2022-08-30,1,0,5,0,0,4
2448,2022-08-31,0,1,5,0,1,4
2449,2022-09-01,1,2,0,0,0,1
2450,2022-09-02,0,0,4,0,0,4
2451,2022-09-03,1,1,2,0,5,2
2452,2022-09-06,0,0,1,0,4,5
2453,2022-09-07,0,0,3,0,0,1
2454,2022-09-08,2,0,2,0,0,2
2455,2022-09-09,2,0,1,0,0,0
2456,2022-09-10,2,2,0,0,1,4
2457,2022-09-13,1,0,3,0,0,1
2458,2022-09-14,1,2,6,0,0,6
2459,2022-09-15,1,0,2,0,0,2
2460,2022-09-16,0,3,2,0,0,5
2461,2022-09-17,0,0,3,0,0,1
2462,2022-09-20,0,0,3,0,0,3
2463,2022-09-21,2,1,0,0,1,4
2464,2022-09-22,1,0,0,0,2,3
2465,2022-09-23,1,0,3,0,0,4
2466,2022-09-24,2,0,0,0,0,2
2467,2022-09-27,1,0,3,0,0,4
2468,2022-09-28,0,0,1,0,1,0
2469,2022-09-29,0,3,2,0,0,5
2470,2022-09-30,1,1,1,0,0,3
2471,2022-10-01,2,0,2,0,0,3
2472,2022-10-03,0,1,0,0,0,0
2473,2022-10-04,3,0,6,0,0,8
2474,2022-10-05,0,0,3,0,0,3
2475,2022-10-06,3,0,1,0,1,5
2476,2022-10-07,0,0,2,0,0,2
2477,2022-10-08,3,3,1,0,0,7
2478,2022-10-11,3,1,4,0,1,6
2479,2022-10-12,0,1,2,0,0,3
2480,2022-10-13,0,1,2,0,0,1
2481,2022-10-14,0,2,3,0,0,5
2482,2022-10-15,0,0,1,0,0,1
2483,2022-10-18,0,2,8,0,1,10
2484,2022-10-19,1,1,2,0,0,2
2485,2022-10-20,1,0,1,0,0,2
2486,2022-10-21,0,2,1,0,0,3
2487,2022-10-22,2,0,2,0,0,3
2488,2022-10-25,1,0,3,0,1,5
2489,2022-10-26,0,0,3,0,0,1
2490,2022-10-27,0,0,3,0,0,2
2491,2022-10-28,0,0,5,0,3,5
2492,2022-10-29,2,1,2,0,0,2
2493,2022-11-01,0,0,1,0,0,1
2494,2022-11-02,0,2,2,0,4,2
2495,2022-11-03,0,0,1,0,0,1
2496,2022-11-04,1,0,2,0,6,5
2497,2022-11-05,0,2,2,0,3,4
2498,2022-11-07,0,0,0,0,2,2
2499,2022-11-08,1,0,4,0,0,5
2500,2022-11-09,1,1,1,0,0,3
2501,2022-11-10,0,1,1,0,0,2
2502,2022-11-11,0,0,0,0,1,1
2503,2022-11-12,4,0,2,0,0,4
2504,2022-11-15,0,0,0,0,1,0
2505,2022-11-16,4,0,1,0,0,5
2506,2022-11-17,2,0,4,0,1,7
2507,2022-11-18,2,0,1,0,0,3
2508,2022-11-19,1,0,0,0,1,2
2509,2022-11-22,3,2,4,0,1,8
2510,2022-11-23,1,0,3,0,0,4
2511,2022-11-26,1,0,3,0,2,3
2512,2022-11-28,0,0,2,0,0,2
2513,2022-11-29,2,0,2,0,0,3
2514,2022-11-30,0,0,2,0,0,2
2515,2022-12-01,0,0,2,0,0,2
2516,2022-12-02,1,2,1,0,0,3
2517,2022-12-03,0,1,2,0,3,5
2518,2022-12-06,1,0,3,0,3,5
2519,2022-12-07,0,0,2,0,1,2
2520,2022-12-08,2,0,3,0,0,5
2521,2022-12-09,1,0,0,0,0,0
2522,2022-12-10,0,0,2,0,0,2
2523,2022-12-12,0,0,1,0,0,1
2524,2022-12-13,0,0,10,0,0,9
2525,2022-12-14,0,1,0,0,0,1
2526,2022-12-15,1,0,2,0,0,3
2527,2022-12-16,2,0,1,0,0,2
2528,2022-12-17,1,0,2,0,0,3
2529,2022-12-20,2,0,3,0,0,3
2530,2022-12-21,0,0,2,0,1,3
2531,2022-12-22,2,4,1,0,6,13
2532,2022-12-23,2,0,5,0,0,5
2533,2022-12-24,1,0,0,0,4,4
2534,2022-12-26,0,0,1,0,0,1
2535,2022-12-27,0,0,1,0,0,1
2536,2022-12-29,0,0,5,0,0,3
2537,2022-12-30,1,0,1,0,0,2
2538,2022-12-31,1,2,2,0,0,5
2539,2023-01-03,0,0,3,0,0,2
2540,2023-01-04,1,1,0,0,1,2
2541,2023-01-05,0,0,0,0,1,1
2542,2023-01-06,0,0,3,0,0,3
2543,2023-01-07,1,0,1,0,1,3
2544,2023-01-10,0,0,2,0,0,1
2545,2023-01-11,1,2,2,1,0,5
2546,2023-01-12,1,0,2,1,3,4
2547,2023-01-13,0,0,5,1,0,6
2548,2023-01-14,1,1,2,1,4,3
2549,2023-01-17,3,0,4,0,0,7
2550,2023-01-18,1,0,4,0,6,9
2551,2023-01-19,1,2,6,0,0,8
2552,2023-01-20,1,0,1,0,0,1
2553,2023-01-21,4,1,5,0,0,7
2554,2023-01-22,0,2,2,0,0,3
2555,2023-01-23,0,1,0,0,0,1
2556,2023-01-24,4,0,3,0,0,6
2557,2023-01-25,2,0,4,0,0,4
2558,2023-01-26,2,0,3,0,4,8
2559,2023-01-27,1,0,3,0,0,4
2560,2023-01-28,3,0,1,0,0,4
2561,2023-01-30,0,0,1,0,0,1
2562,2023-01-31,2,0,5,0,0,6
2563,2023-02-01,0,2,3,0,0,5
2564,2023-02-02,0,1,1,0,0,1
2565,2023-02-03,1,0,1,0,0,2
2566,2023-02-04,3,2,10,0,0,13
2567,2023-02-07,3,0,5,0,0,6
2568,2023-02-08,0,0,2,0,0,2
2569,2023-02-09,2,2,0,0,0,1
2570,2023-02-10,0,0,1,0,0,1
2571,2023-02-11,2,0,1,0,0,1
2572,2023-02-12,0,3,0,0,0,2
2573,2023-02-14,1,2,2,0,0,4
2574,2023-02-15,2,0,1,0,5,6
2575,2023-02-16,1,0,3,0,0,3
2576,2023-02-17,0,0,1,0,0,1
2577,2023-02-18,1,0,1,0,0,1
2578,2023-02-21,1,0,4,0,1,6
2579,2023-02-22,1,0,3,0,0,3
2580,2023-02-23,0,0,3,0,0,3
2581,2023-02-24,0,0,0,0,1,0
2582,2023-02-25,1,0,4,0,0,1
2583,2023-02-28,1,3,1,0,4,8
2584,2023-03-01,0,2,2,0,0,2
2585,2023-03-02,2,1,3,0,0,3
2586,2023-03-03,1,0,4,2,1,3
2587,2023-03-04,3,3,2,0,0,6
2588,2023-03-07,1,0,9,0,0,10
2589,2023-03-08,0,0,5,0,0,4
2590,2023-03-09,0,0,2,0,0,1
2591,2023-03-10,3,0,2,0,0,5
2592,2023-03-11,0,1,3,0,2,6
2593,2023-03-14,1,1,1,0,0,2
2594,2023-03-15,0,0,1,0,2,1
2595,2023-03-16,1,0,2,0,0,2
2596,2023-03-17,5,0,1,0,0,5
2597,2023-03-18,1,0,2,0,1,4
2598,2023-03-20,0,1,0,0,0,1
2599,2023-03-21,3,0,0,0,0,2
2600,2023-03-23,1,0,3,0,2,6
2601,2023-03-24,0,0,5,0,0,5
2602,2023-03-25,1,2,0,0,0,1
2603,2023-03-26,0,0,1,0,0,1
2604,2023-03-29,0,1,0,0,0,1
2605,2023-03-30,2,0,1,0,0,1
2606,2023-04-01,4,0,3,0,0,5
2607,2023-04-03,0,0,4,0,0,4
2608,2023-04-04,2,1,6,0,1,8
2609,2023-04-05,0,0,5,0,8,1
2610,2023-04-06,0,3,3,0,0,5
2611,2023-04-07,1,2,4,0,0,5
2612,2023-04-08,2,0,5,0,0,4
2613,2023-04-10,0,0,1,0,0,0
2614,2023-04-11,0,0,1,0,0,1
2615,2023-04-12,0,4,1,1,9,11
2616,2023-04-13,1,0,1,0,0,1
2617,2023-04-14,0,0,3,0,0,2
2618,2023-04-15,3,0,2,0,0,4
2619,2023-04-17,0,0,2,0,0,2
2620,2023-04-18,1,0,6,0,0,6
2621,2023-04-19,0,0,2,0,5,6
2622,2023-04-20,1,0,3,0,0,4
2623,2023-04-21,0,0,2,0,0,1
2624,2023-04-22,1,0,3,0,0,3
2625,2023-04-25,0,0,4,0,0,4
2626,2023-04-26,1,0,1,0,1,1
2627,2023-04-27,2,0,1,0,1,4
2628,2023-04-28,0,2,2,0,1,5
2629,2023-04-29,1,0,2,0,0,1
2630,2023-05-02,4,0,4,0,0,5
2631,2023-05-03,2,0,5,0,0,2
2632,2023-05-04,1,2,1,0,0,2
2633,2023-05-05,0,0,2,0,1,3
2634,2023-05-06,1,0,1,0,1,2
2635,2023-05-09,1,0,4,0,0,5
2636,2023-05-10,0,0,6,0,0,6
2637,2023-05-11,2,0,2,0,7,9
2638,2023-05-13,1,0,2,0,0,2
2639,2023-05-16,0,3,5,0,1,3
2640,2023-05-17,3,0,0,0,1,4
2641,2023-05-18,0,0,4,0,11,10
2642,2023-05-19,0,2,1,0,0,3
2643,2023-05-20,0,2,5,0,0,6
2644,2023-05-21,0,0,0,0,4,4
2645,2023-05-23,0,2,6,0,0,6
2646,2023-05-24,0,2,1,0,0,3
2647,2023-05-25,1,0,3,0,0,4
2648,2023-05-26,1,0,1,0,0,1
2649,2023-05-27,4,0,4,0,0,7
2650,2023-05-30,1,2,5,0,0,5
2651,2023-06-01,1,2,4,0,0,7
2652,2023-06-02,1,0,1,0,0,2
2653,2023-06-06,3,0,5,0,4,11
2654,2023-06-07,1,0,0,0,0,1
2655,2023-06-08,1,2,0,0,2,5
2656,2023-06-09,0,0,4,0,0,1
2657,2023-06-10,1,0,2,1,0,2
2658,2023-06-13,0,0,0,0,1,0
2659,2023-06-14,1,1,4,0,1,5
2660,2023-06-15,0,2,4,0,0,6
2661,2023-06-16,0,2,0,0,0,1
2662,2023-06-17,1,1,3,0,0,3
2663,2023-06-19,0,0,1,0,0,1
2664,2023-06-20,0,0,0,0,1,1
2665,2023-06-21,1,0,3,0,0,3
2666,2023-06-22,0,0,1,0,0,1
2667,2023-06-23,0,5,1,0,5,7
2668,2023-06-24,2,2,4,0,6,13
2669,2023-06-25,0,0,0,0,5,5
2670,2023-06-27,0,1,3,0,2,6
2671,2023-06-28,1,2,0,0,0,2
2672,2023-06-29,2,0,3,0,1,5
2673,2023-06-30,1,0,3,0,1,3
2674,2023-07-01,0,0,1,0,1,1
2675,2023-07-03,0,0,1,0,0,1
2676,2023-07-05,3,0,6,0,0,8
2677,2023-07-06,1,0,6,0,0,6
2678,2023-07-07,4,0,3,0,1,7
2679,2023-07-08,2,0,1,0,0,1
2680,2023-07-11,0,0,8,0,0,5
2681,2023-07-12,0,1,1,0,0,2
2682,2023-07-13,2,0,3,0,0,4
2683,2023-07-14,1,0,3,0,1,2
2684,2023-07-15,2,0,2,0,2,3
2685,2023-07-17,0,0,0,0,1,1
2686,2023-07-18,0,0,6,0,0,4
2687,2023-07-19,4,0,1,0,0,5
2688,2023-07-20,1,3,1,0,0,4
2689,2023-07-21,1,0,1,0,0,2
2690,2023-07-22,1,0,0,0,0,1
2691,2023-07-25,0,0,4,0,0,3
2692,2023-07-26,1,0,1,0,3,3
2693,2023-07-27,1,0,3,0,0,2
2694,2023-07-28,2,1,3,0,0,3
2695,2023-07-29,1,0,3,0,0,4
2696,2023-07-30,0,0,0,1,0,1
2697,2023-08-01,0,2,2,0,0,1
2698,2023-08-02,0,3,2,0,3,6
2699,2023-08-03,0,3,0,0,0,3
2700,2023-08-04,2,0,3,0,0,3
2701,2023-08-05,1,1,1,0,0,1
2702,2023-08-07,0,0,0,0,4,0
2703,2023-08-08,1,0,3,0,0,4
2704,2023-08-09,0,1,3,0,0,2
2705,2023-08-10,0,2,1,0,0,1
2706,2023-08-11,0,2,1,0,0,2
2707,2023-08-12,0,0,1,0,0,1
2708,2023-08-15,1,0,5,0,2,4
2709,2023-08-16,1,0,4,0,0,3
2710,2023-08-17,3,0,2,0,0,5
2711,2023-08-18,0,3,6,0,0,7
2712,2023-08-19,3,0,0,0,0,2
2713,2023-08-22,0,0,5,0,0,4
2714,2023-08-23,1,1,2,0,2,4
2715,2023-08-24,2,0,1,0,0,2
2716,2023-08-25,2,2,0,0,0,3
2717,2023-08-26,4,0,0,0,0,3
2718,2023-08-29,4,0,4,0,0,5
2719,2023-08-30,0,1,1,0,0,2
2720,2023-08-31,1,0,3,0,1,5
2721,2023-09-01,4,4,0,0,0,8
2722,2023-09-02,5,0,3,0,0,7
2723,2023-09-05,2,0,4,0,0,5
2724,2023-09-06,0,0,1,0,0,1
2725,2023-09-07,2,0,3,0,1,5
2726,2023-09-08,3,0,2,0,1,6
2727,2023-09-09,0,0,1,0,4,4
2728,2023-09-12,3,1,2,0,0,3
2729,2023-09-13,0,0,1,0,0,0
2730,2023-09-14,0,0,5,0,0,3
2731,2023-09-15,2,0,2,0,0,1
2732,2023-09-16,1,2,2,0,0,4
2733,2023-09-17,0,1,0,0,0,1
2734,2023-09-18,0,2,1,0,0,3
2735,2023-09-19,1,0,9,0,0,5
2736,2023-09-20,0,0,2,0,2,3
2737,2023-09-21,0,0,1,0,1,2
2738,2023-09-22,0,0,1,0,0,0
2739,2023-09-23,1,1,2,0,0,3
2740,2023-09-26,3,2,4,0,0,8
2741,2023-09-27,0,0,3,0,0,0
2742,2023-09-28,0,0,1,0,0,0
2743,2023-09-29,1,0,5,0,0,5
2744,2023-09-30,1,0,1,0,1,2
2745,2023-10-02,0,1,0,0,0,1
2746,2023-10-03,4,0,3,0,0,5
2747,2023-10-04,0,0,2,0,0,1
2748,2023-10-05,0,2,1,0,0,0
2749,2023-10-06,2,0,6,0,0,7
2750,2023-10-07,3,0,7,0,0,5
2751,2023-10-10,3,0,1,0,0,4
2752,2023-10-11,2,1,6,0,1,6
2753,2023-10-12,1,0,3,0,0,4
2754,2023-10-13,2,0,1,0,0,3
2755,2023-10-14,2,0,3,0,0,4
2756,2023-10-16,0,1,2,0,0,2
2757,2023-10-17,0,0,2,0,0,2
2758,2023-10-18,0,1,2,0,0,2
2759,2023-10-19,0,2,1,0,0,3
2760,2023-10-20,1,0,0,0,0,1
2761,2023-10-21,3,0,1,0,0,3
2762,2023-10-24,1,2,6,0,0,6
2763,2023-10-25,1,0,3,0,0,1
2764,2023-10-26,1,0,4,0,0,4
2765,2023-10-27,2,2,3,0,0,5
2766,2023-10-28,3,0,6,0,0,5
2767,2023-10-31,2,0,1,0,0,0
2768,2023-11-01,2,0,5,0,0,7
2769,2023-11-02,1,2,1,0,0,3
2770,2023-11-03,2,0,2,0,0,2
2771,2023-11-04,4,0,1,0,0,5
2772,2023-11-07,5,3,5,0,0,12
2773,2023-11-08,0,0,5,0,1,6
2774,2023-11-09,0,0,1,0,0,1
2775,2023-11-11,3,0,2,0,0,4
2776,2023-11-13,0,1,1,0,0,1
2777,2023-11-14,2,0,2,0,0,4
2778,2023-11-15,2,0,2,0,1,4
2779,2023-11-16,2,0,4,0,0,3
2780,2023-11-17,1,0,4,0,1,5
2781,2023-11-18,3,0,3,0,0,1
2782,2023-11-20,0,0,1,0,0,1
2783,2023-11-21,3,0,2,0,4,8
2784,2023-11-22,1,2,2,0,11,12
2785,2023-11-28,0,4,3,0,6,11
2786,2023-11-29,0,3,1,0,0,4
2787,2023-11-30,0,0,4,0,0,4
2788,2023-12-01,0,5,1,0,0,2
2789,2023-12-02,0,3,5,0,1,5
2790,2023-12-04,0,0,1,0,0,1
2791,2023-12-05,1,1,2,0,0,3
2792,2023-12-06,1,1,1,0,0,2
2793,2023-12-07,0,3,1,0,0,3
2794,2023-12-08,2,1,5,0,1,8
2795,2023-12-09,4,0,2,0,13,14
2796,2023-12-10,0,0,0,0,1,1
2797,2023-12-12,0,1,15,0,1,2
2798,2023-12-13,1,0,4,0,10,14
2799,2023-12-14,0,0,11,0,0,2
2800,2023-12-15,0,0,1,0,0,1
2801,2023-12-16,5,2,6,0,0,10
2802,2023-12-18,0,1,0,0,0,1
2803,2023-12-19,0,0,4,0,0,4
2804,2023-12-20,3,0,3,0,0,2
2805,2023-12-21,0,1,1,0,0,1
2806,2023-12-22,2,0,1,0,0,1
2807,2023-12-23,0,1,1,0,0,1
2808,2023-12-24,0,0,0,0,4,2
2809,2023-12-27,1,0,4,0,0,2
2810,2023-12-28,1,2,2,0,0,5
2811,2023-12-29,1,1,1,0,0,2
2812,2023-12-30,0,0,1,0,0,0
2813,2024-01-02,1,4,5,0,0,9
2814,2024-01-03,1,0,4,0,0,4
2815,2024-01-04,0,2,3,0,0,5
2816,2024-01-05,1,0,2,0,0,3
2817,2024-01-06,4,0,3,0,0,4
2818,2024-01-08,0,3,1,0,0,4
2819,2024-01-09,3,0,8,0,0,8
2820,2024-01-10,1,0,4,0,0,5
2821,2024-01-11,1,0,1,0,0,1
2822,2024-01-12,0,0,5,0,0,2
2823,2024-01-13,2,2,2,0,1,4
2824,2024-01-16,2,1,0,0,6,7
2825,2024-01-17,0,0,4,0,0,2
2826,2024-01-18,0,1,2,0,0,2
2827,2024-01-19,1,4,2,0,1,7
2828,2024-01-20,1,0,2,0,1,3
2829,2024-01-23,2,0,7,0,6,8
2830,2024-01-24,0,0,2,0,0,1
2831,2024-01-25,0,0,2,0,0,1
2832,2024-01-26,2,1,1,0,0,3
2833,2024-01-27,0,2,1,0,0,3
2834,2024-01-29,0,0,1,0,2,3
2835,2024-01-30,0,4,7,0,0,10
2836,2024-02-01,0,0,3,0,0,2
2837,2024-02-02,0,0,3,0,0,3
2838,2024-02-03,1,0,3,0,0,3
2839,2024-02-04,0,6,0,0,0,5
2840,2024-02-06,0,0,3,0,0,1
2841,2024-02-07,0,0,3,0,5,7
2842,2024-02-08,0,2,0,0,0,0
2843,2024-02-09,0,0,4,0,0,4
2844,2024-02-10,3,3,4,0,0,7
2845,2024-02-12,0,0,0,1,0,1
2846,2024-02-13,3,0,6,0,0,9
2847,2024-02-14,1,0,4,0,0,3
2848,2024-02-15,0,0,2,0,0,0
2849,2024-02-16,1,0,0,0,0,1
2850,2024-02-17,1,0,2,0,0,2
2851,2024-02-20,0,4,3,0,0,3
2852,2024-02-21,0,1,1,0,6,8
2853,2024-02-22,0,2,4,0,0,4
2854,2024-02-23,0,0,3,0,3,5
2855,2024-02-24,3,1,4,0,14,15
2856,2024-02-27,3,0,5,0,4,12
2857,2024-02-28,1,2,2,1,1,6
2858,2024-02-29,0,0,0,0,8,8
2859,2024-03-01,2,4,3,0,0,8
2860,2024-03-02,2,1,2,0,1,4
2861,2024-03-05,4,0,0,0,0,3
2862,2024-03-06,0,0,2,0,1,3
2863,2024-03-07,0,0,5,0,0,2
2864,2024-03-08,1,2,2,0,0,3
2865,2024-03-09,3,0,3,0,0,4
2866,2024-03-12,0,0,1,1,0,1
2867,2024-03-13,1,0,6,0,0,6
2868,2024-03-14,1,0,5,0,0,6
2869,2024-03-15,1,0,0,0,0,0
2870,2024-03-16,2,0,2,0,0,4
2871,2024-03-17,0,0,0,0,1,0
2872,2024-03-18,0,0,1,0,1,2
2873,2024-03-19,1,5,9,0,0,8
2874,2024-03-20,0,0,4,0,2,4
2875,2024-03-21,0,3,0,0,0,3
2876,2024-03-22,1,0,3,0,0,2
2877,2024-03-23,4,1,2,0,0,5
2878,2024-03-25,0,2,0,0,0,1
2879,2024-03-26,3,0,6,0,0,7
2880,2024-03-27,3,0,6,0,0,4
2881,2024-03-28,1,0,3,0,0,2
2882,2024-03-29,1,0,2,0,0,2
2883,2024-03-30,2,0,4,0,2,6
2884,2024-04-02,2,1,4,0,0,7
2885,2024-04-03,1,0,0,0,0,0
2886,2024-04-04,3,2,2,0,7,12
2887,2024-04-05,0,0,4,0,0,2
2888,2024-04-06,2,0,3,0,0,3
2889,2024-04-08,0,4,0,0,1,4
2890,2024-04-09,1,0,10,0,0,6
2891,2024-04-10,2,0,3,0,0,2
2892,2024-04-11,1,0,1,0,3,4
2893,2024-04-12,0,0,2,0,0,0
2894,2024-04-13,2,0,3,0,0,3
2895,2024-04-15,0,1,0,0,0,1
2896,2024-04-16,0,0,8,0,0,6
2897,2024-04-17,0,1,1,0,0,2
2898,2024-04-18,2,0,7,0,0,5
2899,2024-04-19,1,0,1,0,0,2
2900,2024-04-20,1,1,0,0,0,2
2901,2024-04-23,1,3,2,0,0,5
2902,2024-04-24,3,2,3,0,0,8
2903,2024-04-25,1,2,3,0,0,6
2904,2024-04-26,1,0,0,0,2,3
2905,2024-04-27,2,0,1,0,0,3
2906,2024-04-29,0,2,2,0,0,4
2907,2024-04-30,2,0,5,0,0,7
2908,2024-05-01,1,0,1,0,0,1
2909,2024-05-02,0,0,3,0,0,3
2910,2024-05-03,1,0,1,0,0,2
2911,2024-05-04,3,2,0,0,0,2
2912,2024-05-06,0,2,0,0,0,2
2913,2024-05-07,2,0,2,0,5,9
2914,2024-05-08,1,0,10,0,0,8
2915,2024-05-10,0,2,3,0,0,4
2916,2024-05-11,2,0,11,0,0,8
2917,2024-05-13,0,1,0,0,0,1
2918,2024-05-14,0,0,6,0,0,6
2919,2024-05-15,0,0,2,0,0,1
