,intake_date,stray_abandoned,euthanasia,public_assist,owner_surrender,other,TotalIntakes
0,2013-08-22,0,0,0,0,0,0
1,2013-08-31,1,0,0,0,0,1
2,2013-09-19,1,0,0,0,0,1
3,2013-10-01,0,0,0,1,0,0
4,2013-10-08,1,0,0,0,0,1
5,2013-10-09,1,0,0,0,0,1
6,2013-10-30,1,0,0,0,0,1
7,2013-11-02,1,0,0,0,0,1
8,2013-11-12,0,0,0,0,0,0
9,2013-11-16,0,0,0,1,1,0
10,2013-11-21,0,0,0,1,0,0
11,2013-12-02,0,0,0,0,0,0
12,2013-12-03,1,0,0,0,0,1
13,2013-12-04,1,0,0,1,0,1
14,2013-12-05,1,0,0,0,0,1
15,2013-12-06,0,0,0,1,0,0
16,2013-12-07,1,0,0,1,0,1
17,2013-12-09,0,0,0,0,0,0
18,2013-12-10,1,0,0,1,0,1
19,2013-12-11,4,0,0,0,0,4
20,2013-12-12,2,0,1,0,0,2
21,2013-12-13,0,0,0,2,0,0
22,2013-12-14,1,0,0,0,0,1
23,2013-12-15,1,0,0,0,0,1
24,2013-12-16,1,0,0,0,0,1
25,2013-12-17,2,0,0,1,0,2
26,2013-12-18,1,0,0,0,0,1
27,2013-12-20,3,0,0,3,2,3
28,2013-12-21,3,0,0,0,1,3
29,2013-12-23,3,0,1,0,0,3
30,2013-12-24,3,0,0,0,0,3
31,2013-12-26,3,0,0,3,0,3
32,2013-12-28,6,0,0,2,2,6
33,2013-12-29,2,0,0,0,1,2
34,2013-12-31,6,0,2,1,0,6
35,2014-01-01,1,0,0,0,0,1
36,2014-01-02,6,0,0,4,1,6
37,2014-01-03,2,0,0,2,0,2
38,2014-01-04,4,0,2,2,1,4
39,2014-01-05,2,0,0,0,0,2
40,2014-01-06,0,0,0,0,0,0
41,2014-01-07,2,0,0,0,0,2
42,2014-01-08,2,0,0,0,0,2
43,2014-01-09,3,0,6,0,1,3
44,2014-01-10,3,0,0,0,1,3
45,2014-01-11,3,0,0,2,0,3
46,2014-01-12,1,0,1,0,0,1
47,2014-01-13,1,0,0,0,0,1
48,2014-01-14,4,0,0,0,1,4
49,2014-01-15,5,0,1,0,0,5
50,2014-01-16,5,0,0,0,1,5
51,2014-01-17,1,0,0,1,0,1
52,2014-01-18,2,0,2,1,0,2
53,2014-01-19,2,0,0,0,0,2
54,2014-01-20,5,0,0,0,3,5
55,2014-01-21,3,0,0,1,1,3
56,2014-01-22,2,0,1,0,0,2
57,2014-01-23,1,0,0,3,0,1
58,2014-01-24,7,0,0,0,0,7
59,2014-01-25,1,0,0,2,1,1
60,2014-01-27,0,0,2,0,0,0
61,2014-01-28,6,0,1,3,0,6
62,2014-01-29,3,0,0,0,1,3
63,2014-01-30,4,0,0,1,1,4
64,2014-01-31,3,0,0,0,1,3
65,2014-02-01,1,0,0,0,0,1
66,2014-02-03,4,0,0,0,0,4
67,2014-02-04,4,0,0,3,0,4
68,2014-02-05,1,0,1,1,0,1
69,2014-02-06,3,0,1,1,0,3
70,2014-02-07,3,0,0,0,0,3
71,2014-02-09,2,0,1,0,0,2
72,2014-02-10,0,0,0,0,1,0
73,2014-02-11,6,0,0,1,0,6
74,2014-02-13,5,0,1,0,0,5
75,2014-02-14,4,0,1,1,0,4
76,2014-02-15,4,0,1,1,0,4
77,2014-02-16,0,0,1,0,0,0
78,2014-02-17,0,0,1,0,0,0
79,2014-02-18,4,0,0,2,1,4
80,2014-02-19,2,0,0,1,0,2
81,2014-02-20,3,0,0,0,0,3
82,2014-02-21,6,0,1,4,0,6
83,2014-02-22,2,0,0,1,0,2
84,2014-02-23,0,0,0,0,0,0
85,2014-02-24,3,0,1,0,0,3
86,2014-02-25,6,0,0,1,0,6
87,2014-02-26,2,0,1,1,1,2
88,2014-02-27,4,0,0,1,0,4
89,2014-02-28,2,0,3,1,0,2
90,2014-03-01,2,0,0,0,0,2
91,2014-03-02,0,0,0,1,0,0
92,2014-03-03,0,0,1,0,0,0
93,2014-03-04,2,0,0,3,0,2
94,2014-03-05,2,0,0,0,0,2
95,2014-03-06,6,0,0,0,0,6
96,2014-03-07,5,0,0,0,1,5
97,2014-03-08,1,0,0,1,0,1
98,2014-03-09,1,0,0,0,0,1
99,2014-03-10,3,0,0,0,0,3
100,2014-03-11,7,0,0,4,0,7
101,2014-03-12,2,0,1,0,0,2
102,2014-03-13,1,0,1,2,1,1
103,2014-03-14,2,0,0,1,0,2
104,2014-03-15,2,0,0,1,0,2
105,2014-03-16,1,0,0,0,0,1
106,2014-03-17,2,0,0,0,0,2
107,2014-03-18,5,0,0,1,0,5
108,2014-03-19,1,0,0,1,0,1
109,2014-03-20,4,0,1,2,0,4
110,2014-03-21,0,0,0,0,1,0
111,2014-03-22,3,0,0,1,0,3
112,2014-03-23,1,0,0,0,1,1
113,2014-03-24,3,0,0,0,0,3
114,2014-03-25,3,0,1,0,0,3
115,2014-03-26,2,0,0,1,1,2
116,2014-03-27,2,0,0,0,0,2
117,2014-03-28,1,0,0,2,0,1
118,2014-03-29,2,0,0,1,1,2
119,2014-03-30,0,0,1,0,0,0
120,2014-03-31,3,0,0,0,0,3
121,2014-04-01,7,0,0,1,0,7
122,2014-04-02,4,0,0,0,1,4
123,2014-04-03,3,0,0,1,0,3
124,2014-04-04,2,0,1,1,0,2
125,2014-04-05,6,0,0,1,1,6
126,2014-04-06,1,0,0,0,0,1
127,2014-04-07,4,0,2,0,0,4
128,2014-04-08,8,0,2,2,1,8
129,2014-04-09,1,0,1,0,0,1
130,2014-04-10,1,0,3,2,1,1
131,2014-04-11,5,0,1,0,0,5
132,2014-04-12,3,0,0,2,2,3
133,2014-04-13,2,0,0,0,0,2
134,2014-04-14,1,0,1,0,0,1
135,2014-04-15,1,0,1,0,0,1
136,2014-04-16,1,0,1,1,0,1
137,2014-04-17,1,0,1,1,0,1
138,2014-04-18,3,0,0,1,0,3
139,2014-04-19,3,0,0,1,1,3
140,2014-04-21,5,0,1,0,3,5
141,2014-04-22,4,0,0,6,1,4
142,2014-04-23,1,0,0,5,0,1
143,2014-04-24,5,0,0,0,0,5
144,2014-04-25,7,0,0,1,0,7
145,2014-04-26,6,0,1,1,0,6
146,2014-04-28,1,0,0,0,0,1
147,2014-04-29,4,0,1,3,0,4
148,2014-04-30,4,0,0,3,1,4
149,2014-05-01,4,0,1,0,0,4
150,2014-05-02,5,0,0,1,1,5
151,2014-05-03,1,0,0,0,0,1
152,2014-05-04,1,0,1,0,0,1
153,2014-05-05,4,0,2,0,0,4
154,2014-05-06,2,0,0,1,1,2
155,2014-05-07,2,0,0,2,0,2
156,2014-05-08,5,0,0,1,1,5
157,2014-05-09,2,0,0,0,1,2
158,2014-05-10,3,0,2,0,0,3
159,2014-05-11,0,0,0,0,0,0
160,2014-05-12,1,0,1,0,0,1
161,2014-05-13,1,0,0,2,2,1
162,2014-05-14,3,0,0,2,2,3
163,2014-05-15,3,0,0,1,0,3
164,2014-05-16,6,0,1,1,0,6
165,2014-05-17,4,0,2,0,2,4
166,2014-05-19,1,0,0,0,0,1
167,2014-05-20,5,0,2,1,0,5
168,2014-05-21,3,0,0,4,2,3
169,2014-05-22,6,0,0,1,1,6
170,2014-05-23,3,0,1,3,1,3
171,2014-05-24,3,0,0,1,0,3
172,2014-05-26,1,0,1,0,0,1
173,2014-05-27,10,0,0,1,1,10
174,2014-05-28,2,0,0,2,1,2
175,2014-05-29,3,0,2,1,1,3
176,2014-05-30,1,0,0,0,0,1
177,2014-05-31,3,0,0,3,1,3
178,2014-06-01,0,0,2,0,0,0
179,2014-06-02,6,0,0,0,0,6
180,2014-06-03,2,0,0,2,0,2
181,2014-06-04,7,0,0,1,1,7
182,2014-06-05,2,0,2,2,1,2
183,2014-06-06,3,0,0,1,1,3
184,2014-06-07,2,0,2,0,0,2
185,2014-06-08,0,0,1,0,0,0
186,2014-06-09,1,0,1,1,1,1
187,2014-06-10,3,0,2,0,0,3
188,2014-06-11,6,0,4,1,1,6
189,2014-06-12,4,0,3,0,0,4
190,2014-06-13,7,0,0,0,0,7
191,2014-06-14,4,0,1,0,0,4
192,2014-06-15,2,0,0,0,0,2
193,2014-06-16,0,0,0,1,0,0
194,2014-06-17,2,0,0,2,0,2
195,2014-06-18,4,0,0,0,0,4
196,2014-06-19,4,0,0,2,3,4
197,2014-06-20,7,0,0,1,1,7
198,2014-06-21,4,0,0,3,1,4
199,2014-06-22,1,0,0,0,1,1
200,2014-06-23,0,0,0,0,0,0
201,2014-06-24,1,0,2,0,1,1
202,2014-06-25,3,0,0,1,0,3
203,2014-06-26,8,0,0,1,1,8
204,2014-06-27,4,0,0,8,1,4
205,2014-06-30,1,0,0,0,0,1
206,2014-07-01,2,0,2,4,0,2
207,2014-07-02,3,0,0,1,0,3
208,2014-07-03,5,0,4,0,1,5
209,2014-07-04,2,0,1,0,0,2
210,2014-07-05,9,0,0,1,0,9
211,2014-07-06,1,0,0,0,0,1
212,2014-07-07,3,0,1,0,0,3
213,2014-07-08,2,0,0,3,1,2
214,2014-07-09,5,0,0,1,0,5
215,2014-07-10,2,0,1,3,1,2
216,2014-07-11,6,0,0,1,1,6
217,2014-07-12,4,0,1,0,0,4
218,2014-07-14,3,0,0,0,0,3
219,2014-07-15,5,0,0,0,0,5
220,2014-07-16,7,0,0,1,1,7
221,2014-07-17,6,0,0,0,1,6
222,2014-07-18,2,0,1,1,0,2
223,2014-07-19,9,0,0,1,1,9
224,2014-07-21,3,0,2,0,1,3
225,2014-07-22,2,0,2,3,0,2
226,2014-07-23,7,0,0,0,0,7
227,2014-07-24,3,0,0,3,0,3
228,2014-07-25,2,0,2,1,0,2
229,2014-07-26,6,0,0,3,0,6
230,2014-07-27,2,0,0,0,0,2
231,2014-07-28,0,0,0,1,0,0
232,2014-07-29,2,0,1,1,0,2
233,2014-07-30,4,0,0,0,1,4
234,2014-07-31,4,0,0,0,0,4
235,2014-08-01,2,0,0,2,0,2
236,2014-08-02,5,0,2,1,2,5
237,2014-08-03,1,0,0,0,0,1
238,2014-08-04,2,0,0,0,1,2
239,2014-08-05,5,0,0,5,3,5
240,2014-08-06,2,0,0,2,3,2
241,2014-08-07,1,0,0,0,1,1
242,2014-08-08,7,0,0,1,0,7
243,2014-08-09,3,0,5,2,0,3
244,2014-08-10,2,0,0,0,0,2
245,2014-08-11,1,0,0,0,0,1
246,2014-08-12,8,0,2,0,0,8
247,2014-08-13,5,0,1,2,3,5
248,2014-08-14,4,0,0,1,1,4
249,2014-08-15,2,0,0,0,0,2
250,2014-08-16,4,0,0,1,0,4
251,2014-08-17,0,0,1,0,0,0
252,2014-08-18,1,0,6,8,2,1
253,2014-08-19,4,0,0,6,1,4
254,2014-08-20,7,0,0,0,0,7
255,2014-08-21,4,0,0,1,2,4
256,2014-08-22,3,0,1,0,1,3
257,2014-08-23,1,0,0,0,0,1
258,2014-08-24,2,0,3,0,0,2
259,2014-08-25,4,0,0,0,0,4
260,2014-08-26,8,0,0,2,2,8
261,2014-08-27,3,0,2,1,1,3
262,2014-08-28,3,0,0,1,1,3
263,2014-08-29,5,0,1,1,2,5
264,2014-08-30,1,0,0,1,0,1
265,2014-09-01,2,0,0,0,0,2
266,2014-09-02,4,0,4,4,2,4
267,2014-09-03,6,0,0,0,1,6
268,2014-09-04,2,0,0,1,0,2
269,2014-09-05,2,0,0,1,0,2
270,2014-09-06,1,0,0,0,0,1
271,2014-09-07,1,0,2,0,0,1
272,2014-09-08,1,0,2,0,0,1
273,2014-09-09,7,0,2,0,1,7
274,2014-09-10,2,0,1,0,0,2
275,2014-09-11,2,0,0,0,0,2
276,2014-09-12,5,0,1,2,2,5
277,2014-09-13,1,0,0,0,0,1
278,2014-09-14,4,0,1,0,3,4
279,2014-09-16,4,0,1,2,2,4
280,2014-09-17,4,0,0,0,0,4
281,2014-09-18,2,0,2,0,0,2
282,2014-09-19,1,0,0,0,0,1
283,2014-09-20,9,0,0,2,1,9
284,2014-09-21,3,0,0,0,0,3
285,2014-09-22,2,0,0,1,1,2
286,2014-09-23,11,0,4,0,2,11
287,2014-09-24,4,0,0,2,2,4
288,2014-09-25,4,0,0,0,1,4
289,2014-09-26,5,0,2,0,2,5
290,2014-09-27,8,0,0,0,1,8
291,2014-09-28,1,0,0,1,0,1
292,2014-09-29,2,0,0,0,0,2
293,2014-09-30,4,0,1,1,1,4
294,2014-10-01,3,0,1,3,0,3
295,2014-10-02,4,0,2,2,1,4
296,2014-10-03,3,0,1,1,1,3
297,2014-10-04,0,0,1,0,0,0
298,2014-10-05,2,0,0,0,0,2
299,2014-10-07,5,0,2,2,0,5
300,2014-10-08,4,0,0,0,1,4
301,2014-10-09,4,0,0,0,0,4
302,2014-10-10,12,0,1,2,2,12
303,2014-10-11,6,0,0,0,1,6
304,2014-10-13,1,0,3,0,0,1
305,2014-10-14,8,0,0,2,0,8
306,2014-10-15,6,0,0,1,1,6
307,2014-10-16,6,0,2,0,0,6
308,2014-10-17,1,0,1,3,1,1
309,2014-10-18,5,0,0,1,0,5
310,2014-10-19,0,0,0,1,1,0
311,2014-10-20,2,0,0,0,0,2
312,2014-10-21,11,0,0,2,2,11
313,2014-10-22,3,0,0,0,0,3
314,2014-10-23,8,0,3,0,0,8
315,2014-10-24,6,0,0,0,1,6
316,2014-10-25,5,0,2,0,0,5
317,2014-10-26,2,0,1,0,0,2
318,2014-10-27,1,0,0,0,0,1
319,2014-10-28,2,0,0,2,1,2
320,2014-10-29,3,0,0,1,2,3
321,2014-10-30,0,0,2,0,0,0
322,2014-10-31,3,0,1,1,0,3
323,2014-11-01,5,0,2,2,1,5
324,2014-11-02,1,0,0,0,0,1
325,2014-11-03,1,0,0,0,0,1
326,2014-11-04,6,0,0,1,1,6
327,2014-11-05,2,0,2,0,0,2
328,2014-11-06,2,0,0,0,0,2
329,2014-11-07,5,0,0,0,0,5
330,2014-11-08,3,0,0,1,1,3
331,2014-11-09,1,0,0,0,0,1
332,2014-11-10,3,0,0,0,0,3
333,2014-11-12,3,0,0,0,0,3
334,2014-11-13,3,0,0,1,0,3
335,2014-11-14,9,0,0,0,1,9
336,2014-11-15,6,0,0,0,1,6
337,2014-11-16,0,0,2,0,0,0
338,2014-11-17,3,0,1,0,0,3
339,2014-11-18,9,0,2,10,0,9
340,2014-11-19,4,0,0,1,0,4
341,2014-11-20,1,0,0,0,0,1
342,2014-11-21,3,0,0,0,0,3
343,2014-11-22,5,0,0,0,2,5
344,2014-11-23,0,0,1,0,0,0
345,2014-11-24,3,0,2,0,0,3
346,2014-11-25,5,0,0,1,0,5
347,2014-11-26,11,0,3,0,1,11
348,2014-11-27,3,0,0,0,0,3
349,2014-11-29,5,0,0,0,0,5
350,2014-11-30,0,0,3,0,0,0
351,2014-12-01,3,0,0,2,1,3
352,2014-12-02,4,0,2,2,1,4
353,2014-12-03,3,0,0,0,0,3
354,2014-12-04,6,0,2,1,1,6
355,2014-12-05,4,0,0,0,0,4
356,2014-12-06,5,0,1,0,0,5
357,2014-12-07,0,0,2,0,0,0
358,2014-12-08,2,0,1,0,0,2
359,2014-12-09,7,0,1,0,2,7
360,2014-12-10,2,0,3,1,0,2
361,2014-12-11,1,0,2,0,0,1
362,2014-12-12,7,0,0,1,0,7
363,2014-12-13,4,0,0,1,1,4
364,2014-12-14,3,0,0,0,0,3
365,2014-12-15,2,0,0,0,0,2
366,2014-12-16,9,0,0,9,0,9
367,2014-12-17,3,0,1,0,0,3
368,2014-12-18,6,0,0,0,0,6
369,2014-12-19,5,0,2,0,0,5
370,2014-12-20,4,0,0,0,0,4
371,2014-12-21,1,0,1,0,0,1
372,2014-12-22,9,0,1,0,0,9
373,2014-12-23,9,0,0,0,0,9
374,2014-12-24,1,0,0,0,0,1
375,2014-12-25,3,0,0,0,0,3
376,2014-12-26,4,0,0,0,1,4
377,2014-12-27,3,0,2,0,0,3
378,2014-12-28,2,0,0,0,1,2
379,2014-12-29,6,0,0,0,1,6
380,2014-12-30,8,0,0,2,1,8
381,2014-12-31,9,0,0,0,1,9
382,2015-01-01,1,0,0,0,0,1
383,2015-01-02,7,0,0,1,1,7
384,2015-01-03,4,0,0,1,0,4
385,2015-01-05,4,0,0,0,0,4
386,2015-01-06,8,0,1,0,0,8
387,2015-01-07,4,0,0,2,0,4
388,2015-01-08,11,0,1,1,1,11
389,2015-01-09,2,0,2,0,1,2
390,2015-01-10,5,0,4,3,0,5
391,2015-01-12,4,0,0,0,0,4
392,2015-01-13,7,0,0,1,0,7
393,2015-01-14,8,0,1,1,0,8
394,2015-01-15,5,0,3,0,0,5
395,2015-01-16,1,0,1,0,0,1
396,2015-01-17,3,0,0,2,0,3
397,2015-01-20,5,0,2,0,0,5
398,2015-01-21,1,0,0,0,0,1
399,2015-01-22,2,0,0,0,0,2
400,2015-01-23,2,0,0,0,0,2
401,2015-01-24,7,0,0,3,1,7
402,2015-01-25,2,0,0,0,0,2
403,2015-01-27,12,0,0,0,2,12
404,2015-01-28,10,0,0,1,1,10
405,2015-01-29,5,0,0,2,1,5
406,2015-01-30,3,0,3,0,0,3
407,2015-01-31,3,0,1,0,0,3
408,2015-02-01,1,0,0,1,0,1
409,2015-02-02,1,0,0,0,0,1
410,2015-02-03,6,0,0,0,2,6
411,2015-02-04,3,0,1,2,1,3
412,2015-02-05,2,0,0,3,0,2
413,2015-02-06,2,0,0,0,0,2
414,2015-02-07,6,0,0,0,0,6
415,2015-02-09,1,0,2,0,0,1
416,2015-02-10,5,0,0,1,2,5
417,2015-02-11,2,0,0,0,0,2
418,2015-02-13,4,0,0,1,1,4
419,2015-02-14,2,0,0,1,0,2
420,2015-02-15,1,0,0,0,0,1
421,2015-02-16,0,0,1,0,0,0
422,2015-02-17,2,0,1,1,0,2
423,2015-02-18,3,0,4,2,0,3
424,2015-02-19,6,0,1,1,0,6
425,2015-02-20,4,0,1,3,0,4
426,2015-02-21,7,0,0,3,0,7
427,2015-02-22,2,0,0,0,0,2
428,2015-02-23,2,0,2,0,0,2
429,2015-02-24,7,0,1,1,0,7
430,2015-02-25,3,0,1,0,0,3
431,2015-02-26,2,0,2,0,0,2
432,2015-02-27,2,0,1,2,0,2
433,2015-02-28,11,0,0,3,2,11
434,2015-03-01,3,0,0,0,0,3
435,2015-03-02,4,0,0,0,0,4
436,2015-03-03,6,0,0,1,0,6
437,2015-03-04,0,0,1,3,0,0
438,2015-03-05,3,0,0,1,1,3
439,2015-03-06,6,0,1,0,1,6
440,2015-03-07,6,0,0,1,1,6
441,2015-03-09,6,0,0,0,0,6
442,2015-03-10,0,0,0,1,0,0
443,2015-03-11,11,0,1,0,0,11
444,2015-03-12,4,0,0,1,0,4
445,2015-03-13,13,0,0,2,0,13
446,2015-03-14,5,0,0,1,1,5
447,2015-03-15,1,0,0,0,0,1
448,2015-03-16,2,0,0,2,1,2
449,2015-03-17,3,0,4,2,0,3
450,2015-03-18,5,0,0,2,1,5
451,2015-03-19,8,0,0,1,2,8
452,2015-03-20,8,0,0,1,1,8
453,2015-03-21,4,0,0,0,0,4
454,2015-03-22,1,0,0,1,0,1
455,2015-03-23,1,0,0,0,0,1
456,2015-03-24,5,0,0,2,2,5
457,2015-03-25,5,0,2,3,1,5
458,2015-03-26,3,0,0,2,3,3
459,2015-03-27,5,0,0,0,0,5
460,2015-03-28,4,0,1,0,0,4
461,2015-03-30,4,0,1,0,1,4
462,2015-03-31,4,0,0,2,1,4
463,2015-04-01,6,0,2,0,1,6
464,2015-04-02,2,0,0,0,0,2
465,2015-04-03,3,0,0,0,0,3
466,2015-04-04,1,0,0,0,0,1
467,2015-04-06,5,0,0,0,0,5
468,2015-04-07,10,0,0,0,1,10
469,2015-04-08,7,0,1,0,3,7
470,2015-04-09,3,0,0,1,0,3
471,2015-04-10,5,0,0,0,0,5
472,2015-04-11,4,0,0,0,0,4
473,2015-04-12,2,0,0,0,0,2
474,2015-04-13,6,0,0,0,0,6
475,2015-04-14,3,0,0,1,1,3
476,2015-04-15,5,0,0,2,1,5
477,2015-04-16,5,0,0,0,1,5
478,2015-04-17,4,0,0,3,0,4
479,2015-04-18,4,0,1,0,0,4
480,2015-04-19,4,0,1,0,0,4
481,2015-04-20,7,0,0,0,0,7
482,2015-04-21,4,0,1,0,0,4
483,2015-04-23,6,0,0,1,0,6
484,2015-04-25,3,0,0,0,0,3
485,2015-04-26,0,0,1,0,0,0
486,2015-04-28,4,0,0,0,0,4
487,2015-04-29,2,0,0,1,0,2
488,2015-04-30,6,0,0,1,0,6
489,2015-05-01,1,0,2,0,0,1
490,2015-05-02,3,0,0,0,2,3
491,2015-05-03,2,0,0,0,0,2
492,2015-05-04,1,0,0,0,0,1
493,2015-05-05,3,0,0,0,1,3
494,2015-05-06,6,0,0,0,1,6
495,2015-05-07,3,0,0,0,1,3
496,2015-05-08,6,0,2,0,1,6
497,2015-05-09,13,0,1,1,1,13
498,2015-05-10,2,0,0,0,0,2
499,2015-05-11,1,0,1,0,1,1
500,2015-05-12,8,0,0,0,1,8
501,2015-05-13,4,0,0,1,0,4
502,2015-05-14,5,0,0,2,1,5
503,2015-05-15,1,0,0,8,3,1
504,2015-05-16,6,0,1,7,1,6
505,2015-05-17,3,0,0,0,0,3
506,2015-05-19,6,0,0,1,0,6
507,2015-05-20,2,0,0,1,0,2
508,2015-05-21,3,0,1,0,1,3
509,2015-05-22,5,0,2,2,3,5
510,2015-05-23,4,0,0,0,0,4
511,2015-05-26,2,0,0,2,0,2
512,2015-05-27,1,0,0,1,0,1
513,2015-05-28,0,0,1,2,0,0
514,2015-05-29,3,0,0,0,0,3
515,2015-05-30,3,0,1,0,0,3
516,2015-06-01,3,0,0,0,0,3
517,2015-06-02,12,0,0,1,2,12
518,2015-06-03,3,0,0,0,0,3
519,2015-06-04,3,0,3,0,0,3
520,2015-06-05,2,0,0,0,0,2
521,2015-06-06,5,0,0,0,1,5
522,2015-06-07,1,0,2,0,0,1
523,2015-06-08,0,0,1,0,0,0
524,2015-06-09,7,0,0,0,1,7
525,2015-06-10,1,0,2,0,0,1
526,2015-06-11,6,0,0,2,2,6
527,2015-06-12,2,0,0,0,0,2
528,2015-06-13,5,0,0,0,1,5
529,2015-06-14,1,0,0,0,0,1
530,2015-06-15,2,0,0,0,0,2
531,2015-06-16,3,0,0,0,0,3
532,2015-06-17,3,0,0,1,0,3
533,2015-06-18,5,0,0,0,0,5
534,2015-06-19,2,0,0,0,0,2
535,2015-06-21,1,0,0,0,0,1
536,2015-06-22,2,0,0,1,0,2
537,2015-06-23,5,0,0,1,1,5
538,2015-06-24,2,0,2,1,2,2
539,2015-06-25,4,0,2,1,1,4
540,2015-06-26,7,0,2,0,1,7
541,2015-06-27,1,0,0,1,0,1
542,2015-06-28,2,0,1,0,0,2
543,2015-06-29,1,0,1,0,0,1
544,2015-06-30,3,0,0,0,0,3
545,2015-07-01,7,0,0,2,1,7
546,2015-07-02,2,0,1,8,0,2
547,2015-07-03,1,0,0,0,0,1
548,2015-07-04,5,0,0,1,0,5
549,2015-07-05,6,0,0,0,0,6
550,2015-07-06,5,0,3,0,0,5
551,2015-07-07,13,0,0,0,2,13
552,2015-07-08,7,0,2,0,1,7
553,2015-07-09,6,0,0,0,1,6
554,2015-07-10,5,0,2,1,0,5
555,2015-07-11,2,0,0,0,0,2
556,2015-07-12,2,0,0,0,0,2
557,2015-07-13,1,0,0,0,0,1
558,2015-07-14,3,0,1,0,1,3
559,2015-07-15,3,0,0,3,1,3
560,2015-07-16,1,0,2,1,0,1
561,2015-07-17,7,0,0,1,1,7
562,2015-07-18,4,0,0,0,0,4
563,2015-07-19,2,0,0,0,0,2
564,2015-07-20,0,0,1,0,0,0
565,2015-07-21,3,0,5,0,0,3
566,2015-07-22,3,0,1,0,0,3
567,2015-07-23,2,0,0,3,0,2
568,2015-07-24,3,0,1,1,0,3
569,2015-07-25,4,0,0,1,2,4
570,2015-07-27,1,0,0,0,0,1
571,2015-07-28,9,0,1,3,2,9
572,2015-07-29,3,0,0,0,0,3
573,2015-07-30,4,0,0,0,0,4
574,2015-07-31,2,0,0,1,0,2
575,2015-08-01,6,0,1,0,0,6
576,2015-08-02,0,0,1,0,0,0
577,2015-08-03,1,0,0,0,0,1
578,2015-08-04,4,0,1,0,0,4
579,2015-08-05,6,0,0,2,2,6
580,2015-08-06,3,0,0,1,0,3
581,2015-08-07,5,0,3,3,1,5
582,2015-08-08,5,0,3,3,5,5
583,2015-08-09,0,0,1,0,0,0
584,2015-08-10,6,0,0,0,3,6
585,2015-08-11,11,0,1,2,2,11
586,2015-08-12,2,0,3,0,0,2
587,2015-08-13,4,0,0,3,2,4
588,2015-08-14,5,0,0,0,0,5
589,2015-08-15,7,0,4,0,0,7
590,2015-08-16,1,0,1,0,0,1
591,2015-08-17,6,0,1,0,0,6
592,2015-08-18,8,0,1,3,0,8
593,2015-08-19,3,0,0,0,0,3
594,2015-08-20,3,0,1,1,0,3
595,2015-08-21,10,0,0,2,4,10
596,2015-08-22,4,0,0,1,1,4
597,2015-08-23,1,0,0,0,0,1
598,2015-08-24,8,0,0,0,0,8
599,2015-08-25,4,0,0,0,1,4
600,2015-08-26,2,0,1,0,0,2
601,2015-08-27,0,0,3,1,0,0
602,2015-08-28,1,0,0,0,1,1
603,2015-08-29,2,0,12,0,0,2
604,2015-08-30,3,0,0,0,0,3
605,2015-08-31,1,0,3,0,0,1
606,2015-09-01,8,0,1,1,1,8
607,2015-09-02,5,0,0,0,0,5
608,2015-09-03,3,0,0,0,0,3
609,2015-09-04,9,0,0,0,2,9
610,2015-09-05,1,0,0,0,0,1
611,2015-09-06,2,0,1,0,0,2
612,2015-09-07,1,0,0,0,0,1
613,2015-09-08,12,0,1,0,1,12
614,2015-09-09,5,0,0,2,1,5
615,2015-09-10,7,0,0,0,0,7
616,2015-09-11,4,0,0,5,1,4
617,2015-09-12,4,0,1,0,0,4
618,2015-09-13,3,0,1,0,0,3
619,2015-09-14,8,0,0,0,0,8
620,2015-09-15,7,0,2,0,5,7
621,2015-09-16,4,0,0,0,1,4
622,2015-09-17,3,0,0,0,0,3
623,2015-09-18,7,0,1,0,1,7
624,2015-09-19,2,0,0,1,1,2
625,2015-09-20,2,0,0,0,0,2
626,2015-09-21,2,0,0,0,0,2
627,2015-09-22,6,0,2,0,2,6
628,2015-09-23,7,0,1,0,0,7
629,2015-09-24,3,0,0,0,0,3
630,2015-09-25,11,0,2,0,0,11
631,2015-09-26,3,0,1,1,0,3
632,2015-09-28,2,0,1,0,0,2
633,2015-09-29,4,0,1,0,0,4
634,2015-09-30,6,0,5,0,1,6
635,2015-10-01,6,0,1,0,0,6
636,2015-10-02,1,0,0,0,0,1
637,2015-10-03,2,0,1,2,0,2
638,2015-10-04,4,0,0,0,1,4
639,2015-10-05,1,0,0,1,0,1
640,2015-10-06,3,0,0,0,0,3
641,2015-10-07,9,0,0,2,0,9
642,2015-10-08,10,0,1,0,0,10
643,2015-10-09,5,0,0,2,2,5
644,2015-10-10,1,0,0,0,1,1
645,2015-10-11,0,0,1,0,0,0
646,2015-10-12,3,0,0,0,1,3
647,2015-10-13,2,0,1,0,0,2
648,2015-10-14,5,0,0,0,1,5
649,2015-10-15,7,0,1,1,1,7
650,2015-10-16,4,0,0,2,2,4
651,2015-10-17,7,0,0,2,3,7
652,2015-10-20,3,0,1,0,0,3
653,2015-10-21,1,0,0,1,0,1
654,2015-10-22,2,0,0,1,0,2
655,2015-10-23,3,0,0,9,2,3
656,2015-10-24,5,0,3,2,2,5
657,2015-10-25,1,0,0,0,0,1
658,2015-10-26,5,0,0,0,0,5
659,2015-10-27,6,0,0,0,2,6
660,2015-10-28,2,0,0,2,1,2
661,2015-10-29,3,0,0,2,2,3
662,2015-10-30,3,0,1,1,0,3
663,2015-10-31,5,0,0,1,1,5
664,2015-11-01,0,0,7,0,0,0
665,2015-11-02,3,0,0,0,0,3
666,2015-11-03,8,0,0,6,2,8
667,2015-11-04,8,0,1,1,0,8
668,2015-11-05,6,0,0,1,0,6
669,2015-11-06,3,0,0,0,0,3
670,2015-11-07,6,0,2,0,1,6
671,2015-11-09,2,0,0,0,0,2
672,2015-11-10,7,0,0,0,0,7
673,2015-11-11,1,0,0,0,0,1
674,2015-11-12,10,0,0,0,1,10
675,2015-11-13,1,0,0,0,0,1
676,2015-11-14,3,0,0,1,0,3
677,2015-11-16,5,0,0,0,0,5
678,2015-11-17,4,0,0,5,1,4
679,2015-11-18,3,0,0,0,0,3
680,2015-11-19,3,0,0,1,1,3
681,2015-11-20,4,0,0,0,0,4
682,2015-11-21,6,0,1,2,0,6
683,2015-11-22,2,0,1,0,0,2
684,2015-11-23,0,0,2,1,0,0
685,2015-11-24,4,0,1,0,0,4
686,2015-11-25,3,0,1,0,1,3
687,2015-11-28,7,0,0,0,2,7
688,2015-11-29,1,0,0,0,0,1
689,2015-11-30,4,0,1,0,0,4
690,2015-12-01,9,0,0,1,0,9
691,2015-12-02,6,0,2,2,0,6
692,2015-12-03,2,0,0,1,0,2
693,2015-12-04,4,0,0,2,0,4
694,2015-12-05,5,0,2,1,2,5
695,2015-12-06,1,0,0,0,0,1
696,2015-12-08,4,0,2,1,1,4
697,2015-12-09,10,0,3,0,1,10
698,2015-12-10,7,0,3,2,3,7
699,2015-12-11,13,0,0,2,0,13
700,2015-12-12,8,0,0,1,0,8
701,2015-12-13,1,0,0,0,0,1
702,2015-12-14,3,0,0,0,1,3
703,2015-12-15,6,0,1,0,0,6
704,2015-12-17,1,0,0,0,0,1
705,2015-12-18,4,0,0,1,1,4
706,2015-12-19,4,0,0,0,0,4
707,2015-12-20,2,0,0,0,0,2
708,2015-12-21,2,0,0,0,2,2
709,2015-12-22,8,0,1,2,2,8
710,2015-12-23,4,0,3,0,0,4
711,2015-12-24,1,0,0,0,1,1
712,2015-12-25,2,0,0,0,0,2
713,2015-12-26,3,0,1,0,0,3
714,2015-12-28,3,0,0,1,0,3
715,2015-12-29,7,0,1,3,4,7
716,2015-12-30,4,0,0,1,1,4
717,2015-12-31,3,0,0,1,0,3
718,2016-01-02,7,0,1,1,1,7
719,2016-01-04,4,0,0,0,0,4
720,2016-01-05,9,0,1,0,1,9
721,2016-01-06,5,0,0,0,0,5
722,2016-01-07,12,0,1,2,0,12
723,2016-01-08,5,0,0,0,0,5
724,2016-01-09,2,0,0,0,0,2
725,2016-01-10,2,0,1,0,0,2
726,2016-01-11,6,0,0,0,0,6
727,2016-01-12,7,0,1,0,0,7
728,2016-01-13,10,0,0,1,1,10
729,2016-01-14,8,0,0,1,0,8
730,2016-01-15,5,0,0,0,0,5
731,2016-01-16,3,0,0,1,0,3
732,2016-01-19,5,0,0,0,0,5
733,2016-01-20,10,0,3,0,0,10
734,2016-01-21,4,0,0,0,2,4
735,2016-01-22,0,0,0,2,0,0
736,2016-01-23,6,0,0,1,0,6
737,2016-01-25,14,0,0,0,0,14
738,2016-01-26,5,0,1,9,0,5
739,2016-01-27,8,0,0,0,0,8
740,2016-01-28,6,0,0,1,0,6
741,2016-01-29,6,0,0,0,1,6
742,2016-01-30,3,0,0,4,2,3
743,2016-01-31,2,0,0,0,0,2
744,2016-02-01,3,0,0,0,0,3
745,2016-02-02,5,0,0,1,0,5
746,2016-02-03,2,0,0,0,0,2
747,2016-02-04,3,0,0,2,0,3
748,2016-02-05,5,0,0,1,0,5
749,2016-02-06,3,0,0,0,0,3
750,2016-02-07,2,0,0,0,0,2
751,2016-02-08,2,0,1,0,0,2
752,2016-02-09,5,0,0,2,1,5
753,2016-02-10,8,0,0,3,0,8
754,2016-02-11,4,0,0,3,1,4
755,2016-02-13,3,0,2,0,0,3
756,2016-02-14,0,0,1,0,0,0
757,2016-02-15,2,0,1,0,0,2
758,2016-02-16,2,0,1,1,0,2
759,2016-02-17,15,0,4,2,1,15
760,2016-02-18,5,0,0,1,0,5
761,2016-02-19,3,0,1,0,0,3
762,2016-02-20,7,0,0,0,0,7
763,2016-02-21,1,0,2,0,0,1
764,2016-02-22,2,0,1,0,0,2
765,2016-02-23,4,0,1,1,0,4
766,2016-02-24,7,0,0,0,0,7
767,2016-02-25,8,0,0,0,0,8
768,2016-02-26,4,0,0,0,0,4
769,2016-02-27,6,0,0,1,0,6
770,2016-02-28,2,0,1,0,0,2
771,2016-02-29,3,0,0,0,0,3
772,2016-03-01,3,0,0,0,0,3
773,2016-03-02,2,0,0,1,0,2
774,2016-03-03,1,0,4,0,0,1
775,2016-03-05,2,0,0,2,1,2
776,2016-03-06,4,0,3,0,0,4
777,2016-03-07,3,0,1,0,0,3
778,2016-03-08,5,0,0,3,1,5
779,2016-03-09,3,0,0,1,0,3
780,2016-03-10,1,0,0,0,0,1
781,2016-03-11,5,0,1,2,1,5
782,2016-03-12,4,0,5,0,0,4
783,2016-03-14,1,0,0,0,0,1
784,2016-03-15,3,0,2,0,0,3
785,2016-03-16,3,0,0,0,0,3
786,2016-03-17,2,0,2,1,1,2
787,2016-03-18,3,0,2,6,1,3
788,2016-03-19,4,0,0,0,0,4
789,2016-03-21,4,0,0,1,0,4
790,2016-03-22,5,0,1,0,0,5
791,2016-03-23,7,0,0,0,2,7
792,2016-03-24,3,0,0,0,0,3
793,2016-03-25,2,0,4,0,0,2
794,2016-03-26,2,0,0,2,1,2
795,2016-03-27,2,0,0,0,0,2
796,2016-03-28,2,0,0,0,0,2
797,2016-03-29,6,0,0,0,1,6
798,2016-03-30,3,0,0,1,1,3
799,2016-03-31,1,0,3,0,0,1
800,2016-04-01,2,0,1,2,1,2
801,2016-04-02,8,0,0,1,0,8
802,2016-04-03,0,0,1,0,0,0
803,2016-04-04,8,0,1,0,1,8
804,2016-04-05,5,0,1,0,0,5
805,2016-04-06,2,0,0,0,0,2
806,2016-04-07,5,0,0,10,1,5
807,2016-04-08,6,0,0,1,1,6
808,2016-04-09,3,0,1,5,0,3
809,2016-04-11,4,0,0,1,0,4
810,2016-04-12,5,0,0,6,1,5
811,2016-04-13,3,0,0,2,2,3
812,2016-04-14,4,0,0,1,1,4
813,2016-04-15,6,0,0,0,0,6
814,2016-04-16,5,0,5,3,2,5
815,2016-04-18,3,0,1,0,0,3
816,2016-04-19,2,0,0,1,1,2
817,2016-04-20,7,0,0,1,0,7
818,2016-04-21,3,0,0,0,0,3
819,2016-04-22,7,0,2,0,3,7
820,2016-04-23,6,0,0,0,0,6
821,2016-04-25,8,0,1,0,0,8
822,2016-04-27,1,0,0,0,0,1
823,2016-04-28,4,0,4,0,2,4
824,2016-04-29,4,0,0,1,1,4
825,2016-04-30,7,0,0,1,2,7
826,2016-05-01,2,0,0,0,0,2
827,2016-05-02,3,0,0,0,0,3
828,2016-05-03,6,0,1,2,2,6
829,2016-05-04,4,0,0,0,2,4
830,2016-05-05,10,0,0,2,2,10
831,2016-05-06,3,0,1,0,0,3
832,2016-05-07,3,0,0,0,1,3
833,2016-05-08,1,0,0,0,0,1
834,2016-05-09,2,0,1,0,0,2
835,2016-05-10,8,0,0,0,1,8
836,2016-05-11,5,0,1,0,0,5
837,2016-05-12,1,0,0,0,0,1
838,2016-05-13,5,0,0,0,0,5
839,2016-05-14,2,0,0,1,1,2
840,2016-05-16,1,0,0,0,0,1
841,2016-05-17,10,0,2,0,1,10
842,2016-05-18,3,0,0,1,0,3
843,2016-05-19,3,0,0,0,0,3
844,2016-05-20,3,0,1,0,0,3
845,2016-05-21,2,0,1,0,0,2
846,2016-05-22,2,0,0,0,0,2
847,2016-05-23,3,0,0,1,0,3
848,2016-05-24,3,0,0,1,0,3
849,2016-05-25,12,0,0,0,0,12
850,2016-05-26,4,0,0,1,1,4
851,2016-05-27,3,0,0,0,0,3
852,2016-05-28,1,0,0,1,1,1
853,2016-05-31,3,0,1,1,0,3
854,2016-06-01,8,0,0,1,2,8
855,2016-06-02,5,0,1,0,0,5
856,2016-06-03,1,0,0,1,1,1
857,2016-06-04,3,0,0,0,0,3
858,2016-06-05,0,0,1,0,0,0
859,2016-06-06,3,0,0,0,0,3
860,2016-06-07,2,0,3,0,0,2
861,2016-06-08,4,0,1,4,1,4
862,2016-06-09,7,0,0,4,1,7
863,2016-06-10,2,0,1,0,1,2
864,2016-06-11,4,0,1,0,1,4
865,2016-06-13,5,0,0,0,0,5
866,2016-06-14,4,0,0,0,0,4
867,2016-06-15,4,0,0,0,1,4
868,2016-06-16,5,0,0,0,0,5
869,2016-06-18,4,0,1,2,1,4
870,2016-06-20,6,0,0,0,0,6
871,2016-06-21,3,0,0,0,0,3
872,2016-06-22,3,0,1,1,0,3
873,2016-06-23,4,0,0,0,0,4
874,2016-06-24,0,0,1,0,0,0
875,2016-06-25,3,0,0,1,0,3
876,2016-06-26,1,0,1,0,0,1
877,2016-06-27,4,0,2,0,1,4
878,2016-06-28,12,0,0,1,1,12
879,2016-06-29,2,0,1,2,0,2
880,2016-06-30,3,0,2,0,1,3
881,2016-07-01,6,0,0,3,0,6
882,2016-07-02,2,0,1,3,0,2
883,2016-07-03,3,0,1,0,0,3
884,2016-07-05,18,0,1,0,0,18
885,2016-07-06,9,0,0,2,1,9
886,2016-07-07,10,0,0,1,0,10
887,2016-07-08,17,0,0,2,7,17
888,2016-07-09,5,0,0,0,1,5
889,2016-07-10,1,0,0,0,0,1
890,2016-07-11,7,0,1,0,0,7
891,2016-07-12,9,0,0,0,0,9
892,2016-07-13,6,0,2,0,1,6
893,2016-07-14,2,0,0,1,0,2
894,2016-07-15,3,0,1,1,1,3
895,2016-07-16,6,0,0,1,0,6
896,2016-07-17,3,0,0,0,0,3
897,2016-07-18,3,0,0,0,0,3
898,2016-07-19,9,0,0,0,1,9
899,2016-07-20,1,0,0,0,0,1
900,2016-07-21,2,0,2,0,0,2
901,2016-07-22,5,0,1,0,1,5
902,2016-07-23,5,0,0,0,0,5
903,2016-07-24,0,0,1,1,0,0
904,2016-07-25,2,0,1,0,0,2
905,2016-07-26,3,0,1,0,0,3
906,2016-07-27,4,0,0,0,2,4
907,2016-07-28,0,0,2,0,0,0
908,2016-07-29,2,0,2,1,0,2
909,2016-07-30,3,0,0,0,0,3
910,2016-07-31,1,0,2,0,0,1
911,2016-08-01,3,0,1,0,2,3
912,2016-08-02,2,0,0,1,0,2
913,2016-08-03,7,0,0,0,1,7
914,2016-08-04,5,0,0,1,0,5
915,2016-08-05,6,0,0,0,0,6
916,2016-08-06,9,0,0,1,1,9
917,2016-08-07,2,0,0,0,0,2
918,2016-08-08,1,0,0,0,0,1
919,2016-08-09,3,0,0,3,0,3
920,2016-08-10,3,0,0,1,1,3
921,2016-08-11,7,0,1,0,0,7
922,2016-08-12,2,0,0,1,1,2
923,2016-08-13,6,0,2,0,0,6
924,2016-08-15,1,0,0,0,0,1
925,2016-08-16,6,0,0,1,0,6
926,2016-08-17,2,0,0,1,0,2
927,2016-08-18,6,0,0,0,1,6
928,2016-08-19,4,0,0,0,0,4
929,2016-08-20,2,0,0,4,1,2
930,2016-08-22,1,0,0,0,0,1
931,2016-08-23,4,0,0,0,0,4
932,2016-08-24,6,0,1,0,1,6
933,2016-08-25,2,0,1,2,1,2
934,2016-08-26,3,0,0,0,1,3
935,2016-08-27,2,0,1,0,0,2
936,2016-08-28,2,0,0,0,0,2
937,2016-08-29,2,0,2,0,0,2
938,2016-08-30,6,0,0,0,0,6
939,2016-08-31,6,0,2,0,0,6
940,2016-09-01,5,0,0,0,0,5
941,2016-09-02,5,0,1,2,0,5
942,2016-09-03,3,0,0,0,0,3
943,2016-09-06,7,0,1,1,1,7
944,2016-09-07,8,0,1,0,0,8
945,2016-09-08,5,0,0,8,1,5
946,2016-09-09,2,0,2,0,1,2
947,2016-09-10,4,0,2,0,1,4
948,2016-09-11,3,0,0,0,0,3
949,2016-09-12,2,0,0,0,1,2
950,2016-09-13,4,0,0,1,0,4
951,2016-09-14,3,0,2,0,0,3
952,2016-09-15,2,0,1,1,0,2
953,2016-09-16,6,0,2,2,2,6
954,2016-09-17,3,0,1,0,0,3
955,2016-09-19,1,0,0,0,0,1
956,2016-09-20,9,0,1,1,1,9
957,2016-09-21,3,0,3,0,0,3
958,2016-09-22,5,0,0,1,0,5
959,2016-09-23,7,0,2,0,0,7
960,2016-09-24,2,0,2,1,0,2
961,2016-09-25,1,0,0,0,0,1
962,2016-09-26,2,0,0,0,0,2
963,2016-09-27,4,0,0,1,0,4
964,2016-09-28,3,0,0,0,0,3
965,2016-09-29,4,0,0,0,0,4
966,2016-09-30,2,0,2,0,0,2
967,2016-10-01,3,0,1,0,0,3
968,2016-10-02,2,0,0,0,1,2
969,2016-10-03,1,0,0,0,0,1
970,2016-10-04,6,0,1,0,0,6
971,2016-10-05,4,0,3,1,0,4
972,2016-10-06,5,0,1,1,1,5
973,2016-10-07,2,0,0,1,0,2
974,2016-10-08,7,0,0,1,0,7
975,2016-10-10,3,0,0,0,0,3
976,2016-10-11,5,0,0,0,0,5
977,2016-10-12,2,0,3,1,0,2
978,2016-10-13,3,0,1,0,0,3
979,2016-10-14,7,0,0,2,4,7
980,2016-10-15,2,0,4,2,1,2
981,2016-10-16,0,0,2,0,0,0
982,2016-10-18,5,0,0,0,0,5
983,2016-10-19,4,0,0,2,0,4
984,2016-10-20,4,0,0,0,0,4
985,2016-10-21,3,0,1,0,0,3
986,2016-10-22,4,0,0,1,0,4
987,2016-10-24,4,0,0,0,0,4
988,2016-10-25,3,0,1,0,0,3
989,2016-10-26,7,0,1,2,1,7
990,2016-10-27,4,0,0,0,0,4
991,2016-10-28,2,0,0,1,0,2
992,2016-10-29,5,0,0,1,0,5
993,2016-10-30,1,0,1,0,0,1
994,2016-10-31,2,0,4,0,1,2
995,2016-11-01,7,0,1,0,0,7
996,2016-11-02,5,0,2,2,1,5
997,2016-11-03,1,0,0,0,0,1
998,2016-11-04,6,0,0,0,0,6
999,2016-11-05,6,0,0,0,0,6
1000,2016-11-07,1,0,0,0,0,1
1001,2016-11-08,10,0,0,4,1,10
1002,2016-11-09,3,0,0,0,0,3
1003,2016-11-10,3,0,0,2,0,3
1004,2016-11-11,2,0,0,0,0,2
1005,2016-11-12,2,0,1,1,0,2
1006,2016-11-14,1,0,0,0,0,1
1007,2016-11-15,3,0,0,2,0,3
1008,2016-11-16,8,0,1,5,0,8
1009,2016-11-17,7,0,0,2,1,7
1010,2016-11-18,2,0,0,0,0,2
1011,2016-11-19,2,0,0,0,0,2
1012,2016-11-21,3,0,2,0,1,3
1013,2016-11-22,8,0,0,1,1,8
1014,2016-11-23,14,0,0,0,1,14
1015,2016-11-24,2,0,0,0,0,2
1016,2016-11-25,1,0,0,0,0,1
1017,2016-11-26,7,0,0,0,1,7
1018,2016-11-27,0,0,1,0,0,0
1019,2016-11-28,1,0,0,0,0,1
1020,2016-11-29,4,0,0,0,1,4
1021,2016-11-30,7,0,0,0,0,7
1022,2016-12-01,2,0,2,1,1,2
1023,2016-12-02,5,0,0,0,0,5
1024,2016-12-03,5,0,0,1,0,5
1025,2016-12-04,1,0,0,0,0,1
1026,2016-12-05,4,0,0,0,0,4
1027,2016-12-06,11,0,0,0,1,11
1028,2016-12-07,5,0,0,0,0,5
1029,2016-12-08,3,0,0,2,0,3
1030,2016-12-09,4,0,0,0,0,4
1031,2016-12-10,4,0,0,2,0,4
1032,2016-12-11,1,0,1,0,0,1
1033,2016-12-12,5,0,1,0,0,5
1034,2016-12-13,7,0,1,0,0,7
1035,2016-12-14,6,0,0,0,0,6
1036,2016-12-15,1,0,0,0,0,1
1037,2016-12-16,6,0,0,2,0,6
1038,2016-12-17,10,0,0,0,1,10
1039,2016-12-18,1,0,0,0,0,1
1040,2016-12-19,3,0,3,0,0,3
1041,2016-12-20,8,0,0,2,0,8
1042,2016-12-21,8,0,0,1,0,8
1043,2016-12-22,5,0,1,0,0,5
1044,2016-12-23,4,0,0,0,0,4
1045,2016-12-24,1,0,0,1,0,1
1046,2016-12-25,1,0,0,0,0,1
1047,2016-12-27,6,0,0,0,0,6
1048,2016-12-28,3,0,1,0,0,3
1049,2016-12-29,4,0,0,0,0,4
1050,2016-12-30,3,0,0,0,1,3
1051,2016-12-31,1,0,0,1,0,1
1052,2017-01-01,1,0,0,0,0,1
1053,2017-01-03,14,0,1,2,0,14
1054,2017-01-04,4,0,0,0,0,4
1055,2017-01-05,6,0,0,1,1,6
1056,2017-01-06,7,0,0,0,1,7
1057,2017-01-07,0,0,1,2,1,0
1058,2017-01-08,1,0,0,0,0,1
1059,2017-01-09,7,0,1,0,0,7
1060,2017-01-10,6,0,0,0,0,6
1061,2017-01-11,5,0,0,9,4,5
1062,2017-01-12,1,0,0,1,0,1
1063,2017-01-13,3,0,2,1,0,3
1064,2017-01-14,8,0,3,2,0,8
1065,2017-01-15,2,0,1,0,0,2
1066,2017-01-17,5,0,1,0,1,5
1067,2017-01-18,2,0,0,1,1,2
1068,2017-01-19,1,0,1,0,0,1
1069,2017-01-20,8,0,0,0,1,8
1070,2017-01-21,3,0,2,0,0,3
1071,2017-01-22,1,0,0,0,0,1
1072,2017-01-23,5,0,0,1,0,5
1073,2017-01-24,5,0,0,1,1,5
1074,2017-01-25,5,0,0,0,1,5
1075,2017-01-26,5,0,0,0,1,5
1076,2017-01-27,9,0,0,0,2,9
1077,2017-01-28,4,0,0,1,1,4
1078,2017-01-30,2,0,0,0,0,2
1079,2017-01-31,9,0,0,1,0,9
1080,2017-02-01,1,0,1,0,0,1
1081,2017-02-02,4,0,0,0,1,4
1082,2017-02-03,6,0,0,0,0,6
1083,2017-02-04,6,0,0,0,0,6
1084,2017-02-05,2,0,1,0,0,2
1085,2017-02-06,3,0,0,0,1,3
1086,2017-02-07,13,0,0,0,1,13
1087,2017-02-08,2,0,0,0,0,2
1088,2017-02-09,1,0,0,1,0,1
1089,2017-02-10,3,0,2,0,0,3
1090,2017-02-11,5,0,0,1,0,5
1091,2017-02-12,2,0,0,0,0,2
1092,2017-02-13,1,0,0,0,0,1
1093,2017-02-14,6,0,0,0,2,6
1094,2017-02-15,4,0,0,0,0,4
1095,2017-02-16,3,0,2,0,0,3
1096,2017-02-17,6,0,1,0,0,6
1097,2017-02-18,3,0,1,1,0,3
1098,2017-02-21,5,0,0,1,1,5
1099,2017-02-22,4,0,0,0,1,4
1100,2017-02-23,4,0,0,0,1,4
1101,2017-02-24,3,0,0,0,0,3
1102,2017-02-25,1,0,0,1,1,1
1103,2017-02-26,3,0,1,0,0,3
1104,2017-02-27,2,0,0,0,0,2
1105,2017-02-28,5,0,1,0,0,5
1106,2017-03-01,4,0,0,0,0,4
1107,2017-03-02,2,0,0,0,0,2
1108,2017-03-03,3,0,1,1,0,3
1109,2017-03-04,8,0,0,0,2,8
1110,2017-03-05,1,0,0,0,0,1
1111,2017-03-06,3,0,0,0,0,3
1112,2017-03-07,5,0,0,2,0,5
1113,2017-03-08,3,0,0,0,0,3
1114,2017-03-09,1,0,0,3,0,1
1115,2017-03-10,7,0,0,0,0,7
1116,2017-03-11,1,0,0,0,0,1
1117,2017-03-12,0,0,1,0,0,0
1118,2017-03-13,3,0,0,0,0,3
1119,2017-03-14,8,0,1,3,0,8
1120,2017-03-15,2,0,0,3,1,2
1121,2017-03-16,1,0,0,5,2,1
1122,2017-03-17,3,0,0,1,0,3
1123,2017-03-18,1,0,2,0,0,1
1124,2017-03-20,1,0,0,0,0,1
1125,2017-03-21,2,0,1,1,0,2
1126,2017-03-22,7,0,2,4,1,7
1127,2017-03-23,2,0,0,1,0,2
1128,2017-03-24,1,0,0,0,0,1
1129,2017-03-25,3,0,0,4,1,3
1130,2017-03-26,4,0,0,0,0,4
1131,2017-03-27,3,0,1,0,0,3
1132,2017-03-28,6,0,0,1,1,6
1133,2017-03-29,1,0,0,0,0,1
1134,2017-03-30,2,0,1,1,0,2
1135,2017-03-31,4,0,3,1,0,4
1136,2017-04-01,6,0,1,3,3,6
1137,2017-04-02,0,0,1,0,0,0
1138,2017-04-03,1,0,0,0,0,1
1139,2017-04-04,2,0,4,1,0,2
1140,2017-04-05,4,0,1,4,0,4
1141,2017-04-07,6,0,0,2,0,6
1142,2017-04-08,0,0,2,1,0,0
1143,2017-04-09,2,0,0,0,1,2
1144,2017-04-10,3,0,2,0,0,3
1145,2017-04-11,2,0,0,1,0,2
1146,2017-04-12,6,0,1,2,1,6
1147,2017-04-13,7,0,1,0,1,7
1148,2017-04-14,8,0,1,2,4,8
1149,2017-04-15,5,0,0,0,0,5
1150,2017-04-17,6,0,0,0,0,6
1151,2017-04-18,2,0,1,1,0,2
1152,2017-04-19,3,0,1,1,0,3
1153,2017-04-20,1,0,0,0,0,1
1154,2017-04-21,4,0,0,1,1,4
1155,2017-04-22,4,0,0,0,0,4
1156,2017-04-23,1,0,4,0,0,1
1157,2017-04-25,0,0,0,1,0,0
1158,2017-04-26,2,0,0,0,0,2
1159,2017-04-27,3,0,2,1,0,3
1160,2017-04-28,3,0,0,0,0,3
1161,2017-04-29,6,0,1,2,0,6
1162,2017-04-30,4,0,0,0,0,4
1163,2017-05-01,5,0,1,0,0,5
1164,2017-05-02,2,0,0,0,0,2
1165,2017-05-03,5,0,2,2,1,5
1166,2017-05-04,1,0,0,2,1,1
1167,2017-05-05,5,0,1,0,0,5
1168,2017-05-06,1,0,0,1,0,1
1169,2017-05-07,1,0,7,0,0,1
1170,2017-05-08,1,0,0,0,1,1
1171,2017-05-09,5,0,1,1,1,5
1172,2017-05-10,8,0,0,0,0,8
1173,2017-05-11,2,0,3,1,1,2
1174,2017-05-12,3,0,0,1,1,3
1175,2017-05-13,3,0,0,2,0,3
1176,2017-05-14,0,0,0,1,0,0
1177,2017-05-15,3,0,1,0,0,3
1178,2017-05-16,8,0,0,0,0,8
1179,2017-05-17,3,0,1,0,1,3
1180,2017-05-18,2,0,1,0,1,2
1181,2017-05-19,8,0,1,0,0,8
1182,2017-05-20,3,0,0,4,3,3
1183,2017-05-21,0,0,1,0,0,0
1184,2017-05-22,4,0,0,0,0,4
1185,2017-05-23,5,0,0,1,1,5
1186,2017-05-24,7,0,3,0,0,7
1187,2017-05-25,6,0,0,0,0,6
1188,2017-05-26,5,0,0,0,0,5
1189,2017-05-27,4,0,0,0,0,4
1190,2017-05-28,3,0,0,0,0,3
1191,2017-05-30,7,0,1,1,0,7
1192,2017-05-31,6,0,0,0,1,6
1193,2017-06-01,4,0,0,0,0,4
1194,2017-06-02,8,0,1,1,1,8
1195,2017-06-03,4,0,1,2,0,4
1196,2017-06-04,0,0,1,0,0,0
1197,2017-06-05,2,0,2,1,0,2
1198,2017-06-06,4,0,1,2,0,4
1199,2017-06-07,3,0,0,2,1,3
1200,2017-06-08,1,0,0,0,0,1
1201,2017-06-09,5,0,0,0,0,5
1202,2017-06-10,4,0,1,0,2,4
1203,2017-06-12,5,0,4,0,3,5
1204,2017-06-13,2,0,0,0,1,2
1205,2017-06-14,0,0,1,0,0,0
1206,2017-06-15,4,0,3,0,0,4
1207,2017-06-16,9,0,0,0,0,9
1208,2017-06-17,5,0,2,1,0,5
1209,2017-06-18,1,0,1,0,0,1
1210,2017-06-19,1,0,0,4,1,1
1211,2017-06-20,7,0,2,0,3,7
1212,2017-06-21,7,0,0,1,0,7
1213,2017-06-22,7,0,3,2,3,7
1214,2017-06-23,10,0,0,0,2,10
1215,2017-06-24,2,0,0,7,0,2
1216,2017-06-26,1,0,0,0,0,1
1217,2017-06-27,6,0,0,0,0,6
1218,2017-06-28,5,0,1,0,0,5
1219,2017-06-29,8,0,0,0,0,8
1220,2017-06-30,11,0,0,0,0,11
1221,2017-07-01,1,0,1,0,0,1
1222,2017-07-03,3,0,0,0,1,3
1223,2017-07-04,1,0,0,0,0,1
1224,2017-07-05,16,0,1,1,2,16
1225,2017-07-06,10,0,1,0,3,10
1226,2017-07-07,4,0,0,0,0,4
1227,2017-07-08,2,0,0,0,0,2
1228,2017-07-09,1,0,2,0,0,1
1229,2017-07-10,1,0,1,0,1,1
1230,2017-07-11,3,0,0,1,1,3
1231,2017-07-12,2,0,1,0,0,2
1232,2017-07-13,0,0,0,1,0,0
1233,2017-07-14,7,0,0,1,1,7
1234,2017-07-15,1,0,0,0,0,1
1235,2017-07-16,6,0,0,1,0,6
1236,2017-07-17,4,0,0,0,0,4
1237,2017-07-18,4,0,1,1,1,4
1238,2017-07-19,4,0,0,1,1,4
1239,2017-07-20,3,0,0,1,0,3
1240,2017-07-21,4,0,1,0,1,4
1241,2017-07-22,6,0,0,1,2,6
1242,2017-07-24,4,0,0,0,1,4
1243,2017-07-25,5,0,1,0,1,5
1244,2017-07-26,5,0,0,4,0,5
1245,2017-07-27,1,0,1,0,0,1
1246,2017-07-28,4,0,0,1,1,4
1247,2017-07-29,5,0,0,0,0,5
1248,2017-07-30,1,0,1,0,0,1
1249,2017-07-31,3,0,0,0,0,3
1250,2017-08-01,8,0,2,0,2,8
1251,2017-08-02,5,0,0,2,0,5
1252,2017-08-03,4,0,0,0,0,4
1253,2017-08-04,5,0,0,1,0,5
1254,2017-08-05,7,0,3,1,1,7
1255,2017-08-06,1,0,2,0,0,1
1256,2017-08-07,1,0,0,0,0,1
1257,2017-08-08,7,0,1,0,0,7
1258,2017-08-09,4,0,1,1,1,4
1259,2017-08-10,5,0,0,0,0,5
1260,2017-08-11,10,0,0,0,7,10
1261,2017-08-12,2,0,0,0,0,2
1262,2017-08-14,5,0,0,0,0,5
1263,2017-08-15,7,0,3,2,2,7
1264,2017-08-16,5,0,1,0,0,5
1265,2017-08-17,4,0,2,0,0,4
1266,2017-08-18,5,0,0,0,0,5
1267,2017-08-19,3,0,0,0,0,3
1268,2017-08-20,2,0,1,0,0,2
1269,2017-08-21,4,0,0,0,0,4
1270,2017-08-22,7,0,0,3,1,7
1271,2017-08-23,4,0,0,0,0,4
1272,2017-08-24,9,0,1,3,3,9
1273,2017-08-25,0,0,6,0,0,0
1274,2017-08-26,2,0,3,3,0,2
1275,2017-08-27,0,0,3,0,0,0
1276,2017-08-28,4,0,0,0,0,4
1277,2017-08-29,5,0,0,1,2,5
1278,2017-08-30,5,0,2,0,3,5
1279,2017-08-31,1,0,1,1,1,1
1280,2017-09-01,1,0,0,0,0,1
1281,2017-09-02,6,0,2,0,1,6
1282,2017-09-03,1,0,0,0,0,1
1283,2017-09-04,1,0,0,0,0,1
1284,2017-09-05,8,0,0,1,4,8
1285,2017-09-06,2,0,1,1,1,2
1286,2017-09-07,1,0,0,0,0,1
1287,2017-09-08,7,0,1,0,2,7
1288,2017-09-09,5,0,0,1,3,5
1289,2017-09-11,8,0,0,0,2,8
1290,2017-09-12,1,0,0,2,1,1
1291,2017-09-13,7,0,0,0,1,7
1292,2017-09-14,1,0,1,2,0,1
1293,2017-09-15,3,0,0,0,1,3
1294,2017-09-16,4,0,1,0,2,4
1295,2017-09-18,5,0,0,0,0,5
1296,2017-09-19,8,0,0,0,2,8
1297,2017-09-20,1,0,0,0,0,1
1298,2017-09-21,1,0,0,0,1,1
1299,2017-09-22,6,0,0,1,4,6
1300,2017-09-23,4,0,0,0,1,4
1301,2017-09-24,0,0,1,0,0,0
1302,2017-09-25,1,0,0,0,0,1
1303,2017-09-26,7,0,1,1,3,7
1304,2017-09-27,5,0,2,0,1,5
1305,2017-09-28,2,0,2,0,0,2
1306,2017-09-29,7,0,1,0,2,7
1307,2017-09-30,3,0,0,0,2,3
1308,2017-10-01,1,0,0,0,0,1
1309,2017-10-02,1,0,0,0,0,1
1310,2017-10-03,10,0,1,0,7,10
1311,2017-10-04,2,0,0,0,2,2
1312,2017-10-05,3,0,0,0,2,3
1313,2017-10-06,3,0,0,1,3,3
1314,2017-10-07,1,0,1,0,1,1
1315,2017-10-08,1,0,0,0,0,1
1316,2017-10-09,3,0,0,0,0,3
1317,2017-10-10,10,0,0,0,3,10
1318,2017-10-11,4,0,0,0,0,4
1319,2017-10-12,6,0,0,0,0,6
1320,2017-10-13,3,0,1,2,2,3
1321,2017-10-14,10,0,1,0,0,10
1322,2017-10-15,2,0,1,0,0,2
1323,2017-10-16,12,0,0,0,3,12
1324,2017-10-17,6,0,0,0,2,6
1325,2017-10-18,5,0,0,0,0,5
1326,2017-10-19,3,0,2,0,1,3
1327,2017-10-20,5,0,1,1,2,5
1328,2017-10-21,2,0,0,0,1,2
1329,2017-10-22,0,0,1,0,0,0
1330,2017-10-23,2,0,1,0,0,2
1331,2017-10-24,7,0,4,0,2,7
1332,2017-10-25,6,0,1,0,0,6
1333,2017-10-26,2,0,1,0,1,2
1334,2017-10-27,9,0,1,0,3,9
1335,2017-10-28,3,0,0,0,0,3
1336,2017-10-29,1,0,0,0,0,1
1337,2017-10-30,3,0,0,0,0,3
1338,2017-10-31,2,0,0,0,1,2
1339,2017-11-01,8,0,0,0,2,8
1340,2017-11-02,2,0,1,0,0,2
1341,2017-11-03,3,0,0,0,1,3
1342,2017-11-04,1,0,0,1,1,1
1343,2017-11-06,5,0,1,0,1,5
1344,2017-11-07,2,0,0,0,0,2
1345,2017-11-09,1,0,1,0,1,1
1346,2017-11-10,2,0,2,0,0,2
1347,2017-11-11,5,0,0,12,2,5
1348,2017-11-12,1,0,0,0,1,1
1349,2017-11-13,1,0,0,0,0,1
1350,2017-11-14,2,0,0,0,2,2
1351,2017-11-15,3,0,0,0,0,3
1352,2017-11-16,6,0,0,0,0,6
1353,2017-11-17,3,0,0,0,1,3
1354,2017-11-18,4,0,2,0,0,4
1355,2017-11-20,2,0,1,0,0,2
1356,2017-11-21,8,0,0,2,2,8
1357,2017-11-22,3,0,0,0,0,3
1358,2017-11-24,6,0,1,0,1,6
1359,2017-11-25,5,0,0,1,1,5
1360,2017-11-26,0,0,0,2,0,0
1361,2017-11-27,1,0,0,0,0,1
1362,2017-11-28,10,0,1,0,2,10
1363,2017-11-29,2,0,0,1,0,2
1364,2017-11-30,4,0,0,1,2,4
1365,2017-12-01,6,0,1,2,2,6
1366,2017-12-02,6,0,1,0,1,6
1367,2017-12-03,1,0,0,1,0,1
1368,2017-12-04,9,0,0,0,3,9
1369,2017-12-05,4,0,0,0,1,4
1370,2017-12-06,1,0,1,1,1,1
1371,2017-12-07,2,0,0,0,1,2
1372,2017-12-08,6,0,0,0,0,6
1373,2017-12-09,2,0,0,0,1,2
1374,2017-12-11,3,0,0,1,0,3
1375,2017-12-12,4,0,1,3,1,4
1376,2017-12-13,4,0,1,0,0,4
1377,2017-12-14,4,0,0,1,0,4
1378,2017-12-15,3,0,0,1,0,3
1379,2017-12-16,3,0,1,0,0,3
1380,2017-12-17,1,0,1,0,0,1
1381,2017-12-18,0,0,1,0,0,0
1382,2017-12-19,4,0,1,0,0,4
1383,2017-12-20,2,0,0,1,0,2
1384,2017-12-21,2,0,0,1,0,2
1385,2017-12-22,5,0,0,0,0,5
1386,2017-12-23,6,0,1,0,0,6
1387,2017-12-24,1,0,1,0,0,1
1388,2017-12-26,6,0,0,0,1,6
1389,2017-12-27,3,0,0,1,1,3
1390,2017-12-28,1,0,0,0,0,1
1391,2017-12-29,4,0,1,0,1,4
1392,2017-12-30,4,0,0,0,0,4
1393,2017-12-31,4,0,0,0,0,4
1394,2018-01-01,2,0,0,0,0,2
1395,2018-01-02,12,0,0,0,0,12
1396,2018-01-03,9,0,0,0,0,9
1397,2018-01-04,4,0,1,0,0,4
1398,2018-01-05,1,0,0,0,0,1
1399,2018-01-06,7,0,1,0,0,7
1400,2018-01-07,2,0,0,0,0,2
1401,2018-01-08,1,0,1,0,0,1
1402,2018-01-09,7,0,0,2,1,7
1403,2018-01-10,6,0,1,0,2,6
1404,2018-01-11,8,0,0,0,0,8
1405,2018-01-12,6,0,0,1,1,6
1406,2018-01-13,3,0,0,1,0,3
1407,2018-01-14,5,0,0,0,1,5
1408,2018-01-16,1,0,0,1,1,1
1409,2018-01-17,12,0,0,0,1,12
1410,2018-01-18,6,0,0,0,1,6
1411,2018-01-19,1,0,0,0,0,1
1412,2018-01-20,3,0,0,0,0,3
1413,2018-01-21,4,0,1,0,0,4
1414,2018-01-22,2,0,0,0,0,2
1415,2018-01-23,1,0,0,0,0,1
1416,2018-01-24,5,0,1,1,1,5
1417,2018-01-25,6,0,1,1,2,6
1418,2018-01-26,3,0,0,0,1,3
1419,2018-01-27,1,0,0,0,0,1
1420,2018-01-28,3,0,1,0,0,3
1421,2018-01-29,4,0,0,0,0,4
1422,2018-01-30,5,0,0,0,2,5
1423,2018-01-31,6,0,4,0,4,6
1424,2018-02-01,6,0,0,0,0,6
1425,2018-02-02,4,0,0,0,0,4
1426,2018-02-03,5,0,0,0,1,5
1427,2018-02-04,1,0,0,0,0,1
1428,2018-02-05,3,0,0,0,0,3
1429,2018-02-06,5,0,1,0,0,5
1430,2018-02-07,8,0,0,2,0,8
1431,2018-02-08,5,0,2,0,0,5
1432,2018-02-10,5,0,16,0,10,5
1433,2018-02-11,2,0,0,0,0,2
1434,2018-02-13,6,0,2,0,2,6
1435,2018-02-14,6,0,1,0,2,6
1436,2018-02-15,0,0,2,1,1,0
1437,2018-02-16,0,0,1,0,1,0
1438,2018-02-17,1,0,0,0,0,1
1439,2018-02-18,0,0,0,1,1,0
1440,2018-02-20,2,0,3,1,1,2
1441,2018-02-21,4,0,1,0,3,4
1442,2018-02-22,3,0,0,0,0,3
1443,2018-02-23,3,0,1,0,0,3
1444,2018-02-25,3,0,0,0,0,3
1445,2018-02-26,1,0,1,0,0,1
1446,2018-02-27,5,0,1,0,0,5
1447,2018-02-28,4,0,2,0,0,4
1448,2018-03-01,3,0,1,2,1,3
1449,2018-03-02,4,0,0,1,1,4
1450,2018-03-03,0,0,1,0,0,0
1451,2018-03-05,3,0,0,0,1,3
1452,2018-03-06,7,0,0,1,1,7
1453,2018-03-07,1,0,0,0,0,1
1454,2018-03-08,5,0,0,4,1,5
1455,2018-03-09,1,0,0,1,0,1
1456,2018-03-10,6,0,0,0,0,6
1457,2018-03-11,3,0,0,0,0,3
1458,2018-03-12,2,0,0,0,0,2
1459,2018-03-13,1,0,0,1,0,1
1460,2018-03-14,4,0,0,0,0,4
1461,2018-03-15,3,0,0,1,2,3
1462,2018-03-16,4,0,0,3,0,4
1463,2018-03-17,3,0,0,1,0,3
1464,2018-03-18,3,0,1,0,0,3
1465,2018-03-19,12,0,0,0,10,12
1466,2018-03-20,5,0,1,0,2,5
1467,2018-03-21,3,0,0,2,1,3
1468,2018-03-22,7,0,0,2,1,7
1469,2018-03-23,3,0,1,0,2,3
1470,2018-03-24,1,0,2,0,1,1
1471,2018-03-25,2,0,1,0,0,2
1472,2018-03-27,3,0,0,0,0,3
1473,2018-03-28,3,0,0,0,0,3
1474,2018-03-29,1,0,2,1,0,1
1475,2018-03-30,4,0,2,0,0,4
1476,2018-03-31,2,0,0,0,0,2
1477,2018-04-01,2,0,0,0,0,2
1478,2018-04-02,2,0,1,2,0,2
1479,2018-04-03,11,0,0,1,1,11
1480,2018-04-04,1,0,0,3,0,1
1481,2018-04-05,1,0,0,2,1,1
1482,2018-04-07,3,0,1,0,0,3
1483,2018-04-08,0,0,3,0,1,0
1484,2018-04-09,2,0,0,0,0,2
1485,2018-04-10,4,0,1,0,0,4
1486,2018-04-11,3,0,0,0,0,3
1487,2018-04-12,7,0,3,0,1,7
1488,2018-04-13,3,0,0,0,0,3
1489,2018-04-14,2,0,0,1,1,2
1490,2018-04-16,1,0,0,0,0,1
1491,2018-04-17,7,0,3,0,0,7
1492,2018-04-18,5,0,1,0,0,5
1493,2018-04-19,8,0,0,0,1,8
1494,2018-04-20,2,0,3,0,1,2
1495,2018-04-21,2,0,0,1,2,2
1496,2018-04-22,0,0,2,0,0,0
1497,2018-04-23,2,0,0,0,0,2
1498,2018-04-24,4,0,0,2,1,4
1499,2018-04-25,1,0,0,3,1,1
1500,2018-04-26,3,0,0,2,1,3
1501,2018-04-27,7,0,3,1,1,7
1502,2018-04-28,11,0,0,0,6,11
1503,2018-04-29,1,0,0,0,0,1
1504,2018-04-30,2,0,0,0,0,2
1505,2018-05-01,3,0,3,3,1,3
1506,2018-05-02,7,0,0,5,1,7
1507,2018-05-03,3,0,0,3,1,3
1508,2018-05-04,2,0,0,0,0,2
1509,2018-05-05,2,0,2,0,1,2
1510,2018-05-07,0,0,2,0,0,0
1511,2018-05-08,4,0,0,0,1,4
1512,2018-05-09,2,0,1,0,0,2
1513,2018-05-10,4,0,1,0,0,4
1514,2018-05-11,2,0,2,1,0,2
1515,2018-05-12,3,0,2,0,0,3
1516,2018-05-13,1,0,0,0,0,1
1517,2018-05-14,2,0,0,1,0,2
1518,2018-05-15,4,0,4,2,0,4
1519,2018-05-16,3,0,0,0,0,3
1520,2018-05-17,12,0,0,1,8,12
1521,2018-05-18,3,0,1,0,1,3
1522,2018-05-19,2,0,0,0,0,2
1523,2018-05-20,6,0,0,0,1,6
1524,2018-05-21,2,0,0,0,0,2
1525,2018-05-22,8,0,0,1,2,8
1526,2018-05-23,8,0,0,0,3,8
1527,2018-05-24,6,0,0,0,2,6
1528,2018-05-25,5,0,0,0,0,5
1529,2018-05-26,2,0,1,0,2,2
1530,2018-05-27,0,0,1,0,0,0
1531,2018-05-28,0,0,2,0,0,0
1532,2018-05-29,3,0,1,4,0,3
1533,2018-05-30,6,0,0,0,1,6
1534,2018-05-31,3,0,0,0,0,3
1535,2018-06-01,2,0,1,0,0,2
1536,2018-06-02,1,0,0,0,0,1
1537,2018-06-04,4,0,0,0,0,4
1538,2018-06-05,6,0,0,1,1,6
1539,2018-06-06,1,0,0,0,0,1
1540,2018-06-07,0,0,0,5,0,0
1541,2018-06-08,0,0,1,0,0,0
1542,2018-06-09,2,0,0,0,1,2
1543,2018-06-11,1,0,0,0,0,1
1544,2018-06-12,5,0,0,2,0,5
1545,2018-06-13,10,0,0,0,1,10
1546,2018-06-14,1,0,0,1,0,1
1547,2018-06-15,7,0,1,0,1,7
1548,2018-06-16,3,0,1,2,2,3
1549,2018-06-18,2,0,0,0,1,2
1550,2018-06-19,4,0,0,0,1,4
1551,2018-06-20,1,0,0,0,0,1
1552,2018-06-21,0,0,0,1,1,0
1553,2018-06-22,6,0,0,1,1,6
1554,2018-06-23,4,0,0,0,2,4
1555,2018-06-24,1,0,1,0,1,1
1556,2018-06-25,1,0,0,0,0,1
1557,2018-06-26,2,0,3,3,3,2
1558,2018-06-27,1,0,0,0,0,1
1559,2018-06-28,3,0,1,0,0,3
1560,2018-06-29,3,0,2,0,0,3
1561,2018-06-30,2,0,1,0,0,2
1562,2018-07-02,5,0,0,0,0,5
1563,2018-07-03,8,0,0,0,1,8
1564,2018-07-04,1,0,0,0,0,1
1565,2018-07-05,8,0,0,2,4,8
1566,2018-07-06,8,0,0,1,1,8
1567,2018-07-07,9,0,4,0,1,9
1568,2018-07-08,4,0,0,0,0,4
1569,2018-07-09,5,0,2,0,0,5
1570,2018-07-10,4,0,1,0,0,4
1571,2018-07-11,1,0,0,1,1,1
1572,2018-07-12,3,0,1,0,0,3
1573,2018-07-13,2,0,0,0,0,2
1574,2018-07-14,4,0,0,0,0,4
1575,2018-07-15,0,0,2,0,1,0
1576,2018-07-16,3,0,0,0,1,3
1577,2018-07-17,3,0,1,0,1,3
1578,2018-07-18,1,0,0,1,0,1
1579,2018-07-19,3,0,0,0,0,3
1580,2018-07-20,3,0,1,0,0,3
1581,2018-07-21,2,0,2,0,1,2
1582,2018-07-22,1,0,0,0,0,1
1583,2018-07-23,6,0,0,0,2,6
1584,2018-07-24,2,0,0,0,0,2
1585,2018-07-25,3,0,0,0,1,3
1586,2018-07-26,0,0,1,0,0,0
1587,2018-07-27,0,0,2,0,0,0
1588,2018-07-28,2,0,2,0,1,2
1589,2018-07-29,1,0,2,0,1,1
1590,2018-07-30,3,0,2,0,2,3
1591,2018-07-31,4,0,1,1,5,4
1592,2018-08-01,2,0,0,2,1,2
1593,2018-08-02,4,0,0,4,0,4
1594,2018-08-03,3,0,2,4,1,3
1595,2018-08-04,2,0,0,0,0,2
1596,2018-08-05,1,0,0,0,0,1
1597,2018-08-06,0,0,1,0,0,0
1598,2018-08-07,5,0,1,0,0,5
1599,2018-08-08,4,0,1,0,0,4
1600,2018-08-09,0,0,0,4,0,0
1601,2018-08-10,2,0,1,1,1,2
1602,2018-08-11,3,0,0,0,0,3
1603,2018-08-12,1,0,2,0,0,1
1604,2018-08-13,8,0,0,0,0,8
1605,2018-08-14,2,0,6,0,4,2
1606,2018-08-15,5,0,0,1,3,5
1607,2018-08-16,2,0,0,0,0,2
1608,2018-08-17,3,0,1,0,1,3
1609,2018-08-18,3,0,0,0,1,3
1610,2018-08-20,5,0,0,0,1,5
1611,2018-08-21,5,0,1,5,2,5
1612,2018-08-22,5,0,0,0,0,5
1613,2018-08-23,2,0,0,1,0,2
1614,2018-08-24,6,0,0,0,4,6
1615,2018-08-25,1,0,1,2,2,1
1616,2018-08-26,2,0,0,0,0,2
1617,2018-08-27,4,0,0,0,0,4
1618,2018-08-28,4,0,1,0,1,4
1619,2018-08-29,5,0,0,0,2,5
1620,2018-08-30,2,0,0,0,1,2
1621,2018-08-31,7,0,5,0,2,7
1622,2018-09-01,1,0,0,0,1,1
1623,2018-09-02,2,0,0,0,0,2
1624,2018-09-04,9,0,0,1,3,9
1625,2018-09-05,5,0,1,2,2,5
1626,2018-09-06,4,0,3,0,0,4
1627,2018-09-07,2,0,0,0,0,2
1628,2018-09-08,6,0,1,0,2,6
1629,2018-09-09,2,0,0,0,0,2
1630,2018-09-10,1,0,3,0,1,1
1631,2018-09-11,10,0,1,0,4,10
1632,2018-09-12,2,0,2,4,3,2
1633,2018-09-13,1,0,0,0,1,1
1634,2018-09-14,1,0,0,0,1,1
1635,2018-09-15,7,0,0,0,1,7
1636,2018-09-17,7,0,1,0,3,7
1637,2018-09-18,4,0,0,0,1,4
1638,2018-09-19,6,0,0,0,0,6
1639,2018-09-20,2,0,1,1,3,2
1640,2018-09-21,5,0,1,0,1,5
1641,2018-09-23,2,0,0,0,0,2
1642,2018-09-24,4,0,0,0,2,4
1643,2018-09-25,2,0,0,1,1,2
1644,2018-09-26,4,0,1,0,1,4
1645,2018-09-27,6,0,0,0,0,6
1646,2018-09-28,6,0,0,0,1,6
1647,2018-09-29,2,0,1,0,1,2
1648,2018-09-30,3,0,1,0,0,3
1649,2018-10-01,7,0,0,0,1,7
1650,2018-10-02,5,0,0,1,1,5
1651,2018-10-03,1,0,0,2,0,1
1652,2018-10-04,3,0,1,0,2,3
1653,2018-10-05,3,0,1,0,1,3
1654,2018-10-06,6,0,2,0,1,6
1655,2018-10-07,1,0,1,0,0,1
1656,2018-10-09,6,0,0,1,3,6
1657,2018-10-10,4,0,2,1,1,4
1658,2018-10-11,4,0,1,0,1,4
1659,2018-10-12,5,0,0,0,5,5
1660,2018-10-13,6,0,1,0,1,6
1661,2018-10-14,4,0,0,0,0,4
1662,2018-10-15,3,0,0,0,0,3
1663,2018-10-16,6,0,3,0,2,6
1664,2018-10-17,3,0,0,0,0,3
1665,2018-10-18,12,0,0,1,8,12
1666,2018-10-19,4,0,0,0,0,4
1667,2018-10-20,4,0,1,1,0,4
1668,2018-10-21,3,0,0,0,0,3
1669,2018-10-22,2,0,0,0,2,2
1670,2018-10-23,2,0,1,0,0,2
1671,2018-10-24,5,0,0,0,2,5
1672,2018-10-25,3,0,0,0,0,3
1673,2018-10-26,5,0,0,0,2,5
1674,2018-10-27,3,0,2,1,0,3
1675,2018-10-29,1,0,0,0,0,1
1676,2018-10-30,5,0,2,0,1,5
1677,2018-10-31,1,0,1,0,0,1
1678,2018-11-01,3,0,0,3,1,3
1679,2018-11-02,9,0,0,0,5,9
1680,2018-11-03,1,0,0,0,0,1
1681,2018-11-04,0,0,1,0,0,0
1682,2018-11-05,0,0,1,0,0,0
1683,2018-11-06,3,0,3,0,0,3
1684,2018-11-07,6,0,1,2,0,6
1685,2018-11-08,7,0,0,0,0,7
1686,2018-11-09,5,0,0,1,2,5
1687,2018-11-10,1,0,1,0,0,1
1688,2018-11-11,3,0,0,0,0,3
1689,2018-11-12,3,0,0,0,0,3
1690,2018-11-13,5,0,1,1,2,5
1691,2018-11-14,3,0,0,1,1,3
1692,2018-11-15,6,0,0,0,0,6
1693,2018-11-16,2,0,1,0,1,2
1694,2018-11-17,4,0,0,0,1,4
1695,2018-11-18,2,0,1,0,2,2
1696,2018-11-19,5,0,0,0,0,5
1697,2018-11-20,7,0,0,0,3,7
1698,2018-11-21,5,0,0,0,1,5
1699,2018-11-22,3,0,0,0,0,3
1700,2018-11-23,0,0,1,0,0,0
1701,2018-11-24,1,0,1,0,0,1
1702,2018-11-25,2,0,0,0,0,2
1703,2018-11-26,4,0,2,0,1,4
1704,2018-11-27,2,0,0,0,1,2
1705,2018-11-28,4,0,2,0,0,4
1706,2018-11-29,7,0,1,0,0,7
1707,2018-11-30,8,0,3,0,4,8
1708,2018-12-01,4,0,1,0,3,4
1709,2018-12-02,1,0,1,0,0,1
1710,2018-12-03,4,0,1,0,3,4
1711,2018-12-04,5,0,0,1,0,5
1712,2018-12-05,5,0,0,3,3,5
1713,2018-12-06,8,0,0,0,0,8
1714,2018-12-07,3,0,0,0,0,3
1715,2018-12-08,1,0,0,0,0,1
1716,2018-12-09,0,0,1,0,0,0
1717,2018-12-10,1,0,0,0,0,1
1718,2018-12-11,2,0,1,1,2,2
1719,2018-12-12,5,0,0,0,1,5
1720,2018-12-13,3,0,0,1,2,3
1721,2018-12-14,5,0,2,0,1,5
1722,2018-12-15,2,0,0,0,0,2
1723,2018-12-16,0,0,1,0,0,0
1724,2018-12-17,4,0,0,1,1,4
1725,2018-12-18,5,0,0,1,2,5
1726,2018-12-19,5,0,1,1,3,5
1727,2018-12-20,3,0,1,2,5,3
1728,2018-12-21,5,0,1,0,0,5
1729,2018-12-22,2,0,1,6,4,2
1730,2018-12-24,3,0,0,0,2,3
1731,2018-12-26,14,0,2,3,9,14
1732,2018-12-27,5,0,1,1,1,5
1733,2018-12-28,3,0,0,0,0,3
1734,2018-12-29,4,0,0,0,1,4
1735,2018-12-30,1,0,0,0,1,1
1736,2018-12-31,2,0,1,0,1,2
1737,2019-01-01,1,0,1,0,0,1
1738,2019-01-02,10,0,2,1,5,10
1739,2019-01-03,4,0,0,0,0,4
1740,2019-01-04,3,0,0,0,1,3
1741,2019-01-05,6,0,0,0,0,6
1742,2019-01-06,1,0,2,0,0,1
1743,2019-01-07,4,0,0,0,2,4
1744,2019-01-08,2,0,0,1,3,2
1745,2019-01-09,5,0,0,0,1,5
1746,2019-01-10,6,0,0,1,2,6
1747,2019-01-11,4,0,0,0,2,4
1748,2019-01-12,11,0,0,0,4,11
1749,2019-01-13,3,0,1,0,2,3
1750,2019-01-14,3,0,1,0,0,3
1751,2019-01-15,1,0,0,1,1,1
1752,2019-01-16,2,0,0,0,0,2
1753,2019-01-17,2,0,0,4,0,2
1754,2019-01-18,5,0,1,2,3,5
1755,2019-01-19,6,0,0,0,2,6
1756,2019-01-20,1,0,0,0,0,1
1757,2019-01-21,0,0,1,0,0,0
1758,2019-01-22,2,0,0,1,0,2
1759,2019-01-23,3,0,3,1,3,3
1760,2019-01-24,2,0,0,0,0,2
1761,2019-01-25,6,0,0,0,2,6
1762,2019-01-26,3,0,2,0,0,3
1763,2019-01-27,3,0,0,0,0,3
1764,2019-01-28,4,0,0,0,0,4
1765,2019-01-29,3,0,0,0,0,3
1766,2019-01-30,4,0,0,2,2,4
1767,2019-01-31,5,0,1,0,0,5
1768,2019-02-01,1,0,1,0,1,1
1769,2019-02-02,5,0,0,1,1,5
1770,2019-02-03,1,0,3,0,0,1
1771,2019-02-04,5,0,0,0,0,5
1772,2019-02-05,3,0,0,0,1,3
1773,2019-02-06,1,0,3,0,0,1
1774,2019-02-07,3,0,3,0,1,3
1775,2019-02-08,2,0,1,0,2,2
1776,2019-02-10,1,0,0,0,0,1
1777,2019-02-11,3,0,0,0,0,3
1778,2019-02-13,3,0,1,1,0,3
1779,2019-02-14,5,0,0,2,3,5
1780,2019-02-15,4,0,0,0,0,4
1781,2019-02-16,4,0,0,0,0,4
1782,2019-02-17,2,0,2,0,0,2
1783,2019-02-19,8,0,1,0,3,8
1784,2019-02-20,5,0,1,1,1,5
1785,2019-02-21,4,0,2,1,3,4
1786,2019-02-22,6,0,3,0,1,6
1787,2019-02-23,3,0,1,0,0,3
1788,2019-02-25,4,0,2,0,2,4
1789,2019-02-27,2,0,0,4,5,2
1790,2019-02-28,3,0,3,0,1,3
1791,2019-03-01,9,0,0,0,1,9
1792,2019-03-02,4,0,2,0,0,4
1793,2019-03-03,0,0,2,0,0,0
1794,2019-03-04,3,0,0,0,0,3
1795,2019-03-05,9,0,2,1,1,9
1796,2019-03-06,5,0,0,0,3,5
1797,2019-03-07,5,0,0,1,1,5
1798,2019-03-08,3,0,4,1,1,3
1799,2019-03-09,3,0,1,0,0,3
1800,2019-03-10,3,0,0,0,0,3
1801,2019-03-11,3,0,1,1,1,3
1802,2019-03-12,5,0,0,0,1,5
1803,2019-03-13,3,0,1,0,0,3
1804,2019-03-14,0,0,0,1,0,0
1805,2019-03-15,0,0,0,1,1,0
1806,2019-03-16,3,0,0,3,2,3
1807,2019-03-17,1,0,0,0,0,1
1808,2019-03-18,4,0,0,0,0,4
1809,2019-03-19,4,0,1,0,2,4
1810,2019-03-20,4,0,0,0,0,4
1811,2019-03-21,3,0,0,8,5,3
1812,2019-03-22,1,0,0,0,0,1
1813,2019-03-23,2,0,0,0,0,2
1814,2019-03-26,5,0,1,0,0,5
1815,2019-03-27,7,0,2,0,1,7
1816,2019-03-28,6,0,1,0,1,6
1817,2019-03-29,5,0,1,1,2,5
1818,2019-03-30,3,0,1,0,1,3
1819,2019-03-31,1,0,3,0,2,1
1820,2019-04-01,3,0,0,0,0,3
1821,2019-04-02,6,0,0,0,0,6
1822,2019-04-03,3,0,0,0,0,3
1823,2019-04-04,3,0,8,1,1,3
1824,2019-04-05,5,0,0,0,4,5
1825,2019-04-06,4,0,0,0,0,4
1826,2019-04-07,2,0,0,0,0,2
1827,2019-04-08,1,0,0,0,0,1
1828,2019-04-09,6,0,0,0,1,6
1829,2019-04-10,2,0,2,0,1,2
1830,2019-04-11,6,0,0,1,3,6
1831,2019-04-12,2,0,2,0,0,2
1832,2019-04-13,3,0,0,0,3,3
1833,2019-04-15,7,0,0,0,0,7
1834,2019-04-16,2,0,0,1,2,2
1835,2019-04-17,1,0,0,0,0,1
1836,2019-04-18,2,0,0,0,1,2
1837,2019-04-19,8,0,1,0,4,8
1838,2019-04-20,3,0,0,0,0,3
1839,2019-04-21,2,0,0,0,0,2
1840,2019-04-22,3,0,0,0,2,3
1841,2019-04-23,1,0,1,2,0,1
1842,2019-04-24,4,0,0,0,0,4
1843,2019-04-25,0,0,1,0,0,0
1844,2019-04-26,2,0,0,0,0,2
1845,2019-04-27,3,0,1,0,1,3
1846,2019-04-28,1,0,0,0,0,1
1847,2019-04-29,2,0,0,0,0,2
1848,2019-04-30,6,0,1,0,2,6
1849,2019-05-01,1,0,0,0,1,1
1850,2019-05-02,2,0,0,0,0,2
1851,2019-05-03,2,0,0,2,0,2
1852,2019-05-04,2,0,0,0,0,2
1853,2019-05-05,0,0,0,2,1,0
1854,2019-05-06,5,0,1,0,0,5
1855,2019-05-07,6,0,0,0,0,6
1856,2019-05-08,3,0,0,1,2,3
1857,2019-05-09,4,0,0,1,0,4
1858,2019-05-10,3,0,0,1,1,3
1859,2019-05-11,3,0,0,0,0,3
1860,2019-05-12,0,0,1,0,0,0
1861,2019-05-14,5,0,1,0,1,5
1862,2019-05-15,3,0,0,0,1,3
1863,2019-05-16,3,0,2,3,0,3
1864,2019-05-17,2,0,3,8,9,2
1865,2019-05-18,1,0,0,0,0,1
1866,2019-05-20,1,0,2,0,1,1
1867,2019-05-21,4,0,1,0,0,4
1868,2019-05-22,1,0,1,0,0,1
1869,2019-05-23,7,0,1,1,0,7
1870,2019-05-24,2,0,0,3,3,2
1871,2019-05-25,3,0,1,0,0,3
1872,2019-05-28,4,0,1,1,1,4
1873,2019-05-29,1,0,1,0,0,1
1874,2019-05-31,4,0,0,0,3,4
1875,2019-06-01,8,0,0,0,1,8
1876,2019-06-02,0,0,1,0,0,0
1877,2019-06-03,4,0,0,0,0,4
1878,2019-06-04,4,0,2,0,1,4
1879,2019-06-05,1,0,0,0,1,1
1880,2019-06-06,5,0,2,0,1,5
1881,2019-06-07,4,0,3,0,0,4
1882,2019-06-08,3,0,1,0,0,3
1883,2019-06-10,3,0,6,0,0,3
1884,2019-06-11,8,0,0,0,1,8
1885,2019-06-12,5,0,1,0,4,5
1886,2019-06-13,6,0,0,2,2,6
1887,2019-06-14,8,0,2,0,4,8
1888,2019-06-15,2,0,1,0,1,2
1889,2019-06-17,5,0,1,1,0,5
1890,2019-06-18,3,0,1,0,0,3
1891,2019-06-19,3,0,0,0,2,3
1892,2019-06-20,3,0,1,0,1,3
1893,2019-06-21,5,0,0,0,0,5
1894,2019-06-22,6,0,1,0,0,6
1895,2019-06-23,2,0,0,0,0,2
1896,2019-06-24,1,0,1,0,0,1
1897,2019-06-25,4,0,5,0,2,4
1898,2019-06-26,9,0,0,1,2,9
1899,2019-06-27,3,0,0,0,0,3
1900,2019-06-28,1,0,3,1,1,1
1901,2019-06-29,2,0,0,0,1,2
1902,2019-06-30,2,0,0,0,0,2
1903,2019-07-01,6,0,0,0,3,6
1904,2019-07-02,6,0,2,1,0,6
1905,2019-07-03,1,0,0,0,0,1
1906,2019-07-04,1,0,0,0,0,1
1907,2019-07-05,10,0,1,1,1,10
1908,2019-07-06,7,0,2,1,1,7
1909,2019-07-08,2,0,0,0,0,2
1910,2019-07-09,8,0,0,0,0,8
1911,2019-07-10,1,0,2,0,0,1
1912,2019-07-11,1,0,2,0,1,1
1913,2019-07-12,1,0,0,2,2,1
1914,2019-07-13,4,0,1,0,2,4
1915,2019-07-14,1,0,0,0,0,1
1916,2019-07-15,3,0,2,0,2,3
1917,2019-07-16,3,0,1,0,2,3
1918,2019-07-17,3,0,0,1,1,3
1919,2019-07-18,6,0,0,0,1,6
1920,2019-07-19,3,0,0,2,1,3
1921,2019-07-20,4,0,2,0,0,4
1922,2019-07-21,3,0,0,0,0,3
1923,2019-07-22,0,0,1,0,0,0
1924,2019-07-23,2,0,0,2,1,2
1925,2019-07-24,1,0,0,0,0,1
1926,2019-07-25,5,0,0,0,1,5
1927,2019-07-26,1,0,0,0,0,1
1928,2019-07-27,1,0,2,0,1,1
1929,2019-07-28,1,0,0,0,1,1
1930,2019-07-29,1,0,2,0,0,1
1931,2019-07-30,3,0,0,0,0,3
1932,2019-08-01,3,0,1,0,0,3
1933,2019-08-02,3,0,0,1,2,3
1934,2019-08-03,1,0,0,1,1,1
1935,2019-08-05,5,0,1,0,0,5
1936,2019-08-06,4,0,0,0,0,4
1937,2019-08-07,0,0,2,0,0,0
1938,2019-08-08,4,0,0,0,0,4
1939,2019-08-09,0,0,1,4,1,0
1940,2019-08-10,4,0,0,1,1,4
1941,2019-08-11,0,0,1,0,0,0
1942,2019-08-12,2,0,0,0,2,2
1943,2019-08-13,3,0,0,0,1,3
1944,2019-08-14,6,0,1,0,0,6
1945,2019-08-15,2,0,1,0,0,2
1946,2019-08-16,2,0,0,0,0,2
1947,2019-08-17,5,0,2,0,1,5
1948,2019-08-18,0,0,2,0,0,0
1949,2019-08-19,6,0,0,0,1,6
1950,2019-08-20,3,0,0,0,1,3
1951,2019-08-21,3,0,0,1,1,3
1952,2019-08-22,8,0,0,1,5,8
1953,2019-08-23,2,0,1,0,2,2
1954,2019-08-24,4,0,1,0,2,4
1955,2019-08-26,0,0,4,0,1,0
1956,2019-08-27,2,0,0,0,0,2
1957,2019-08-28,6,0,2,0,2,6
1958,2019-08-29,3,0,1,0,1,3
1959,2019-08-30,3,0,2,2,5,3
1960,2019-08-31,3,0,0,0,0,3
1961,2019-09-02,2,0,1,0,0,2
1962,2019-09-03,4,0,0,0,1,4
1963,2019-09-04,4,0,1,0,0,4
1964,2019-09-05,9,0,2,1,2,9
1965,2019-09-06,3,0,0,1,0,3
1966,2019-09-07,2,0,1,0,1,2
1967,2019-09-09,1,0,0,0,0,1
1968,2019-09-10,3,0,0,0,1,3
1969,2019-09-11,4,0,1,0,2,4
1970,2019-09-12,2,0,0,2,2,2
1971,2019-09-13,2,0,0,0,0,2
1972,2019-09-14,3,0,2,0,1,3
1973,2019-09-15,1,0,0,0,0,1
1974,2019-09-16,1,0,0,0,0,1
1975,2019-09-17,4,0,1,0,0,4
1976,2019-09-18,0,0,0,1,1,0
1977,2019-09-19,5,0,1,2,1,5
1978,2019-09-20,3,0,0,1,2,3
1979,2019-09-21,2,0,1,0,0,2
1980,2019-09-22,2,0,0,0,0,2
1981,2019-09-23,5,0,0,0,2,5
1982,2019-09-24,6,0,2,0,2,6
1983,2019-09-25,9,0,2,0,5,9
1984,2019-09-26,4,0,1,1,1,4
1985,2019-09-27,8,0,2,7,5,8
1986,2019-09-28,5,0,0,0,3,5
1987,2019-09-29,2,0,0,0,0,2
1988,2019-09-30,12,0,0,0,3,12
1989,2019-10-01,9,0,1,1,6,9
1990,2019-10-02,2,0,1,0,1,2
1991,2019-10-03,4,0,1,0,1,4
1992,2019-10-04,18,0,1,2,8,18
1993,2019-10-05,4,0,0,0,1,4
1994,2019-10-06,2,0,0,0,0,2
1995,2019-10-07,5,0,0,1,1,5
1996,2019-10-08,1,0,0,0,0,1
1997,2019-10-09,1,0,0,0,0,1
1998,2019-10-10,7,0,1,7,3,7
1999,2019-10-11,3,0,0,0,0,3
2000,2019-10-12,2,0,0,0,1,2
2001,2019-10-13,0,0,1,0,0,0
2002,2019-10-14,1,0,1,0,0,1
2003,2019-10-15,1,0,0,0,0,1
2004,2019-10-16,4,0,0,0,2,4
2005,2019-10-17,10,0,1,0,3,10
2006,2019-10-18,1,0,1,0,0,1
2007,2019-10-19,3,0,0,1,0,3
2008,2019-10-20,4,0,0,0,2,4
2009,2019-10-21,1,0,0,0,0,1
2010,2019-10-22,7,0,0,2,4,7
2011,2019-10-23,5,0,0,0,1,5
2012,2019-10-24,1,0,0,2,2,1
2013,2019-10-25,3,0,0,2,5,3
2014,2019-10-26,1,0,2,0,0,1
2015,2019-10-27,2,0,0,0,0,2
2016,2019-10-28,3,0,1,0,1,3
2017,2019-10-29,6,0,1,0,3,6
2018,2019-10-30,10,0,0,0,2,10
2019,2019-10-31,1,0,1,0,1,1
2020,2019-11-01,1,0,2,0,0,1
2021,2019-11-02,7,0,0,0,1,7
2022,2019-11-03,1,0,2,0,0,1
2023,2019-11-04,6,0,0,0,0,6
2024,2019-11-05,8,0,0,0,1,8
2025,2019-11-06,4,0,1,0,2,4
2026,2019-11-07,1,0,3,8,3,1
2027,2019-11-08,3,0,0,1,0,3
2028,2019-11-09,1,0,2,0,0,1
2029,2019-11-10,1,0,1,0,0,1
2030,2019-11-11,0,0,2,0,1,0
2031,2019-11-12,5,0,0,1,1,5
2032,2019-11-13,2,0,0,0,0,2
2033,2019-11-14,5,0,1,1,0,5
2034,2019-11-15,5,0,0,0,1,5
2035,2019-11-18,5,0,0,0,0,5
2036,2019-11-19,3,0,1,0,0,3
2037,2019-11-20,7,0,1,0,0,7
2038,2019-11-21,2,0,1,0,0,2
2039,2019-11-22,3,0,0,1,1,3
2040,2019-11-23,4,0,1,0,3,4
2041,2019-11-24,0,0,1,0,0,0
2042,2019-11-25,1,0,0,0,0,1
2043,2019-11-26,6,0,0,1,2,6
2044,2019-11-27,5,0,0,4,4,5
2045,2019-11-30,6,0,0,0,1,6
2046,2019-12-01,0,0,0,1,1,0
2047,2019-12-02,2,0,0,0,1,2
2048,2019-12-03,4,0,0,0,1,4
2049,2019-12-04,6,0,1,0,1,6
2050,2019-12-05,7,0,0,0,3,7
2051,2019-12-06,2,0,0,3,2,2
2052,2019-12-07,2,0,1,1,0,2
2053,2019-12-09,5,0,0,0,2,5
2054,2019-12-10,7,0,0,1,3,7
2055,2019-12-11,3,0,0,4,2,3
2056,2019-12-12,7,0,0,1,3,7
2057,2019-12-13,3,0,0,3,4,3
2058,2019-12-14,5,0,0,0,0,5
2059,2019-12-15,1,0,0,0,0,1
2060,2019-12-16,2,0,0,0,0,2
2061,2019-12-17,3,0,0,0,1,3
2062,2019-12-18,3,0,1,0,0,3
2063,2019-12-19,4,0,0,0,1,4
2064,2019-12-20,1,0,0,0,0,1
2065,2019-12-21,2,0,0,1,1,2
2066,2019-12-22,4,0,0,0,0,4
2067,2019-12-23,2,0,0,0,1,2
2068,2019-12-24,6,0,0,0,0,6
2069,2019-12-25,1,0,0,0,0,1
2070,2019-12-26,6,0,0,0,1,6
2071,2019-12-27,5,0,0,0,0,5
2072,2019-12-28,1,0,0,0,0,1
2073,2019-12-30,2,0,0,0,0,2
2074,2019-12-31,3,0,1,0,1,3
2075,2020-01-01,1,0,0,0,0,1
2076,2020-01-02,7,0,0,1,0,7
2077,2020-01-03,10,0,0,3,5,10
2078,2020-01-04,4,0,0,0,2,4
2079,2020-01-06,4,0,0,0,0,4
2080,2020-01-07,3,0,1,1,1,3
2081,2020-01-08,4,0,0,1,2,4
2082,2020-01-09,4,0,3,1,2,4
2083,2020-01-10,3,0,0,2,1,3
2084,2020-01-11,3,0,1,0,0,3
2085,2020-01-13,1,0,2,0,0,1
2086,2020-01-14,3,0,0,1,1,3
2087,2020-01-15,2,0,0,0,0,2
2088,2020-01-16,2,0,2,1,1,2
2089,2020-01-17,2,0,0,2,2,2
2090,2020-01-18,3,0,0,0,1,3
2091,2020-01-19,3,0,1,0,0,3
2092,2020-01-20,0,0,1,0,0,0
2093,2020-01-21,2,0,0,1,0,2
2094,2020-01-22,3,0,0,10,3,3
2095,2020-01-23,1,0,0,3,2,1
2096,2020-01-24,5,0,5,2,3,5
2097,2020-01-25,4,0,0,0,1,4
2098,2020-01-26,0,0,1,0,0,0
2099,2020-01-27,2,0,0,0,1,2
2100,2020-01-28,6,0,0,1,3,6
2101,2020-01-29,7,0,1,0,1,7
2102,2020-01-30,4,0,0,0,1,4
2103,2020-01-31,2,0,0,2,2,2
2104,2020-02-01,6,0,2,0,1,6
2105,2020-02-02,2,0,0,0,1,2
2106,2020-02-03,1,0,0,0,0,1
2107,2020-02-04,5,0,0,2,1,5
2108,2020-02-05,3,0,0,0,2,3
2109,2020-02-06,1,0,2,2,3,1
2110,2020-02-07,3,0,1,1,3,3
2111,2020-02-08,2,0,0,1,0,2
2112,2020-02-09,1,0,0,0,0,1
2113,2020-02-10,5,0,1,0,1,5
2114,2020-02-11,4,0,1,1,1,4
2115,2020-02-12,0,0,2,0,0,0
2116,2020-02-13,6,0,1,2,5,6
2117,2020-02-14,1,0,1,1,2,1
2118,2020-02-15,3,0,0,1,0,3
2119,2020-02-16,8,0,0,0,2,8
2120,2020-02-18,11,0,0,1,4,11
2121,2020-02-19,10,0,0,0,4,10
2122,2020-02-20,3,0,3,3,1,3
2123,2020-02-21,1,0,0,1,1,1
2124,2020-02-22,2,0,0,0,1,2
2125,2020-02-23,1,0,0,0,0,1
2126,2020-02-24,4,0,0,0,0,4
2127,2020-02-25,4,0,1,0,2,4
2128,2020-02-26,1,0,1,1,0,1
2129,2020-02-27,1,0,0,0,0,1
2130,2020-02-28,0,0,1,3,2,0
2131,2020-02-29,5,0,1,0,2,5
2132,2020-03-01,0,0,1,0,0,0
2133,2020-03-03,7,0,0,0,4,7
2134,2020-03-04,3,0,1,0,2,3
2135,2020-03-05,5,0,0,3,2,5
2136,2020-03-06,7,0,0,1,2,7
2137,2020-03-07,4,0,0,0,0,4
2138,2020-03-09,6,0,0,0,3,6
2139,2020-03-10,2,0,1,0,2,2
2140,2020-03-11,5,0,0,1,0,5
2141,2020-03-12,2,0,0,0,1,2
2142,2020-03-13,1,0,3,0,2,1
2143,2020-03-14,2,0,0,0,2,2
2144,2020-03-15,4,0,0,0,2,4
2145,2020-03-16,2,0,0,0,0,2
2146,2020-03-17,9,0,0,0,4,9
2147,2020-03-18,4,0,0,0,2,4
2148,2020-03-19,3,0,0,0,2,3
2149,2020-03-20,1,0,0,2,3,1
2150,2020-03-21,1,0,0,0,0,1
2151,2020-03-22,1,0,0,0,0,1
2152,2020-03-23,2,0,2,0,1,2
2153,2020-03-24,2,0,0,0,1,2
2154,2020-03-25,2,0,2,0,1,2
2155,2020-03-26,1,0,0,0,1,1
2156,2020-03-27,0,0,2,0,0,0
2157,2020-03-28,2,0,0,2,1,2
2158,2020-03-29,0,0,1,0,0,0
2159,2020-03-30,1,0,0,0,1,1
2160,2020-04-01,2,0,0,0,1,2
2161,2020-04-02,1,0,0,0,1,1
2162,2020-04-03,1,0,0,0,1,1
2163,2020-04-06,1,0,0,0,1,1
2164,2020-04-07,2,0,0,0,1,2
2165,2020-04-08,2,0,0,0,0,2
2166,2020-04-12,1,0,0,0,0,1
2167,2020-04-14,1,0,0,0,1,1
2168,2020-04-16,1,0,0,0,0,1
2169,2020-04-18,1,0,0,0,0,1
2170,2020-04-20,1,0,0,0,1,1
2171,2020-04-21,2,0,0,0,2,2
2172,2020-04-22,0,0,2,0,2,0
2173,2020-04-25,1,0,0,0,0,1
2174,2020-04-27,1,0,0,0,1,1
2175,2020-04-28,3,0,0,0,3,3
2176,2020-04-30,2,0,0,0,1,2
2177,2020-05-01,2,0,0,0,0,2
2178,2020-05-02,1,0,0,0,0,1
2179,2020-05-06,2,0,0,0,0,2
2180,2020-05-07,3,0,0,0,2,3
2181,2020-05-08,2,0,0,0,0,2
2182,2020-05-11,2,0,0,0,1,2
2183,2020-05-12,1,0,0,0,0,1
2184,2020-05-15,0,0,1,0,0,0
2185,2020-05-16,6,0,0,0,3,6
2186,2020-05-18,0,0,1,0,0,0
2187,2020-05-19,1,0,0,1,1,1
2188,2020-05-20,4,0,0,1,3,4
2189,2020-05-21,3,0,0,0,0,3
2190,2020-05-22,1,0,1,1,0,1
2191,2020-05-23,0,0,0,2,1,0
2192,2020-05-25,1,0,0,0,0,1
2193,2020-05-26,2,0,0,0,0,2
2194,2020-05-27,1,0,3,1,1,1
2195,2020-05-28,2,0,0,1,1,2
2196,2020-05-29,1,0,2,1,0,1
2197,2020-05-30,2,0,0,0,0,2
2198,2020-06-03,7,0,0,0,2,7
2199,2020-06-05,2,0,0,0,2,2
2200,2020-06-06,2,0,0,0,0,2
2201,2020-06-08,2,0,0,0,0,2
2202,2020-06-09,1,0,0,0,0,1
2203,2020-06-10,2,0,0,0,0,2
2204,2020-06-11,2,0,0,0,0,2
2205,2020-06-12,3,0,0,0,1,3
2206,2020-06-13,3,0,1,0,1,3
2207,2020-06-14,3,0,0,0,0,3
2208,2020-06-15,5,0,0,0,0,5
2209,2020-06-16,0,0,0,2,2,0
2210,2020-06-17,0,0,1,1,0,0
2211,2020-06-18,1,0,0,0,1,1
2212,2020-06-20,2,0,0,0,2,2
2213,2020-06-21,3,0,0,0,0,3
2214,2020-06-22,0,0,0,3,0,0
2215,2020-06-23,3,0,0,0,1,3
2216,2020-06-24,1,0,3,0,0,1
2217,2020-06-25,1,0,0,0,0,1
2218,2020-06-26,4,0,0,0,0,4
2219,2020-06-27,1,0,0,1,1,1
2220,2020-06-28,0,0,1,0,0,0
2221,2020-06-29,1,0,0,0,0,1
2222,2020-06-30,4,0,0,0,2,4
2223,2020-07-01,0,0,0,1,1,0
2224,2020-07-02,8,0,0,0,3,8
2225,2020-07-04,4,0,0,0,1,4
2226,2020-07-05,7,0,0,0,0,7
2227,2020-07-06,4,0,0,0,0,4
2228,2020-07-07,3,0,1,2,3,3
2229,2020-07-08,0,0,1,0,0,0
2230,2020-07-11,1,0,2,0,1,1
2231,2020-07-12,5,0,2,0,2,5
2232,2020-07-13,1,0,0,0,1,1
2233,2020-07-14,4,0,0,0,2,4
2234,2020-07-15,1,0,1,0,0,1
2235,2020-07-16,2,0,0,0,0,2
2236,2020-07-17,1,0,0,0,1,1
2237,2020-07-18,0,0,4,1,0,0
2238,2020-07-19,2,0,0,0,0,2
2239,2020-07-21,4,0,1,1,2,4
2240,2020-07-22,1,0,1,0,0,1
2241,2020-07-24,3,0,0,3,1,3
2242,2020-07-25,3,0,2,0,1,3
2243,2020-07-26,0,0,2,0,0,0
2244,2020-07-27,3,0,2,0,1,3
2245,2020-07-28,4,0,0,1,2,4
2246,2020-07-29,1,0,2,7,6,1
2247,2020-07-30,1,0,0,0,0,1
2248,2020-07-31,0,0,1,0,0,0
2249,2020-08-01,1,0,0,0,1,1
2250,2020-08-03,0,0,0,1,1,0
2251,2020-08-04,4,0,0,0,3,4
2252,2020-08-05,3,0,1,0,1,3
2253,2020-08-06,6,0,1,0,4,6
2254,2020-08-07,2,0,0,2,1,2
2255,2020-08-08,4,0,0,0,0,4
2256,2020-08-09,1,0,0,0,0,1
2257,2020-08-10,3,0,0,0,2,3
2258,2020-08-11,3,0,0,0,2,3
2259,2020-08-12,2,0,11,0,2,2
2260,2020-08-13,2,0,2,0,1,2
2261,2020-08-15,2,0,1,0,0,2
2262,2020-08-16,2,0,0,0,0,2
2263,2020-08-17,3,0,0,0,0,3
2264,2020-08-18,5,0,0,0,0,5
2265,2020-08-20,1,0,0,0,1,1
2266,2020-08-21,1,0,1,1,1,1
2267,2020-08-23,2,0,1,0,2,2
2268,2020-08-25,3,0,0,0,2,3
2269,2020-08-27,4,0,2,0,0,4
2270,2020-08-28,2,0,0,0,1,2
2271,2020-08-29,1,0,0,0,0,1
2272,2020-08-30,1,0,0,0,0,1
2273,2020-08-31,1,0,0,0,0,1
2274,2020-09-01,1,0,0,1,1,1
2275,2020-09-02,0,0,0,2,2,0
2276,2020-09-03,4,0,0,1,2,4
2277,2020-09-04,1,0,0,1,0,1
2278,2020-09-05,3,0,0,0,0,3
2279,2020-09-06,0,0,1,0,1,0
2280,2020-09-07,2,0,0,0,0,2
2281,2020-09-08,3,0,0,0,0,3
2282,2020-09-09,1,0,0,1,1,1
2283,2020-09-10,5,0,0,1,3,5
2284,2020-09-12,2,0,1,0,1,2
2285,2020-09-13,2,0,0,0,0,2
2286,2020-09-14,1,0,1,0,0,1
2287,2020-09-15,1,0,0,0,1,1
2288,2020-09-16,2,0,0,0,1,2
2289,2020-09-17,5,0,0,6,7,5
2290,2020-09-18,1,0,1,2,1,1
2291,2020-09-19,1,0,0,1,0,1
2292,2020-09-21,0,0,1,0,0,0
2293,2020-09-22,2,0,0,0,0,2
2294,2020-09-23,3,0,0,0,2,3
2295,2020-09-24,1,0,0,0,1,1
2296,2020-09-25,2,0,0,0,0,2
2297,2020-09-26,4,0,0,0,0,4
2298,2020-09-27,0,0,1,0,0,0
2299,2020-09-28,5,0,0,0,1,5
2300,2020-09-29,3,0,0,0,1,3
2301,2020-09-30,6,0,4,0,0,6
2302,2020-10-01,5,0,1,0,1,5
2303,2020-10-02,1,0,1,0,0,1
2304,2020-10-03,1,0,1,0,0,1
2305,2020-10-05,1,0,1,0,0,1
2306,2020-10-07,3,0,0,0,0,3
2307,2020-10-08,2,0,1,0,0,2
2308,2020-10-09,3,0,1,0,0,3
2309,2020-10-10,1,0,2,0,0,1
2310,2020-10-13,3,0,0,0,0,3
2311,2020-10-14,5,0,1,0,1,5
2312,2020-10-15,1,0,0,0,0,1
2313,2020-10-16,0,0,1,1,1,0
2314,2020-10-17,3,0,1,0,3,3
2315,2020-10-18,0,0,1,0,1,0
2316,2020-10-19,2,0,0,0,0,2
2317,2020-10-21,4,0,0,0,3,4
2318,2020-10-22,3,0,0,0,0,3
2319,2020-10-23,0,0,0,1,1,0
2320,2020-10-24,1,0,1,0,0,1
2321,2020-10-25,0,0,1,0,0,0
2322,2020-10-26,3,0,0,0,0,3
2323,2020-10-27,1,0,3,0,0,1
2324,2020-10-28,0,0,1,1,1,0
2325,2020-10-29,1,0,0,1,0,1
2326,2020-10-30,1,0,0,0,0,1
2327,2020-10-31,2,0,0,0,0,2
2328,2020-11-01,2,0,1,0,2,2
2329,2020-11-02,2,0,0,0,0,2
2330,2020-11-03,3,0,1,0,1,3
2331,2020-11-04,4,0,0,1,0,4
2332,2020-11-05,2,0,0,0,1,2
2333,2020-11-06,6,0,0,0,0,6
2334,2020-11-07,2,0,0,0,1,2
2335,2020-11-08,1,0,0,0,0,1
2336,2020-11-09,2,0,1,0,0,2
2337,2020-11-10,7,0,0,0,0,7
2338,2020-11-11,0,0,1,0,0,0
2339,2020-11-12,3,0,1,0,0,3
2340,2020-11-13,0,0,0,1,1,0
2341,2020-11-16,3,0,0,0,0,3
2342,2020-11-17,2,0,0,3,2,2
2343,2020-11-18,1,0,0,0,0,1
2344,2020-11-19,5,0,0,1,0,5
2345,2020-11-20,2,0,0,0,0,2
2346,2020-11-21,2,0,0,0,1,2
2347,2020-11-24,3,0,6,0,0,3
2348,2020-11-27,1,0,1,0,0,1
2349,2020-11-28,5,0,0,0,0,5
2350,2020-11-30,4,0,1,0,0,4
2351,2020-12-01,6,0,1,0,4,6
2352,2020-12-02,3,0,0,0,0,3
2353,2020-12-03,1,0,0,0,0,1
2354,2020-12-04,0,0,1,0,1,0
2355,2020-12-06,2,0,0,0,0,2
2356,2020-12-07,3,0,0,0,0,3
2357,2020-12-08,4,0,0,0,1,4
2358,2020-12-09,2,0,0,0,2,2
2359,2020-12-10,1,0,0,1,0,1
2360,2020-12-11,1,0,1,0,0,1
2361,2020-12-12,3,0,0,0,1,3
2362,2020-12-15,2,0,0,1,0,2
2363,2020-12-16,2,0,1,0,2,2
2364,2020-12-17,0,0,1,0,0,0
2365,2020-12-18,1,0,1,1,0,1
2366,2020-12-19,2,0,2,0,1,2
2367,2020-12-21,1,0,0,0,0,1
2368,2020-12-22,2,0,0,1,1,2
2369,2020-12-23,2,0,2,1,4,2
2370,2020-12-24,1,0,0,0,0,1
2371,2020-12-26,4,0,0,0,0,4
2372,2020-12-27,1,0,0,0,0,1
2373,2020-12-28,3,0,1,0,1,3
2374,2020-12-29,0,0,1,0,0,0
2375,2020-12-30,3,0,1,0,1,3
2376,2020-12-31,2,0,0,0,0,2
2377,2021-01-02,2,0,0,0,0,2
2378,2021-01-04,1,0,0,0,0,1
2379,2021-01-05,2,0,0,0,0,2
2380,2021-01-06,0,0,0,1,0,0
2381,2021-01-07,4,0,0,1,1,4
2382,2021-01-08,2,0,0,0,0,2
2383,2021-01-09,1,0,0,0,1,1
2384,2021-01-10,1,0,0,0,1,1
2385,2021-01-11,0,0,2,0,1,0
2386,2021-01-12,1,0,0,1,2,1
2387,2021-01-13,2,0,1,0,1,2
2388,2021-01-14,1,0,0,0,0,1
2389,2021-01-15,4,0,0,0,0,4
2390,2021-01-16,5,0,1,2,3,5
2391,2021-01-19,6,0,0,1,2,6
2392,2021-01-20,5,0,1,0,2,5
2393,2021-01-21,4,0,0,1,1,4
2394,2021-01-22,4,0,0,0,0,4
2395,2021-01-23,0,0,0,2,0,0
2396,2021-01-25,1,0,0,0,0,1
2397,2021-01-27,4,0,1,0,1,4
2398,2021-01-28,1,0,0,0,0,1
2399,2021-01-29,4,0,0,0,0,4
2400,2021-01-30,1,0,2,0,0,1
2401,2021-02-01,2,0,0,0,0,2
2402,2021-02-02,4,0,0,2,2,4
2403,2021-02-03,1,0,0,0,0,1
2404,2021-02-04,2,0,1,0,1,2
2405,2021-02-05,1,0,0,0,0,1
2406,2021-02-06,5,0,1,0,0,5
2407,2021-02-07,0,0,1,0,0,0
2408,2021-02-08,5,0,0,2,2,5
2409,2021-02-09,2,0,0,0,0,2
2410,2021-02-10,2,0,2,0,1,2
2411,2021-02-11,5,0,0,0,0,5
2412,2021-02-12,0,0,1,0,0,0
2413,2021-02-13,3,0,0,1,0,3
2414,2021-02-14,2,0,0,0,0,2
2415,2021-02-16,7,0,0,2,2,7
2416,2021-02-18,1,0,0,0,1,1
2417,2021-02-19,2,0,0,0,0,2
2418,2021-02-20,0,0,3,0,0,0
2419,2021-02-22,5,0,0,0,0,5
2420,2021-02-23,2,0,0,1,0,2
2421,2021-02-24,0,0,1,0,0,0
2422,2021-02-25,2,0,0,0,0,2
2423,2021-02-26,2,0,0,0,0,2
2424,2021-02-27,2,0,0,1,0,2
2425,2021-03-01,2,0,2,0,0,2
2426,2021-03-02,2,0,0,5,0,2
2427,2021-03-03,4,0,0,0,0,4
2428,2021-03-04,1,0,0,0,0,1
2429,2021-03-05,2,0,1,1,1,2
2430,2021-03-06,2,0,0,1,0,2
2431,2021-03-07,2,0,0,0,1,2
2432,2021-03-08,1,0,0,0,0,1
2433,2021-03-09,1,0,0,0,0,1
2434,2021-03-10,3,0,0,0,1,3
2435,2021-03-13,5,0,0,0,0,5
2436,2021-03-15,1,0,0,0,0,1
2437,2021-03-16,5,0,0,0,1,5
2438,2021-03-17,2,0,0,0,0,2
2439,2021-03-18,0,0,1,1,1,0
2440,2021-03-19,3,0,0,0,0,3
2441,2021-03-20,1,0,0,0,0,1
2442,2021-03-21,0,0,2,0,0,0
2443,2021-03-22,1,0,0,0,0,1
2444,2021-03-23,1,0,1,0,0,1
2445,2021-03-24,2,0,0,0,0,2
2446,2021-03-25,0,0,0,1,0,0
2447,2021-03-26,3,0,0,0,0,3
2448,2021-03-27,1,0,0,1,0,1
2449,2021-03-29,1,0,0,0,0,1
2450,2021-03-30,0,0,0,1,0,0
2451,2021-04-01,6,0,0,0,2,6
2452,2021-04-02,1,0,0,0,0,1
2453,2021-04-03,4,0,1,1,1,4
2454,2021-04-04,0,0,0,1,0,0
2455,2021-04-05,3,0,0,0,0,3
2456,2021-04-07,3,0,0,0,0,3
2457,2021-04-08,0,0,0,2,1,0
2458,2021-04-10,1,0,1,0,0,1
2459,2021-04-12,0,0,3,0,0,0
2460,2021-04-13,2,0,0,1,1,2
2461,2021-04-14,1,0,0,2,1,1
2462,2021-04-15,2,0,0,0,0,2
2463,2021-04-16,1,0,0,1,1,1
2464,2021-04-17,4,0,1,0,1,4
2465,2021-04-18,5,0,0,0,0,5
2466,2021-04-19,2,0,0,0,0,2
2467,2021-04-20,1,0,0,0,0,1
2468,2021-04-21,6,0,0,0,2,6
2469,2021-04-22,1,0,1,0,1,1
2470,2021-04-23,4,0,0,0,1,4
2471,2021-04-24,1,0,0,1,0,1
2472,2021-04-25,1,0,0,0,0,1
2473,2021-04-26,4,0,0,1,1,4
2474,2021-04-27,1,0,0,0,0,1
2475,2021-04-28,4,0,2,0,1,4
2476,2021-04-29,3,0,1,0,0,3
2477,2021-04-30,2,0,0,0,0,2
2478,2021-05-01,5,0,0,1,0,5
2479,2021-05-02,0,0,2,0,0,0
2480,2021-05-03,1,0,2,0,1,1
2481,2021-05-04,7,0,0,0,1,7
2482,2021-05-05,2,0,0,1,0,2
2483,2021-05-06,1,0,0,0,0,1
2484,2021-05-07,3,0,0,0,0,3
2485,2021-05-08,1,0,1,0,0,1
2486,2021-05-09,1,0,0,0,0,1
2487,2021-05-10,2,0,0,0,0,2
2488,2021-05-11,2,0,0,0,0,2
2489,2021-05-12,2,0,0,2,0,2
2490,2021-05-13,1,0,0,0,0,1
2491,2021-05-14,2,0,0,0,1,2
2492,2021-05-15,2,0,0,0,0,2
2493,2021-05-16,0,0,1,0,0,0
2494,2021-05-17,2,0,0,0,0,2
2495,2021-05-18,3,0,0,5,4,3
2496,2021-05-19,2,0,3,0,0,2
2497,2021-05-20,0,0,0,1,1,0
2498,2021-05-21,0,0,1,0,0,0
2499,2021-05-22,1,0,0,1,1,1
2500,2021-05-23,0,0,1,0,0,0
2501,2021-05-24,2,0,1,0,1,2
2502,2021-05-26,2,0,1,0,0,2
2503,2021-05-27,1,0,0,1,1,1
2504,2021-05-28,4,0,0,1,2,4
2505,2021-05-29,0,0,1,1,0,0
2506,2021-05-30,1,0,0,0,0,1
2507,2021-05-31,2,0,0,0,0,2
2508,2021-06-01,5,0,4,1,0,5
2509,2021-06-03,1,0,1,0,0,1
2510,2021-06-04,1,0,0,0,0,1
2511,2021-06-05,2,0,1,0,0,2
2512,2021-06-07,1,0,1,0,0,1
2513,2021-06-08,7,0,0,0,2,7
2514,2021-06-09,1,0,0,0,0,1
2515,2021-06-10,1,0,2,0,0,1
2516,2021-06-11,1,0,0,2,1,1
2517,2021-06-13,1,0,0,0,1,1
2518,2021-06-14,5,0,0,0,0,5
2519,2021-06-15,3,0,0,0,0,3
2520,2021-06-16,0,0,0,2,0,0
2521,2021-06-17,1,0,0,0,0,1
2522,2021-06-18,2,0,1,1,1,2
2523,2021-06-19,1,0,2,1,0,1
2524,2021-06-21,1,0,0,0,0,1
2525,2021-06-22,2,0,3,0,1,2
2526,2021-06-23,2,0,0,0,0,2
2527,2021-06-24,1,0,0,0,0,1
2528,2021-06-25,1,0,0,0,0,1
2529,2021-06-26,3,0,0,2,2,3
2530,2021-06-27,2,0,0,0,0,2
2531,2021-06-28,3,0,0,0,1,3
2532,2021-06-29,6,0,1,0,1,6
2533,2021-06-30,0,0,3,1,0,0
2534,2021-07-01,3,0,0,0,0,3
2535,2021-07-02,0,0,1,0,0,0
2536,2021-07-03,2,0,0,0,1,2
2537,2021-07-05,0,0,4,0,0,0
2538,2021-07-06,6,0,1,0,2,6
2539,2021-07-07,1,0,1,0,0,1
2540,2021-07-08,4,0,1,1,1,4
2541,2021-07-09,2,0,0,0,0,2
2542,2021-07-10,2,0,0,2,1,2
2543,2021-07-11,1,0,0,0,0,1
2544,2021-07-12,1,0,0,0,0,1
2545,2021-07-13,3,0,0,0,0,3
2546,2021-07-14,2,0,0,1,0,2
2547,2021-07-16,0,0,0,1,0,0
2548,2021-07-17,1,0,0,2,0,1
2549,2021-07-18,0,0,1,0,0,0
2550,2021-07-19,4,0,0,0,2,4
2551,2021-07-20,2,0,0,0,0,2
2552,2021-07-21,1,0,0,1,0,1
2553,2021-07-22,1,0,0,0,0,1
2554,2021-07-23,0,0,1,0,0,0
2555,2021-07-24,2,0,0,0,0,2
2556,2021-07-25,0,0,11,0,0,0
2557,2021-07-26,6,0,0,0,0,6
2558,2021-07-27,2,0,1,0,0,2
2559,2021-07-28,1,0,0,0,0,1
2560,2021-07-29,2,0,1,0,0,2
2561,2021-07-30,5,0,1,1,0,5
2562,2021-08-01,0,0,1,0,0,0
2563,2021-08-02,0,0,1,0,0,0
2564,2021-08-03,7,0,1,0,0,7
2565,2021-08-04,1,0,0,0,1,1
2566,2021-08-05,1,0,0,9,1,1
2567,2021-08-06,2,0,0,1,0,2
2568,2021-08-07,4,0,1,0,0,4
2569,2021-08-08,2,0,0,0,0,2
2570,2021-08-09,1,0,0,0,0,1
2571,2021-08-10,2,0,2,1,0,2
2572,2021-08-11,2,0,0,0,0,2
2573,2021-08-12,3,0,0,1,0,3
2574,2021-08-13,2,0,0,0,0,2
2575,2021-08-14,3,0,0,0,0,3
2576,2021-08-15,1,0,0,0,0,1
2577,2021-08-16,2,0,0,0,0,2
2578,2021-08-17,3,0,2,0,2,3
2579,2021-08-18,1,0,1,1,2,1
2580,2021-08-19,5,0,1,0,0,5
2581,2021-08-21,2,0,0,0,0,2
2582,2021-08-24,8,0,0,0,0,8
2583,2021-08-25,3,0,0,0,2,3
2584,2021-08-26,1,0,1,1,0,1
2585,2021-08-27,1,0,0,0,0,1
2586,2021-08-28,3,0,1,0,0,3
2587,2021-08-29,2,0,0,0,2,2
2588,2021-08-30,3,0,0,0,1,3
2589,2021-08-31,5,0,0,0,0,5
2590,2021-09-01,2,0,0,0,0,2
2591,2021-09-03,2,0,1,0,0,2
2592,2021-09-04,2,0,0,0,1,2
2593,2021-09-05,1,0,0,0,1,1
2594,2021-09-07,3,0,0,0,2,3
2595,2021-09-08,3,0,0,0,0,3
2596,2021-09-09,2,0,6,0,1,2
2597,2021-09-10,3,0,1,0,0,3
2598,2021-09-11,1,0,1,0,0,1
2599,2021-09-12,0,0,1,0,0,0
2600,2021-09-13,3,0,1,0,0,3
2601,2021-09-14,2,0,0,0,0,2
2602,2021-09-15,3,0,1,0,1,3
2603,2021-09-16,2,0,0,0,1,2
2604,2021-09-18,2,0,0,0,0,2
2605,2021-09-19,1,0,0,0,0,1
2606,2021-09-20,3,0,0,0,1,3
2607,2021-09-21,3,0,1,0,0,3
2608,2021-09-22,3,0,0,0,0,3
2609,2021-09-23,7,0,0,0,0,7
2610,2021-09-24,1,0,2,0,0,1
2611,2021-09-25,1,0,0,0,0,1
2612,2021-09-26,1,0,0,0,0,1
2613,2021-09-28,1,0,0,0,1,1
2614,2021-09-29,2,0,1,0,0,2
2615,2021-09-30,3,0,1,0,0,3
2616,2021-10-01,2,0,0,1,0,2
2617,2021-10-02,2,0,0,1,0,2
2618,2021-10-04,5,0,1,0,3,5
2619,2021-10-05,6,0,3,0,2,6
2620,2021-10-06,3,0,0,3,2,3
2621,2021-10-07,2,0,0,0,1,2
2622,2021-10-08,2,0,0,0,1,2
2623,2021-10-09,0,0,0,1,0,0
2624,2021-10-11,3,0,0,0,1,3
2625,2021-10-12,4,0,0,0,1,4
2626,2021-10-13,2,0,0,0,1,2
2627,2021-10-14,2,0,0,0,0,2
2628,2021-10-15,2,0,0,1,0,2
2629,2021-10-16,3,0,1,0,0,3
2630,2021-10-17,0,0,1,0,0,0
2631,2021-10-18,7,0,0,0,1,7
2632,2021-10-20,3,0,0,0,0,3
2633,2021-10-21,1,0,0,0,0,1
2634,2021-10-22,1,0,0,0,1,1
2635,2021-10-23,1,0,0,0,0,1
2636,2021-10-25,4,0,0,0,0,4
2637,2021-10-26,4,0,3,1,2,4
2638,2021-10-27,0,0,1,0,0,0
2639,2021-10-28,3,0,0,0,0,3
2640,2021-10-29,3,0,0,0,0,3
2641,2021-10-30,2,0,1,0,1,2
2642,2021-10-31,1,0,0,0,0,1
2643,2021-11-01,3,0,0,0,0,3
2644,2021-11-02,3,0,0,0,0,3
2645,2021-11-03,2,0,1,1,1,2
2646,2021-11-04,3,0,2,0,2,3
2647,2021-11-05,3,0,0,0,0,3
2648,2021-11-06,2,0,0,0,0,2
2649,2021-11-07,4,0,0,0,0,4
2650,2021-11-08,2,0,4,0,0,2
2651,2021-11-09,3,0,0,1,1,3
2652,2021-11-10,3,0,0,1,0,3
2653,2021-11-12,4,0,2,0,1,4
2654,2021-11-13,2,0,0,0,0,2
2655,2021-11-14,1,0,0,1,1,1
2656,2021-11-16,4,0,1,1,2,4
2657,2021-11-19,3,0,0,0,0,3
2658,2021-11-20,0,0,0,1,0,0
2659,2021-11-21,1,0,1,1,2,1
2660,2021-11-22,2,0,1,0,1,2
2661,2021-11-23,0,0,1,0,0,0
2662,2021-11-24,2,0,0,0,0,2
2663,2021-11-27,5,0,0,1,2,5
2664,2021-11-28,1,0,0,0,0,1
2665,2021-11-29,3,0,0,0,1,3
2666,2021-12-01,2,0,0,0,1,2
2667,2021-12-03,1,0,0,0,1,1
2668,2021-12-05,1,0,1,1,0,1
2669,2021-12-06,1,0,0,0,0,1
2670,2021-12-07,0,0,0,1,1,0
2671,2021-12-08,3,0,0,0,1,3
2672,2021-12-09,2,0,2,1,0,2
2673,2021-12-10,0,0,1,0,0,0
2674,2021-12-11,2,0,0,2,2,2
2675,2021-12-14,2,0,0,2,1,2
2676,2021-12-16,2,0,1,1,0,2
2677,2021-12-17,3,0,0,0,1,3
2678,2021-12-18,3,0,0,1,1,3
2679,2021-12-19,2,0,1,0,0,2
2680,2021-12-20,2,0,1,0,1,2
2681,2021-12-21,2,0,0,1,0,2
2682,2021-12-22,4,0,1,0,2,4
2683,2021-12-23,2,0,0,1,0,2
2684,2021-12-25,9,0,0,0,3,9
2685,2021-12-27,0,0,1,0,0,0
2686,2021-12-28,4,0,0,0,1,4
2687,2021-12-29,6,0,2,0,2,6
2688,2021-12-30,2,0,0,0,1,2
2689,2021-12-31,4,0,0,0,0,4
2690,2022-01-01,3,0,1,0,1,3
2691,2022-01-02,2,0,2,0,0,2
2692,2022-01-03,14,0,0,0,9,14
2693,2022-01-04,3,0,0,0,0,3
2694,2022-01-05,3,0,1,0,0,3
2695,2022-01-06,1,0,0,0,0,1
2696,2022-01-07,5,0,0,0,4,5
2697,2022-01-08,0,0,2,0,1,0
2698,2022-01-09,0,0,1,0,0,0
2699,2022-01-10,5,0,0,0,1,5
2700,2022-01-11,0,0,2,1,0,0
2701,2022-01-12,4,0,0,0,1,4
2702,2022-01-13,4,0,1,0,2,4
2703,2022-01-14,2,0,0,0,0,2
2704,2022-01-15,5,0,0,2,3,5
2705,2022-01-18,2,0,0,0,1,2
2706,2022-01-19,3,0,0,1,2,3
2707,2022-01-20,4,0,0,0,2,4
2708,2022-01-21,2,0,2,0,0,2
2709,2022-01-22,4,0,0,0,1,4
2710,2022-01-23,2,0,0,0,1,2
2711,2022-01-24,8,0,1,0,7,8
2712,2022-01-25,2,0,3,0,1,2
2713,2022-01-26,2,0,4,2,1,2
2714,2022-01-27,3,0,0,0,2,3
2715,2022-01-28,3,0,0,0,1,3
2716,2022-01-29,1,0,0,0,1,1
2717,2022-01-30,0,0,1,0,0,0
2718,2022-02-01,2,0,0,0,0,2
2719,2022-02-02,2,0,0,0,0,2
2720,2022-02-03,4,0,0,0,2,4
2721,2022-02-04,1,0,1,0,1,1
2722,2022-02-05,1,0,0,0,0,1
2723,2022-02-07,2,0,0,0,0,2
2724,2022-02-08,1,0,0,0,0,1
2725,2022-02-09,2,0,0,0,0,2
2726,2022-02-10,3,0,0,2,0,3
2727,2022-02-12,3,0,0,0,0,3
2728,2022-02-14,2,0,0,0,2,2
2729,2022-02-15,2,0,0,1,1,2
2730,2022-02-17,3,0,1,0,0,3
2731,2022-02-18,1,0,0,0,0,1
2732,2022-02-19,2,0,0,1,1,2
2733,2022-02-20,0,0,1,0,1,0
2734,2022-02-21,1,0,0,0,0,1
2735,2022-02-22,6,0,0,0,1,6
2736,2022-02-23,3,0,2,10,10,3
2737,2022-02-24,11,0,0,3,10,11
2738,2022-02-25,3,0,1,0,1,3
2739,2022-02-26,3,0,0,2,4,3
2740,2022-02-28,1,0,2,0,1,1
2741,2022-03-01,5,0,1,0,2,5
2742,2022-03-02,1,0,1,0,0,1
2743,2022-03-03,2,0,0,0,1,2
2744,2022-03-04,1,0,0,0,0,1
2745,2022-03-05,0,0,0,1,1,0
2746,2022-03-07,1,0,2,0,0,1
2747,2022-03-08,2,0,1,1,1,2
2748,2022-03-09,5,0,0,2,4,5
2749,2022-03-10,0,0,1,0,0,0
2750,2022-03-11,3,0,0,0,0,3
2751,2022-03-12,3,0,3,0,3,3
2752,2022-03-14,1,0,0,0,0,1
2753,2022-03-15,3,0,0,0,0,3
2754,2022-03-16,1,0,1,0,0,1
2755,2022-03-17,1,0,2,0,0,1
2756,2022-03-18,1,0,0,0,0,1
2757,2022-03-19,2,0,0,0,0,2
2758,2022-03-20,1,0,0,0,1,1
2759,2022-03-21,2,0,0,0,0,2
2760,2022-03-22,2,0,1,1,1,2
2761,2022-03-23,1,0,1,0,2,1
2762,2022-03-24,8,0,0,0,0,8
2763,2022-03-25,4,0,0,0,0,4
2764,2022-03-26,2,0,2,0,0,2
2765,2022-03-27,0,0,2,0,0,0
2766,2022-03-28,5,0,0,0,1,5
2767,2022-03-29,1,0,0,0,0,1
2768,2022-03-30,2,0,1,0,1,2
2769,2022-04-01,1,0,0,1,1,1
2770,2022-04-02,2,0,2,0,1,2
2771,2022-04-03,0,0,3,0,0,0
2772,2022-04-04,5,0,0,0,0,5
2773,2022-04-05,6,0,0,1,4,6
2774,2022-04-06,2,0,0,2,2,2
2775,2022-04-07,3,0,0,0,3,3
2776,2022-04-08,1,0,0,0,1,1
2777,2022-04-09,3,0,0,0,0,3
2778,2022-04-10,0,0,2,0,0,0
2779,2022-04-11,6,0,3,0,0,6
2780,2022-04-12,2,0,4,2,2,2
2781,2022-04-13,2,0,0,0,1,2
2782,2022-04-14,7,0,0,0,4,7
2783,2022-04-15,2,0,1,2,3,2
2784,2022-04-16,1,0,0,0,0,1
2785,2022-04-19,1,0,1,0,0,1
2786,2022-04-20,1,0,2,2,1,1
2787,2022-04-21,5,0,0,0,2,5
2788,2022-04-22,3,0,1,0,0,3
2789,2022-04-23,4,0,0,0,1,4
2790,2022-04-24,0,0,0,1,0,0
2791,2022-04-25,6,0,0,0,2,6
2792,2022-04-26,3,0,1,0,2,3
2793,2022-04-27,1,0,6,3,8,1
2794,2022-04-28,0,0,15,0,13,0
2795,2022-04-29,4,0,0,1,0,4
2796,2022-04-30,2,0,0,0,0,2
2797,2022-05-02,1,0,2,0,3,1
2798,2022-05-03,3,0,1,3,2,3
2799,2022-05-04,2,0,4,0,0,2
2800,2022-05-05,2,0,0,0,0,2
2801,2022-05-06,1,0,1,0,0,1
2802,2022-05-07,1,0,1,0,0,1
2803,2022-05-08,2,0,0,0,0,2
2804,2022-05-10,1,0,0,0,0,1
2805,2022-05-11,2,0,0,0,0,2
2806,2022-05-13,2,0,1,0,0,2
2807,2022-05-14,1,0,0,0,0,1
2808,2022-05-15,0,0,2,0,0,0
2809,2022-05-16,1,0,0,0,0,1
2810,2022-05-17,1,0,0,0,0,1
2811,2022-05-18,3,0,0,1,0,3
2812,2022-05-21,3,0,0,0,0,3
2813,2022-05-22,0,0,1,0,0,0
2814,2022-05-23,2,0,1,0,0,2
2815,2022-05-24,5,0,2,0,1,5
2816,2022-05-25,1,0,1,0,0,1
2817,2022-05-26,1,0,1,1,1,1
2818,2022-05-27,2,0,0,0,0,2
2819,2022-05-28,2,0,0,0,1,2
2820,2022-05-29,2,0,0,0,0,2
2821,2022-05-31,3,0,0,2,1,3
2822,2022-06-01,2,0,0,1,1,2
2823,2022-06-02,2,0,0,0,0,2
2824,2022-06-03,1,0,0,0,0,1
2825,2022-06-04,0,0,4,2,0,0
2826,2022-06-06,1,0,0,0,0,1
2827,2022-06-07,2,0,2,0,1,2
2828,2022-06-08,2,0,0,0,0,2
2829,2022-06-09,4,0,1,0,1,4
2830,2022-06-10,2,0,1,0,1,2
2831,2022-06-11,3,0,0,0,0,3
2832,2022-06-12,3,0,0,0,0,3
2833,2022-06-13,0,0,1,0,1,0
2834,2022-06-15,3,0,1,0,0,3
2835,2022-06-16,1,0,0,0,0,1
2836,2022-06-17,1,0,1,0,0,1
2837,2022-06-18,4,0,0,0,0,4
2838,2022-06-20,3,0,0,0,0,3
2839,2022-06-21,2,0,1,0,2,2
2840,2022-06-22,3,0,2,0,2,3
2841,2022-06-23,4,0,0,4,5,4
2842,2022-06-24,6,0,0,1,1,6
2843,2022-06-25,3,0,0,0,0,3
2844,2022-06-26,1,0,0,0,0,1
2845,2022-06-27,2,0,0,0,0,2
2846,2022-06-28,8,0,0,2,4,8
2847,2022-06-29,2,0,1,0,0,2
2848,2022-06-30,4,0,1,0,0,4
2849,2022-07-01,5,0,0,0,1,5
2850,2022-07-02,1,0,0,0,0,1
2851,2022-07-03,1,0,5,0,0,1
2852,2022-07-04,2,0,0,0,0,2
2853,2022-07-05,5,0,1,1,2,5
2854,2022-07-06,6,0,1,3,1,6
2855,2022-07-07,0,0,0,1,1,0
2856,2022-07-08,1,0,0,2,0,1
2857,2022-07-09,0,0,0,1,0,0
2858,2022-07-11,3,0,0,0,0,3
2859,2022-07-12,6,0,2,0,0,6
2860,2022-07-13,3,0,2,0,0,3
2861,2022-07-14,1,0,0,0,0,1
2862,2022-07-15,1,0,0,1,0,1
2863,2022-07-16,3,0,0,0,0,3
2864,2022-07-18,2,0,0,0,0,2
2865,2022-07-19,3,0,0,1,1,3
2866,2022-07-20,1,0,0,1,1,1
2867,2022-07-21,1,0,0,0,0,1
2868,2022-07-22,4,0,2,0,0,4
2869,2022-07-23,3,0,0,0,0,3
2870,2022-07-24,0,0,1,0,0,0
2871,2022-07-25,2,0,2,0,1,2
2872,2022-07-26,5,0,1,0,2,5
2873,2022-07-27,2,0,0,0,0,2
2874,2022-07-28,2,0,0,1,1,2
2875,2022-07-29,1,0,0,0,0,1
2876,2022-07-30,2,0,0,0,0,2
2877,2022-07-31,2,0,0,0,0,2
2878,2022-08-01,0,0,1,0,0,0
2879,2022-08-02,5,0,0,0,1,5
2880,2022-08-03,2,0,1,0,0,2
2881,2022-08-04,1,0,1,0,0,1
2882,2022-08-05,2,0,1,0,0,2
2883,2022-08-06,2,0,1,0,0,2
2884,2022-08-07,1,0,0,0,0,1
2885,2022-08-08,0,0,1,7,6,0
2886,2022-08-09,4,0,0,0,0,4
2887,2022-08-10,3,0,2,0,0,3
2888,2022-08-11,0,0,8,0,0,0
2889,2022-08-12,1,0,1,0,0,1
2890,2022-08-13,0,0,1,0,0,0
2891,2022-08-16,1,0,2,0,0,1
2892,2022-08-17,1,0,0,0,0,1
2893,2022-08-18,5,0,0,0,0,5
2894,2022-08-19,2,0,0,0,1,2
2895,2022-08-20,5,0,1,0,1,5
2896,2022-08-21,1,0,1,0,0,1
2897,2022-08-22,2,0,0,0,0,2
2898,2022-08-23,4,0,1,0,2,4
2899,2022-08-24,1,0,1,0,0,1
2900,2022-08-25,2,0,0,0,0,2
2901,2022-08-26,8,0,2,0,1,8
2902,2022-08-27,1,0,2,0,0,1
2903,2022-08-28,0,0,2,0,0,0
2904,2022-08-29,0,0,0,1,0,0
2905,2022-08-30,3,0,1,2,1,3
2906,2022-08-31,4,0,0,0,1,4
2907,2022-09-01,1,0,0,1,0,1
2908,2022-09-02,6,0,0,2,0,6
2909,2022-09-06,3,0,1,0,0,3
2910,2022-09-07,2,0,0,0,0,2
2911,2022-09-08,0,0,1,0,0,0
2912,2022-09-09,1,0,1,0,0,1
2913,2022-09-10,2,0,4,0,0,2
2914,2022-09-11,0,0,1,0,0,0
2915,2022-09-12,1,0,1,0,0,1
2916,2022-09-13,3,0,0,1,1,3
2917,2022-09-14,2,0,3,0,0,2
2918,2022-09-15,3,0,1,0,3,3
2919,2022-09-16,2,0,0,0,0,2
2920,2022-09-17,3,0,0,0,0,3
2921,2022-09-19,3,0,0,0,0,3
2922,2022-09-20,3,0,0,0,0,3
2923,2022-09-21,3,0,0,0,0,3
2924,2022-09-23,6,0,0,0,0,6
2925,2022-09-24,3,0,0,0,0,3
2926,2022-09-25,1,0,0,0,0,1
2927,2022-09-26,4,0,0,0,0,4
2928,2022-09-27,4,0,4,0,1,4
2929,2022-09-28,1,0,0,0,1,1
2930,2022-09-29,5,0,1,0,2,5
2931,2022-09-30,2,0,1,0,0,2
2932,2022-10-01,4,0,0,2,0,4
2933,2022-10-04,7,0,0,0,0,7
2934,2022-10-05,3,0,0,0,0,3
2935,2022-10-06,3,0,0,0,0,3
2936,2022-10-07,1,0,0,1,0,1
2937,2022-10-08,1,0,0,0,0,1
2938,2022-10-10,3,0,2,0,0,3
2939,2022-10-11,4,0,1,1,1,4
2940,2022-10-12,3,0,2,0,0,3
2941,2022-10-13,2,0,1,1,0,2
2942,2022-10-14,3,0,0,0,0,3
2943,2022-10-15,5,0,1,0,1,5
2944,2022-10-17,3,0,3,0,0,3
2945,2022-10-18,4,0,0,0,0,4
2946,2022-10-20,1,0,0,0,0,1
2947,2022-10-21,2,0,0,0,0,2
2948,2022-10-22,5,0,0,2,0,5
2949,2022-10-23,0,0,3,0,2,0
2950,2022-10-24,2,0,0,0,0,2
2951,2022-10-25,3,0,0,1,0,3
2952,2022-10-26,2,0,0,0,0,2
2953,2022-10-27,1,0,1,0,0,1
2954,2022-10-28,2,0,1,0,0,2
2955,2022-10-29,1,0,0,0,0,1
2956,2022-11-01,2,0,0,0,0,2
2957,2022-11-02,4,0,0,0,1,4
2958,2022-11-03,4,0,0,0,0,4
2959,2022-11-04,1,0,0,0,0,1
2960,2022-11-05,2,0,0,1,0,2
2961,2022-11-07,3,0,0,0,0,3
2962,2022-11-08,3,0,0,0,1,3
2963,2022-11-09,4,0,0,0,1,4
2964,2022-11-10,0,0,0,1,0,0
2965,2022-11-12,4,0,0,1,2,4
2966,2022-11-14,3,0,0,0,0,3
2967,2022-11-15,7,0,0,0,2,7
2968,2022-11-16,3,0,0,0,0,3
2969,2022-11-17,6,0,1,0,2,6
2970,2022-11-18,5,0,0,1,0,5
2971,2022-11-19,1,0,1,0,1,1
2972,2022-11-20,0,0,1,0,0,0
2973,2022-11-21,2,0,0,0,0,2
2974,2022-11-22,2,0,0,0,0,2
2975,2022-11-23,2,0,2,0,1,2
2976,2022-11-25,0,0,1,0,0,0
2977,2022-11-26,2,0,0,1,2,2
2978,2022-11-28,6,0,0,0,0,6
2979,2022-11-29,4,0,0,0,1,4
2980,2022-11-30,1,0,0,1,0,1
2981,2022-12-01,3,0,0,1,0,3
2982,2022-12-02,2,0,0,0,1,2
2983,2022-12-03,3,0,0,0,2,3
2984,2022-12-05,2,0,0,0,2,2
2985,2022-12-06,8,0,0,0,0,8
2986,2022-12-07,3,0,1,0,0,3
2987,2022-12-08,2,0,0,1,0,2
2988,2022-12-09,3,0,1,0,0,3
2989,2022-12-10,1,0,0,0,0,1
2990,2022-12-12,9,0,2,0,2,9
2991,2022-12-13,3,0,0,0,0,3
2992,2022-12-14,0,0,2,0,0,0
2993,2022-12-15,4,0,0,1,0,4
2994,2022-12-16,6,0,0,0,0,6
2995,2022-12-17,3,0,0,0,1,3
2996,2022-12-19,2,0,0,0,0,2
2997,2022-12-20,4,0,1,1,1,4
2998,2022-12-21,6,0,0,2,2,6
2999,2022-12-22,2,0,0,0,1,2
3000,2022-12-23,1,0,0,0,0,1
3001,2022-12-24,2,0,0,0,0,2
3002,2022-12-26,1,0,0,0,0,1
3003,2022-12-27,6,0,1,1,1,6
3004,2022-12-28,6,0,1,1,0,6
3005,2022-12-29,3,0,0,0,0,3
3006,2022-12-30,1,0,0,0,1,1
3007,2022-12-31,4,0,0,0,0,4
3008,2023-01-01,1,0,3,0,0,1
3009,2023-01-02,1,0,0,0,0,1
3010,2023-01-03,2,0,0,2,0,2
3011,2023-01-05,3,0,0,0,1,3
3012,2023-01-06,6,0,0,0,2,6
3013,2023-01-07,1,0,0,1,0,1
3014,2023-01-08,1,0,0,1,0,1
3015,2023-01-09,6,0,1,0,6,6
3016,2023-01-10,3,0,5,0,0,3
3017,2023-01-11,7,0,2,0,1,7
3018,2023-01-12,7,0,1,0,0,7
3019,2023-01-13,6,0,1,0,1,6
3020,2023-01-14,5,0,0,0,1,5
3021,2023-01-17,5,0,1,1,0,5
3022,2023-01-18,1,0,0,1,0,1
3023,2023-01-19,5,0,1,0,0,5
3024,2023-01-20,4,0,0,0,0,4
3025,2023-01-21,5,0,1,0,0,5
3026,2023-01-22,2,0,0,0,0,2
3027,2023-01-23,0,0,1,0,0,0
3028,2023-01-24,3,0,1,0,3,3
3029,2023-01-25,5,0,1,0,0,5
3030,2023-01-26,1,0,0,1,0,1
3031,2023-01-27,4,0,0,0,1,4
3032,2023-01-28,4,0,0,2,1,4
3033,2023-01-29,0,0,2,0,0,0
3034,2023-01-30,3,0,0,0,0,3
3035,2023-01-31,7,0,0,0,0,7
3036,2023-02-01,2,0,0,0,1,2
3037,2023-02-02,1,0,0,2,1,1
3038,2023-02-03,11,0,0,0,1,11
3039,2023-02-04,5,0,0,0,1,5
3040,2023-02-06,3,0,1,0,1,3
3041,2023-02-07,6,0,0,0,0,6
3042,2023-02-08,1,0,0,4,2,1
3043,2023-02-09,0,0,0,1,0,0
3044,2023-02-10,2,0,0,1,0,2
3045,2023-02-11,0,0,1,1,0,0
3046,2023-02-14,3,0,0,0,1,3
3047,2023-02-15,3,0,4,0,0,3
3048,2023-02-16,0,0,1,0,0,0
3049,2023-02-17,1,0,3,0,0,1
3050,2023-02-18,2,0,0,0,1,2
3051,2023-02-19,2,0,0,0,0,2
3052,2023-02-20,1,0,0,0,0,1
3053,2023-02-21,5,0,0,0,0,5
3054,2023-02-22,1,0,0,0,0,1
3055,2023-02-23,2,0,0,1,0,2
3056,2023-02-25,2,0,1,0,0,2
3057,2023-02-28,7,0,2,1,1,7
3058,2023-03-01,3,0,1,0,1,3
3059,2023-03-02,2,0,0,0,0,2
3060,2023-03-03,3,0,0,2,1,3
3061,2023-03-04,4,0,0,1,0,4
3062,2023-03-06,8,0,0,1,2,8
3063,2023-03-07,8,0,0,1,1,8
3064,2023-03-08,4,0,0,0,1,4
3065,2023-03-09,2,0,1,0,0,2
3066,2023-03-10,2,0,0,0,1,2
3067,2023-03-11,5,0,0,1,3,5
3068,2023-03-13,3,0,0,0,1,3
3069,2023-03-14,3,0,0,0,1,3
3070,2023-03-15,4,0,0,1,0,4
3071,2023-03-16,3,0,0,0,1,3
3072,2023-03-17,1,0,1,0,0,1
3073,2023-03-18,5,0,0,1,1,5
3074,2023-03-19,1,0,0,0,0,1
3075,2023-03-20,1,0,3,0,0,1
3076,2023-03-21,1,0,0,1,0,1
3077,2023-03-22,1,0,1,0,0,1
3078,2023-03-23,4,0,1,2,0,4
3079,2023-03-24,5,0,1,1,3,5
3080,2023-03-25,1,0,0,8,8,1
3081,2023-03-26,1,0,1,2,0,1
3082,2023-03-27,3,0,0,0,0,3
3083,2023-03-28,1,0,0,0,1,1
3084,2023-03-30,6,0,3,0,2,6
3085,2023-03-31,1,0,1,0,0,1
3086,2023-04-01,8,0,0,0,1,8
3087,2023-04-02,1,0,2,0,1,1
3088,2023-04-03,9,0,0,0,3,9
3089,2023-04-04,5,0,1,0,0,5
3090,2023-04-05,2,0,3,0,0,2
3091,2023-04-06,7,0,0,0,1,7
3092,2023-04-07,3,0,0,0,0,3
3093,2023-04-08,2,0,0,1,0,2
3094,2023-04-09,0,0,1,0,0,0
3095,2023-04-10,1,0,1,0,1,1
3096,2023-04-11,3,0,0,0,1,3
3097,2023-04-13,6,0,0,0,0,6
3098,2023-04-14,1,0,0,0,0,1
3099,2023-04-15,3,0,0,1,1,3
3100,2023-04-16,1,0,0,0,0,1
3101,2023-04-17,5,0,0,0,0,5
3102,2023-04-18,5,0,0,1,1,5
3103,2023-04-19,1,0,0,0,0,1
3104,2023-04-20,3,0,2,0,1,3
3105,2023-04-21,4,0,1,1,1,4
3106,2023-04-22,6,0,1,0,1,6
3107,2023-04-24,3,0,1,0,0,3
3108,2023-04-25,7,0,0,0,2,7
3109,2023-04-26,1,0,0,0,0,1
3110,2023-04-27,1,0,0,0,0,1
3111,2023-04-28,2,0,1,0,0,2
3112,2023-04-29,0,0,0,1,0,0
3113,2023-05-01,2,0,0,0,0,2
3114,2023-05-02,5,0,3,2,1,5
3115,2023-05-03,3,0,0,0,1,3
3116,2023-05-04,4,0,0,0,2,4
3117,2023-05-05,8,0,0,0,3,8
3118,2023-05-06,3,0,0,0,0,3
3119,2023-05-08,3,0,0,0,0,3
3120,2023-05-09,4,0,0,0,1,4
3121,2023-05-10,6,0,0,0,0,6
3122,2023-05-11,3,0,2,0,0,3
3123,2023-05-12,1,0,3,0,5,1
3124,2023-05-13,4,0,0,0,1,4
3125,2023-05-15,1,0,1,0,0,1
3126,2023-05-16,2,0,1,0,0,2
3127,2023-05-18,10,0,0,0,4,10
3128,2023-05-19,3,0,0,0,0,3
3129,2023-05-20,6,0,0,1,3,6
3130,2023-05-21,1,0,2,0,0,1
3131,2023-05-22,4,0,0,0,1,4
3132,2023-05-23,2,0,0,0,0,2
3133,2023-05-24,2,0,1,0,0,2
3134,2023-05-25,3,0,1,0,0,3
3135,2023-05-26,2,0,9,0,3,2
3136,2023-05-27,5,0,0,0,0,5
3137,2023-05-30,5,0,1,0,0,5
3138,2023-05-31,4,0,0,1,2,4
3139,2023-06-01,3,0,0,0,2,3
3140,2023-06-02,4,0,1,0,1,4
3141,2023-06-03,1,0,0,0,1,1
3142,2023-06-05,4,0,2,0,1,4
3143,2023-06-06,4,0,2,0,0,4
3144,2023-06-07,3,0,0,1,0,3
3145,2023-06-08,5,0,2,0,3,5
3146,2023-06-09,3,0,1,0,0,3
3147,2023-06-10,1,0,0,1,0,1
3148,2023-06-11,0,0,1,0,0,0
3149,2023-06-12,1,0,0,0,0,1
3150,2023-06-13,3,0,0,0,1,3
3151,2023-06-14,7,0,1,0,0,7
3152,2023-06-15,1,0,0,0,0,1
3153,2023-06-16,9,0,0,0,8,9
3154,2023-06-17,2,0,2,0,0,2
3155,2023-06-19,3,0,0,0,0,3
3156,2023-06-20,5,0,5,0,2,5
3157,2023-06-21,3,0,0,0,0,3
3158,2023-06-22,5,0,0,0,1,5
3159,2023-06-23,5,0,0,0,1,5
3160,2023-06-24,2,0,1,1,0,2
3161,2023-06-26,3,0,0,0,1,3
3162,2023-06-27,1,0,1,0,0,1
3163,2023-06-28,1,0,1,0,1,1
3164,2023-06-29,7,0,0,0,0,7
3165,2023-06-30,0,0,2,0,0,0
3166,2023-07-01,2,0,3,0,1,2
3167,2023-07-02,3,0,0,0,0,3
3168,2023-07-03,3,0,0,0,0,3
3169,2023-07-04,2,0,0,0,0,2
3170,2023-07-05,10,0,0,0,2,10
3171,2023-07-06,4,0,0,1,0,4
3172,2023-07-07,0,0,1,0,0,0
3173,2023-07-08,2,0,0,0,0,2
3174,2023-07-09,0,0,2,0,0,0
3175,2023-07-10,2,0,1,1,0,2
3176,2023-07-11,2,0,1,0,0,2
3177,2023-07-12,7,0,0,7,5,7
3178,2023-07-13,1,0,1,0,0,1
3179,2023-07-14,1,0,3,5,0,1
3180,2023-07-15,1,0,1,0,0,1
3181,2023-07-16,2,0,0,0,0,2
3182,2023-07-17,3,0,1,0,1,3
3183,2023-07-18,2,0,0,0,0,2
3184,2023-07-19,5,0,0,0,0,5
3185,2023-07-21,2,0,0,0,0,2
3186,2023-07-22,2,0,1,1,1,2
3187,2023-07-23,0,0,2,0,0,0
3188,2023-07-24,2,0,0,0,0,2
3189,2023-07-25,3,0,1,0,0,3
3190,2023-07-26,2,0,4,0,0,2
3191,2023-07-27,16,0,0,0,2,16
3192,2023-07-28,2,0,0,0,0,2
3193,2023-07-29,3,0,0,0,0,3
3194,2023-08-01,2,0,0,0,0,2
3195,2023-08-02,4,0,1,0,0,4
3196,2023-08-03,2,0,0,0,0,2
3197,2023-08-04,3,0,0,0,0,3
3198,2023-08-05,1,0,0,0,0,1
3199,2023-08-06,1,0,1,0,0,1
3200,2023-08-07,4,0,0,0,1,4
3201,2023-08-08,4,0,0,0,0,4
3202,2023-08-09,4,0,1,0,0,4
3203,2023-08-10,0,0,4,0,0,0
3204,2023-08-11,2,0,2,0,0,2
3205,2023-08-12,1,0,0,0,0,1
3206,2023-08-13,0,0,2,0,0,0
3207,2023-08-14,2,0,0,0,0,2
3208,2023-08-16,3,0,0,0,0,3
3209,2023-08-17,8,0,1,0,2,8
3210,2023-08-18,4,0,0,0,1,4
3211,2023-08-19,2,0,0,0,0,2
3212,2023-08-21,2,0,1,0,0,2
3213,2023-08-22,1,0,0,1,0,1
3214,2023-08-23,1,0,2,0,1,1
3215,2023-08-24,1,0,0,0,0,1
3216,2023-08-25,4,0,0,0,1,4
3217,2023-08-26,3,0,0,1,0,3
3218,2023-08-27,3,0,0,0,0,3
3219,2023-08-28,2,0,0,0,0,2
3220,2023-08-29,7,0,0,1,2,7
3221,2023-08-30,1,0,1,0,0,1
3222,2023-08-31,2,0,1,0,0,2
3223,2023-09-01,4,0,1,0,0,4
3224,2023-09-02,5,0,0,0,0,5
3225,2023-09-03,1,0,0,0,0,1
3226,2023-09-05,5,0,1,1,1,5
3227,2023-09-06,5,0,0,1,2,5
3228,2023-09-07,0,0,1,0,0,0
3229,2023-09-08,1,0,2,1,1,1
3230,2023-09-09,1,0,1,1,0,1
3231,2023-09-10,0,0,3,0,0,0
3232,2023-09-11,2,0,0,0,0,2
3233,2023-09-12,5,0,0,0,0,5
3234,2023-09-13,1,0,1,1,0,1
3235,2023-09-14,7,0,1,2,1,7
3236,2023-09-15,2,0,2,1,1,2
3237,2023-09-16,6,0,0,0,0,6
3238,2023-09-17,1,0,1,0,0,1
3239,2023-09-18,3,0,0,0,0,3
3240,2023-09-19,3,0,0,0,0,3
3241,2023-09-20,2,0,0,1,0,2
3242,2023-09-21,1,0,0,1,0,1
3243,2023-09-22,1,0,0,0,0,1
3244,2023-09-23,4,0,0,0,0,4
3245,2023-09-25,3,0,1,0,0,3
3246,2023-09-26,3,0,3,0,1,3
3247,2023-09-27,1,0,0,0,0,1
3248,2023-09-28,3,0,2,1,0,3
3249,2023-09-29,4,0,1,0,0,4
3250,2023-09-30,1,0,0,0,0,1
3251,2023-10-01,0,0,1,0,0,0
3252,2023-10-02,1,0,0,0,0,1
3253,2023-10-03,2,0,2,1,1,2
3254,2023-10-04,6,0,0,0,1,6
3255,2023-10-05,1,0,0,0,0,1
3256,2023-10-06,4,0,4,0,0,4
3257,2023-10-07,3,0,0,0,0,3
3258,2023-10-08,2,0,1,0,0,2
3259,2023-10-09,2,0,0,0,0,2
3260,2023-10-10,4,0,4,1,3,4
3261,2023-10-11,4,0,4,0,2,4
3262,2023-10-12,6,0,0,0,0,6
3263,2023-10-13,2,0,1,0,0,2
3264,2023-10-14,4,0,4,0,1,4
3265,2023-10-15,2,0,2,0,0,2
3266,2023-10-16,4,0,2,0,0,4
3267,2023-10-17,3,0,1,0,0,3
3268,2023-10-18,3,0,0,1,0,3
3269,2023-10-19,2,0,0,0,2,2
3270,2023-10-20,3,0,0,0,0,3
3271,2023-10-21,2,0,1,1,0,2
3272,2023-10-22,1,0,3,0,0,1
3273,2023-10-23,8,0,0,0,4,8
3274,2023-10-24,2,0,0,0,0,2
3275,2023-10-25,2,0,0,1,0,2
3276,2023-10-26,4,0,0,0,2,4
3277,2023-10-27,5,0,1,0,2,5
3278,2023-10-28,1,0,0,0,0,1
3279,2023-10-29,1,0,0,0,0,1
3280,2023-10-30,2,0,0,0,2,2
3281,2023-10-31,3,0,0,0,0,3
3282,2023-11-01,3,0,0,1,2,3
3283,2023-11-02,5,0,0,0,2,5
3284,2023-11-03,3,0,1,0,3,3
3285,2023-11-04,3,0,0,0,0,3
3286,2023-11-05,4,0,0,0,0,4
3287,2023-11-06,4,0,0,0,0,4
3288,2023-11-07,8,0,1,2,2,8
3289,2023-11-08,6,0,0,0,2,6
3290,2023-11-09,3,0,1,0,1,3
3291,2023-11-11,3,0,0,0,1,3
3292,2023-11-12,2,0,0,0,0,2
3293,2023-11-13,5,0,0,0,2,5
3294,2023-11-14,1,0,1,1,1,1
3295,2023-11-15,3,0,1,0,0,3
3296,2023-11-16,2,0,2,0,0,2
3297,2023-11-17,9,0,2,0,4,9
3298,2023-11-18,0,0,0,1,0,0
3299,2023-11-20,1,0,0,0,0,1
3300,2023-11-21,2,0,32,0,27,2
3301,2023-11-22,0,0,1,0,0,0
3302,2023-11-25,3,0,2,1,1,3
3303,2023-11-26,0,0,1,0,1,0
3304,2023-11-27,3,0,1,0,1,3
3305,2023-11-28,8,0,0,0,0,8
3306,2023-11-29,2,0,1,0,2,2
3307,2023-11-30,2,0,0,1,1,2
3308,2023-12-01,7,0,3,0,7,7
3309,2023-12-02,3,0,1,1,1,3
3310,2023-12-04,7,0,2,0,1,7
3311,2023-12-05,3,0,1,0,1,3
3312,2023-12-06,3,0,0,0,1,3
3313,2023-12-07,8,0,6,0,5,8
3314,2023-12-08,4,0,1,0,2,4
3315,2023-12-09,4,0,1,0,0,4
3316,2023-12-11,3,0,13,0,0,3
3317,2023-12-12,5,0,12,1,0,5
3318,2023-12-13,2,0,0,3,1,2
3319,2023-12-14,4,0,1,0,0,4
3320,2023-12-15,5,0,1,0,1,5
3321,2023-12-16,4,0,0,0,0,4
3322,2023-12-18,2,0,0,0,1,2
3323,2023-12-19,4,0,0,1,0,4
3324,2023-12-20,0,0,4,0,1,0
3325,2023-12-21,3,0,0,0,0,3
3326,2023-12-22,4,0,1,1,1,4
3327,2023-12-23,3,0,0,0,0,3
3328,2023-12-26,4,0,1,0,1,4
3329,2023-12-27,2,0,0,0,0,2
3330,2023-12-28,2,0,0,0,0,2
3331,2023-12-29,2,0,0,0,1,2
3332,2023-12-30,1,0,1,1,0,1
3333,2023-12-31,2,0,0,0,0,2
3334,2024-01-02,4,0,1,0,1,4
3335,2024-01-03,3,0,3,0,0,3
3336,2024-01-04,5,0,0,0,0,5
3337,2024-01-05,6,0,0,0,4,6
3338,2024-01-06,9,0,0,0,0,9
3339,2024-01-07,0,0,1,0,0,0
3340,2024-01-08,4,0,0,0,1,4
3341,2024-01-09,6,0,0,1,1,6
3342,2024-01-10,0,0,2,0,1,0
3343,2024-01-11,4,0,0,0,0,4
3344,2024-01-12,5,0,2,0,1,5
3345,2024-01-13,0,0,1,1,1,0
3346,2024-01-14,2,0,2,0,0,2
3347,2024-01-16,4,0,0,0,0,4
3348,2024-01-17,4,0,0,0,1,4
3349,2024-01-18,3,0,0,0,0,3
3350,2024-01-19,3,0,0,6,2,3
3351,2024-01-20,6,0,1,1,1,6
3352,2024-01-21,2,0,0,0,1,2
3353,2024-01-22,2,0,2,0,1,2
3354,2024-01-23,2,0,2,0,1,2
3355,2024-01-24,4,0,1,0,1,4
3356,2024-01-25,1,0,0,0,0,1
3357,2024-01-26,4,0,0,0,2,4
3358,2024-01-27,5,0,1,0,1,5
3359,2024-01-28,6,0,1,0,3,6
3360,2024-01-29,6,0,0,0,0,6
3361,2024-01-31,2,0,1,0,0,2
3362,2024-02-01,3,0,0,0,0,3
3363,2024-02-02,5,0,0,0,2,5
3364,2024-02-03,3,0,1,0,1,3
3365,2024-02-05,3,0,1,0,0,3
3366,2024-02-06,4,0,1,0,1,4
3367,2024-02-07,4,0,1,0,0,4
3368,2024-02-08,5,0,0,0,2,5
3369,2024-02-09,3,0,2,0,0,3
3370,2024-02-10,7,0,2,0,1,7
3371,2024-02-12,1,0,0,0,0,1
3372,2024-02-13,6,0,0,1,3,6
3373,2024-02-14,7,0,1,0,2,7
3374,2024-02-16,4,0,2,1,0,4
3375,2024-02-17,2,0,0,0,2,2
3376,2024-02-18,2,0,1,0,0,2
3377,2024-02-20,20,0,1,0,9,20
3378,2024-02-21,3,0,4,0,2,3
3379,2024-02-22,2,0,1,1,0,2
3380,2024-02-23,3,0,3,0,2,3
3381,2024-02-24,3,0,1,0,1,3
3382,2024-02-26,1,0,0,0,0,1
3383,2024-02-27,3,0,1,0,0,3
3384,2024-02-28,5,0,0,0,2,5
3385,2024-02-29,3,0,0,1,0,3
3386,2024-03-01,4,0,1,0,2,4
3387,2024-03-04,2,0,0,0,0,2
3388,2024-03-05,3,0,1,0,1,3
3389,2024-03-06,4,0,1,1,1,4
3390,2024-03-07,1,0,2,1,1,1
3391,2024-03-08,4,0,3,0,5,4
3392,2024-03-09,5,0,0,0,1,5
3393,2024-03-12,4,0,0,1,1,4
3394,2024-03-13,23,0,2,1,11,23
3395,2024-03-14,3,0,1,0,1,3
3396,2024-03-15,5,0,0,0,3,5
3397,2024-03-16,2,0,3,0,0,2
3398,2024-03-17,3,0,1,0,0,3
3399,2024-03-18,3,0,3,0,1,3
3400,2024-03-19,6,0,1,2,2,6
3401,2024-03-20,2,0,1,0,1,2
3402,2024-03-21,4,0,0,2,1,4
3403,2024-03-22,3,0,2,1,1,3
3404,2024-03-23,4,0,0,0,0,4
3405,2024-03-24,3,0,2,0,1,3
3406,2024-03-25,2,0,2,0,0,2
3407,2024-03-26,3,0,2,0,0,3
3408,2024-03-27,1,0,1,1,1,1
3409,2024-03-28,3,0,0,2,3,3
3410,2024-03-29,1,0,2,0,0,1
3411,2024-03-30,3,0,1,0,0,3
3412,2024-04-01,2,0,0,0,0,2
3413,2024-04-02,4,0,1,0,1,4
3414,2024-04-03,4,0,2,0,2,4
3415,2024-04-04,3,0,0,0,1,3
3416,2024-04-05,4,0,0,0,0,4
3417,2024-04-06,3,0,0,0,0,3
3418,2024-04-07,4,0,1,0,3,4
3419,2024-04-08,4,0,1,0,2,4
3420,2024-04-09,7,0,3,0,5,7
3421,2024-04-10,3,0,0,0,1,3
3422,2024-04-11,2,0,0,1,1,2
3423,2024-04-12,1,0,0,0,1,1
3424,2024-04-13,4,0,1,1,2,4
3425,2024-04-14,1,0,0,0,0,1
3426,2024-04-15,4,0,0,0,0,4
3427,2024-04-16,7,0,0,0,3,7
3428,2024-04-17,3,0,4,0,1,3
3429,2024-04-18,2,0,0,5,3,2
3430,2024-04-19,4,0,0,0,4,4
3431,2024-04-20,1,0,0,0,0,1
3432,2024-04-21,2,0,0,0,1,2
3433,2024-04-22,2,0,0,1,0,2
3434,2024-04-23,3,0,0,0,2,3
3435,2024-04-24,2,0,1,0,2,2
3436,2024-04-25,4,0,0,0,0,4
3437,2024-04-26,1,0,0,0,1,1
3438,2024-04-27,4,0,0,0,3,4
3439,2024-04-29,6,0,0,0,1,6
3440,2024-04-30,4,0,3,0,3,4
3441,2024-05-01,7,0,0,0,4,7
3442,2024-05-02,1,0,0,0,1,1
3443,2024-05-03,1,0,0,0,0,1
3444,2024-05-04,2,0,0,0,1,2
3445,2024-05-06,2,0,4,0,3,2
3446,2024-05-07,3,0,1,1,3,3
3447,2024-05-08,6,0,14,3,15,6
3448,2024-05-09,4,0,0,0,1,4
3449,2024-05-10,3,0,2,0,2,3
3450,2024-05-11,9,0,0,0,3,9
3451,2024-05-12,0,0,1,0,1,0
3452,2024-05-13,4,0,4,0,6,4
3453,2024-05-14,3,0,2,0,4,3
3454,2024-05-15,3,0,1,1,4,3
